===================================================================================
Test name: super_super_light_async
===================================================================================
[Serial]:		[5.618] ms
[Parallel + Always Spawn]:		[5.986] ms
[Parallel + Thread Pool + Spin]:		[5.941] ms
threadidx 0 wait for work
threadidx 1 wait for work
threadidx 2 wait for work
threadidx 3 wait for work
threadidx 4 wait for work
threadidx 5 wait for work
threadidx 6 wait for work
threadidx 7 wait for work
begin to add new task, new taskId 0, deps[ ]
remainiTask Num is 1
begin to add new task, new taskId 1, deps[ 0 ]
remainiTask Num is 2
begin to add new task, new taskId 2, deps[ 1 ]
remainiTask Num is 3
begin to add new task, new taskId 3, deps[ 2 ]
remainiTask Num is 4
begin to add new task, new taskId 4, deps[ 3 ]
remainiTask Num is 5
begin to add new task, new taskId 5, deps[ 4 ]
remainiTask Num is 6
begin to add new task, new taskId 6, deps[ 5 ]
remainiTask Num is 7
begin to add new task, new taskId 7, deps[ 6 ]
remainiTask Num is 8
begin to add new task, new taskId 8, deps[ 7 ]
remainiTask Num is 9
begin to add new task, new taskId 9, deps[ 8 ]
remainiTask Num is 10
begin to add new task, new taskId 10, deps[ 9 ]
remainiTask Num is 11
begin to add new task, new taskId 11, deps[ 10 ]
remainiTask Num is 12
begin to add new task, new taskId 12, deps[ 11 ]
remainiTask Num is 13
begin to add new task, new taskId 13, deps[ 12 ]
remainiTask Num is 14
begin to add new task, new taskId 14, deps[ 13 ]
remainiTask Num is 15
begin to add new task, new taskId 15, deps[ 14 ]
remainiTask Num is 16
begin to add new task, new taskId 16, deps[ 15 ]
remainiTask Num is 17
begin to add new task, new taskId 17, deps[ 16 ]
remainiTask Num is 18
begin to add new task, new taskId 18, deps[ 17 ]
remainiTask Num is 19
begin to add new task, new taskId 19, deps[ 18 ]
remainiTask Num is 20
begin to add new task, new taskId 20, deps[ 19 ]
remainiTask Num is 21
begin to add new task, new taskId 21, deps[ 20 ]
remainiTask Num is 22
begin to add new task, new taskId 22, deps[ 21 ]
remainiTask Num is 23
begin to add new task, new taskId 23, deps[ 22 ]
remainiTask Num is 24
begin to add new task, new taskId 24, deps[ 23 ]
remainiTask Num is 25
begin to add new task, new taskId 25, deps[ 24 ]
remainiTask Num is 26
begin to add new task, new taskId 26, deps[ 25 ]
remainiTask Num is 27
begin to add new task, new taskId 27, deps[ 26 ]
remainiTask Num is 28
thread idx 0, Get A workFromWaitingQueue, taskId64, num_total_tasks 0 deped_has_not_been_done_num 64
begin to add new task, new taskId 28, deps[ thread idx 7 steal from 0 [0 1)
27 ]
thread idx 7 steal from 0 [8 9)
remainiTask Num is 29
thread idx 7 steal from 0 [16 17)
begin to add new task, new taskId 29, deps[ 28 ]
remainiTask Num is 30
begin to add new task, new taskId 30, deps[ 29 ]
remainiTask Num is 31
thread idx 7 steal from 0 [32 33)
begin to add new task, new taskId 31, deps[ 30 ]
remainiTask Num is 32
begin to add new task, new taskId 32, deps[ 31 ]
remainiTask Num is 33
thread idx 7 steal from 1 [1 2)
begin to add new task, new taskId 33, deps[ thread idx 0 steal from 1 [9 10)
thread idx 7 steal from 1 [17 18)
thread idx 7 steal from 1 [25 26)
thread idx 7 steal from 1 [33 34)
thread idx 7 steal from 1 [41 42)
thread idx 7 steal from 1 [49 50)
thread idx 0 steal from 1 [57 58)
thread idx 7 steal from 2 [2 3)
32 thread idx 0 steal from 2 [10 11)
]
thread idx 7 steal from 2 [18 19)
remainiTask Num is 34
thread idx 0 steal from 2 [26 27)
begin to add new task, new taskId 34, deps[ 33 ]
thread idx 0 steal from 2 [42 43)
remainiTask Num is 35
thread idx 7 steal from 2 [34 35)
begin to add new task, new taskId 35, deps[ 34 ]
thread idx 0 steal from 2 [50 51)
thread idx 7 steal from 2 [58 59)
remainiTask Num is 36
thread idx 0 steal from 3 [3 4)
begin to add new task, new taskId 36, deps[ thread idx 7 steal from 3 [11 12)
35 thread idx 0 steal from 3 [27 28)
thread idx 7 steal from 3 [35 36)
]
remainiTask Num is 37
thread idx 7 steal from 3 [43 44)
begin to add new task, new taskId 37, deps[ 36 ]
thread idx 2 steal from 4 [4 5)
thread idx 2 steal from 4 [12 13)
thread idx 2 steal from 4 [20 21)
thread idx 2 steal from 4 [28 29)
thread idx 2 steal from 4 [36 37)
thread idx 2 steal from 4 [44 45)
thread idx 2 steal from 4 [52 53)
thread idx 2 steal from 4 [60 61)
thread idx 0 steal from 3 [51 52)
thread idx 2 steal from 5 [5 6)
thread idx 2 steal from 5 [13 14)
thread idx 2 steal from 5 [21 22)
thread idx 2 steal from 5 [29 30)
thread idx 2 steal from 5 [37 38)
thread idx 7 steal from 3 [59 60)
thread idx 3 steal from 5 [53 54)
thread idx 7 steal from 5 [61 62)
thread idx 2 steal from 5 [45 46)
thread idx 7 steal from 6 [14 15)
thread idx 3 steal from 6 [6 7)
thread idx 2 steal from 6 [30 31)
thread idx 2 steal from 6 [38 39)
thread idx 2 steal from 6 [46 47)
thread idx 4 steal from 6 [54 55)
thread idx 7 steal from 6 [22 23)
thread idx 2 steal from 6 [62 63)
thread idx 1 steal from 3 [19 20)
threadid 1 done 1 task, taskid 0, remainingTaksNum 37
remainiTask Num is 38
thread idx 1, Get A workFromWaitingQueue, taskId64, num_total_tasks 0 deped_has_not_been_done_num 64
begin to add new task, new taskId 38, deps[ 37 ]
remainiTask Num is 38
thread idx 2 steal from 3 [43 44)
thread idx 1 steal from 3 [51 52)
begin to add new task, new taskId 39, deps[ thread idx 3 steal from 4 [12 13)
thread idx 3 steal from 4 [52 53)
thread idx 4 steal from 5 [13 14)
thread idx 3 steal from 5 [21 22)
thread idx 1 steal from 5 [37 38)
thread idx 4 steal from 5 [53 54)
38 ]
thread idx 3 steal from 5 [61 62)
thread idx 4 steal from 6 [62 63)
thread idx 1 steal from 7 [7 8)
remainiTask Num is 39
thread idx 4 steal from 7 [15 16)
begin to add new task, new taskId 40, deps[ 39 thread idx 5 steal from 7 [23 24)
thread idx 1 steal from 7 [31 32)
thread idx 3 steal from 7 [55 56)
thread idx 5 steal from 7 [63 64)
]
thread idx 1 steal from 0 [0 1)
remainiTask Num is 40
thread idx 3 steal from 0 [8 9)
begin to add new task, new taskId 41, deps[ thread idx 1 steal from 0 [16 17)
40 thread idx 3 steal from 0 [32 33)
]
remainiTask Num is 41
begin to add new task, new taskId 42, deps[ thread idx 3 steal from 0 [40 41)
thread idx 2 steal from 3 [59 60)
thread idx 3 steal from 0 [48 49)
41 thread idx 3 steal from 0 [56 57)
thread idx 6 steal from 7 [47 48)
thread idx 5 steal from 0 [24 25)
]
remainiTask Num is 42
begin to add new task, new taskId 43, deps[ 42 ]
remainiTask Num is 43
begin to add new task, new taskId 44, deps[ 43 ]
remainiTask Num is 44
begin to add new task, new taskId 45, deps[ 44 ]
remainiTask Num is 45
begin to add new task, new taskId 46, deps[ 45 ]
remainiTask Num is 46
begin to add new task, new taskId 47, deps[ 46 ]
remainiTask Num is 47
begin to add new task, new taskId 48, deps[ 47 ]
remainiTask Num is 48
begin to add new task, new taskId 49, deps[ 48 ]
remainiTask Num is 49
begin to add new task, new taskId 50, deps[ 49 ]
remainiTask Num is 50
begin to add new task, new taskId 51, deps[ 50 ]
remainiTask Num is 51
begin to add new task, new taskId 52, deps[ 51 ]
remainiTask Num is 52
begin to add new task, new taskId 53, deps[ 52 ]
remainiTask Num is 53
begin to add new task, new taskId 54, deps[ 53 ]
remainiTask Num is 54
begin to add new task, new taskId 55, deps[ 54 ]
remainiTask Num is 55
begin to add new task, new taskId 56, deps[ 55 ]
remainiTask Num is 56
begin to add new task, new taskId 57, deps[ 56 ]
remainiTask Num is 57
thread idx 4 steal from 7 [39 40)
threadid 4 done 1 task, taskid 1, remainingTaksNum 56
thread idx 2, Get A workFromWaitingQueue, taskId64, num_total_tasks 0 deped_has_not_been_done_num 64
thread idx 2 steal from 3 [3 4)
thread idx 2 steal from 3 [11 12)
thread idx 2 steal from 3 [19 20)
thread idx 2 steal from 3 [27 28)
thread idx 2 steal from 3 [35 36)
thread idx 2 steal from 3 [43 44)
thread idx 2 steal from 3 [51 52)
thread idx 2 steal from 3 [59 60)
thread idx 2 steal from 4 [4 5)
thread idx 2 steal from 4 [12 13)
thread idx 2 steal from 4 [20 21)
thread idx 2 steal from 4 [28 29)
thread idx 2 steal from 4 [36 37)
thread idx 2 steal from 4 [44 45)
thread idx 2 steal from 4 [52 53)
thread idx 2 steal from 4 [60 61)
thread idx 2 steal from 5 [5 6)
thread idx 2 steal from 5 [13 14)
thread idx 2 steal from 5 [21 22)
thread idx 2 steal from 5 [29 30)
thread idx 2 steal from 5 [37 38)
thread idx 2 steal from 5 [45 46)
thread idx 2 steal from 5 [53 54)
thread idx 2 steal from 5 [61 62)
thread idx 7 steal from 0 [0 1)
thread idx 7 steal from 0 [8 9)
thread idx 7 steal from 0 [16 17)
thread idx 7 steal from 0 [24 25)
thread idx 7 steal from 0 [32 33)
thread idx 7 steal from 0 [40 41)
thread idx 7 steal from 0 [48 49)
thread idx 6 steal from 0 [56 57)
thread idx 2 steal from 1 [9 10)
thread idx 2 steal from 1 [17 18)
thread idx 2 steal from 1 [25 26)
thread idx 2 steal from 1 [33 34)
thread idx 2 steal from 1 [41 42)
thread idx 2 steal from 1 [49 50)
thread idx 2 steal from 1 [57 58)
thread idx 7 steal from 1 [1 2)
threadid 7 done 1 task, taskid 2, remainingTaksNum 55
thread idx 3, Get A workFromWaitingQueue, taskId64, num_total_tasks 0 deped_has_not_been_done_num 64
thread idx 7 steal from 0 [0 1)
thread idx 7 steal from 0 [8 9)
thread idx 7 steal from 0 [16 17)
begin to add new task, new taskId 58, deps[ thread idx 2 steal from 3 [3 4)
thread idx 2 steal from 3 [11 12)
thread idx 2 steal from 3 [19 20)
thread idx 2 steal from 3 [27 28)
thread idx 2 steal from 3 [35 36)
thread idx 2 steal from 3 [43 44)
thread idx 2 steal from 3 [51 52)
thread idx 2 steal from 3 [59 60)
thread idx 2 steal from 4 [4 5)
thread idx 2 steal from 4 [12 13)
thread idx 2 steal from 4 [20 21)
thread idx 2 steal from 4 [28 29)
thread idx 2 steal from 4 [36 37)
thread idx 2 steal from 4 [44 45)
thread idx 2 steal from 4 [52 53)
thread idx 2 steal from 4 [60 61)
thread idx 2 steal from 5 [5 6)
thread idx 2 steal from 5 [13 14)
thread idx 2 steal from 5 [21 22)
thread idx 2 steal from 5 [29 30)
thread idx 2 steal from 5 [37 38)
thread idx 2 steal from 5 [45 46)
thread idx 2 steal from 5 [53 54)
thread idx 2 steal from 5 [61 62)
thread idx 2 steal from 6 [6 7)
thread idx 2 steal from 6 [14 15)
thread idx 2 steal from 6 [22 23)
thread idx 2 steal from 6 [30 31)
thread idx 2 steal from 6 [38 39)
thread idx 2 steal from 6 [46 47)
thread idx 2 steal from 6 [54 55)
thread idx 2 steal from 6 [62 63)
57 thread idx 2 steal from 0 [32 33)
]
thread idx 2 steal from 0 [40 41)
thread idx 2 steal from 0 [48 49)
thread idx 2 steal from 0 [56 57)
thread idx 2 steal from 1 [1 2)
thread idx 2 steal from 1 [9 10)
thread idx 2 steal from 1 [17 18)
thread idx 2 steal from 1 [25 26)
thread idx 2 steal from 1 [33 34)
thread idx 2 steal from 1 [41 42)
remainiTask Num is 56
thread idx 2 steal from 1 [49 50)
begin to add new task, new taskId 59, deps[ 58 ]
thread idx 2 steal from 1 [57 58)
thread idx 7 steal from 0 [24 25)
threadid 7 done 1 task, taskid 3, remainingTaksNum 56
remainiTask Num is 57
thread idx 4, Get A workFromWaitingQueue, taskId64, num_total_tasks 0 deped_has_not_been_done_num 64
thread idx 7 steal from 0 [0 1)
thread idx 7 steal from 0 [8 9)
thread idx 7 steal from 0 [16 17)
thread idx 7 steal from 0 [24 25)
thread idx 7 steal from 0 [32 33)
thread idx 7 steal from 0 [40 41)
thread idx 6 steal from 0 [48 49)
thread idx 6 steal from 1 [1 2)
thread idx 6 steal from 1 [9 10)
thread idx 6 steal from 1 [17 18)
thread idx 6 steal from 1 [25 26)
thread idx 6 steal from 1 [33 34)
thread idx 6 steal from 1 [41 42)
thread idx 6 steal from 1 [49 50)
thread idx 6 steal from 1 [57 58)
thread idx 7 steal from 0 [56 57)
thread idx 6 steal from 2 [2 3)
thread idx 7 steal from 2 [10 11)
thread idx 6 steal from 2 [18 19)
thread idx 7 steal from 2 [26 27)
thread idx 6 steal from 2 [34 35)
thread idx 7 steal from 2 [42 43)
thread idx 6 steal from 2 [50 51)
thread idx 7 steal from 2 [58 59)
thread idx 6 steal from 3 [3 4)
thread idx 7 steal from 3 [11 12)
thread idx 6 steal from 3 [19 20)
thread idx 7 steal from 3 [27 28)
thread idx 6 steal from 3 [35 36)
thread idx 6 steal from 3 [43 44)
thread idx 6 steal from 3 [51 52)
thread idx 7 steal from 3 [59 60)
thread idx 6 steal from 4 [4 5)
thread idx 0 steal from 4 [12 13)
thread idx 6 steal from 4 [28 29)
thread idx 5 steal from 4 [36 37)
thread idx 3 steal from 4 [60 61)
thread idx 6 steal from 4 [44 45)
begin to add new task, new taskId 60, deps[ 59 ]
remainiTask Num is 57
thread idx 0 steal from 4 [52 53)
begin to add new task, new taskId 61, deps[ 60 ]
remainiTask Num is 58
thread idx 7 steal from 4 [20 21)
threadid 7 done 1 task, taskid 4, remainingTaksNum 57
thread idx 4 steal from 0 [0 1)
thread idx 7 steal from 1 [1 2)
thread idx 5, Get A workFromWaitingQueue, taskId64, num_total_tasks 0 deped_has_not_been_done_num 64
thread idx 3 steal from 4 [4 5)
thread idx 3 steal from 4 [12 13)
thread idx 3 steal from 4 [20 21)
thread idx 3 steal from 4 [28 29)
thread idx 3 steal from 4 [36 37)
thread idx 3 steal from 4 [44 45)
thread idx 3 steal from 4 [52 53)
thread idx 3 steal from 4 [60 61)
thread idx 3 steal from 5 [5 6)
thread idx 3 steal from 5 [13 14)
thread idx 3 steal from 5 [21 22)
thread idx 4 steal from 5 [29 30)
thread idx 3 steal from 5 [37 38)
thread idx 4 steal from 5 [45 46)
thread idx 3 steal from 5 [53 54)
thread idx 4 steal from 5 [61 62)
thread idx 7 steal from 0 [8 9)
thread idx 7 steal from 0 [16 17)
thread idx 7 steal from 0 [24 25)
thread idx 7 steal from 0 [32 33)
thread idx 7 steal from 0 [40 41)
thread idx 7 steal from 0 [48 49)
thread idx 7 steal from 0 [56 57)
thread idx 7 steal from 1 [9 10)
thread idx 7 steal from 1 [17 18)
thread idx 7 steal from 1 [25 26)
thread idx 7 steal from 1 [33 34)
thread idx 7 steal from 1 [41 42)
thread idx 3 steal from 6 [6 7)
thread idx 3 steal from 6 [22 23)
thread idx 3 steal from 6 [30 31)
thread idx 3 steal from 6 [38 39)
thread idx 3 steal from 6 [46 47)
thread idx 3 steal from 6 [54 55)
thread idx 3 steal from 6 [62 63)
thread idx 3 steal from 1 [57 58)
thread idx 7 steal from 1 [49 50)
thread idx 4 steal from 6 [14 15)
threadid 4 done 1 task, taskid 5, remainingTaksNum 56
thread idx 6, Get A workFromWaitingQueue, taskId64, num_total_tasks 0 deped_has_not_been_done_num 64
thread idx 4 steal from 5 [5 6)
thread idx 4 steal from 5 [13 14)
thread idx 4 steal from 5 [21 22)
thread idx 4 steal from 5 [29 30)
thread idx 4 steal from 5 [37 38)
thread idx 4 steal from 5 [45 46)
thread idx 4 steal from 5 [53 54)
thread idx 4 steal from 5 [61 62)
thread idx 2 steal from 6 [6 7)
thread idx 4 steal from 6 [14 15)
thread idx 4 steal from 6 [22 23)
thread idx 4 steal from 6 [30 31)
thread idx 4 steal from 6 [38 39)
thread idx 4 steal from 6 [46 47)
thread idx 4 steal from 6 [54 55)
thread idx 7 steal from 0 [0 1)
thread idx 4 steal from 6 [62 63)
thread idx 7 steal from 0 [8 9)
thread idx 4 steal from 0 [16 17)
thread idx 2 steal from 3 [3 4)
thread idx 4 steal from 0 [32 33)
thread idx 4 steal from 0 [40 41)
thread idx 4 steal from 0 [48 49)
thread idx 4 steal from 0 [56 57)
thread idx 4 steal from 1 [41 42)
thread idx 2 steal from 3 [11 12)
thread idx 4 steal from 1 [57 58)
thread idx 2 steal from 3 [27 28)
thread idx 4 steal from 3 [35 36)
thread idx 4 steal from 3 [43 44)
thread idx 7 steal from 0 [24 25)
thread idx 4 steal from 3 [51 52)
thread idx 2 steal from 3 [59 60)
thread idx 1 steal from 3 [19 20)
threadid 1 done 1 task, taskid 6, remainingTaksNum 55
thread idx 7, Get A workFromWaitingQueue, taskId64, num_total_tasks 0 deped_has_not_been_done_num 64
thread idx 1 steal from 2 [2 3)
thread idx 1 steal from 2 [10 11)
thread idx 1 steal from 2 [18 19)
thread idx 1 steal from 2 [26 27)
thread idx 1 steal from 2 [34 35)
thread idx 1 steal from 2 [42 43)
thread idx 1 steal from 2 [50 51)
thread idx 1 steal from 2 [58 59)
thread idx 1 steal from 3 [3 4)
thread idx 1 steal from 3 [11 12)
thread idx 1 steal from 3 [19 20)
thread idx 1 steal from 3 [27 28)
thread idx 1 steal from 3 [35 36)
thread idx 1 steal from 3 [43 44)
thread idx 1 steal from 3 [51 52)
thread idx 1 steal from 3 [59 60)
thread idx 1 steal from 4 [12 13)
thread idx 1 steal from 4 [20 21)
thread idx 1 steal from 4 [28 29)
thread idx 1 steal from 4 [36 37)
thread idx 1 steal from 4 [44 45)
thread idx 1 steal from 4 [52 53)
thread idx 1 steal from 4 [60 61)
thread idx 7 steal from 0 [0 1)
thread idx 7 steal from 0 [8 9)
thread idx 7 steal from 0 [16 17)
thread idx 4 steal from 0 [40 41)
thread idx 4 steal from 0 [48 49)
thread idx 4 steal from 0 [56 57)
thread idx 6 steal from 0 [24 25)
begin to add new task, new taskId 62, deps[ 61 ]
thread idx 5 steal from 0 [32 33)
threadid 5 done 1 task, taskid 7, remainingTaksNum 54
remainiTask Num is 55
thread idx 4 steal from 0 [0 1)
thread idx 6 steal from 1 [1 2)
thread idx 6 steal from 7 [7 8)
thread idx 6 steal from 7 [15 16)
thread idx 6 steal from 7 [23 24)
thread idx 6 steal from 7 [31 32)
thread idx 6 steal from 7 [39 40)
thread idx 6 steal from 7 [47 48)
thread idx 6 steal from 7 [55 56)
thread idx 6 steal from 7 [63 64)
thread idx 6 steal from 0 [8 9)
thread idx 6 steal from 0 [16 17)
thread idx 6 steal from 0 [24 25)
thread idx 6 steal from 0 [32 33)
thread idx 6 steal from 0 [40 41)
thread idx 6 steal from 0 [48 49)
thread idx 6 steal from 0 [56 57)
thread idx 6 steal from 1 [9 10)
thread idx 6 steal from 1 [17 18)
thread idx 6 steal from 1 [25 26)
thread idx 6 steal from 1 [33 34)
thread idx 6 steal from 1 [41 42)
thread idx 6 steal from 1 [49 50)
thread idx 6 steal from 1 [57 58)
thread idx 8, Get A workFromWaitingQueue, taskId64, num_total_tasks 0 deped_has_not_been_done_num 34
thread idx 4 steal from 5 [5 6)
thread idx 4 steal from 5 [13 14)
thread idx 4 steal from 5 [21 22)
thread idx 4 steal from 5 [29 30)
thread idx 4 steal from 5 [37 38)
thread idx 4 steal from 5 [45 46)
thread idx 4 steal from 5 [53 54)
thread idx 4 steal from 5 [61 62)
thread idx 6 steal from 2 [2 3)
thread idx 4 steal from 2 [10 11)
thread idx 4 steal from 2 [18 19)
thread idx 6 steal from 2 [26 27)
thread idx 4 steal from 2 [34 35)
thread idx 6 steal from 2 [42 43)
thread idx 4 steal from 2 [50 51)
thread idx 6 steal from 2 [58 59)
thread idx 4 steal from 3 [3 4)
thread idx 6 steal from 3 [11 12)
thread idx 4 steal from 3 [19 20)
thread idx 6 steal from 3 [27 28)
thread idx 4 steal from 3 [35 36)
thread idx 6 steal from 3 [43 44)
thread idx 4 steal from 3 [51 52)
thread idx 6 steal from 3 [59 60)
threadid 6 done 1 task, taskid 8, remainingTaksNum 54
thread idx 4 steal from 0 [0 1)
thread idx 9, Get A workFromWaitingQueue, taskId64, num_total_tasks 0 deped_has_not_been_done_num 64
thread idx 4 steal from 5 [5 6)
thread idx 4 steal from 5 [13 14)
thread idx 4 steal from 5 [21 22)
thread idx 4 steal from 5 [29 30)
thread idx 4 steal from 5 [37 38)
thread idx 4 steal from 5 [45 46)
thread idx 4 steal from 5 [53 54)
thread idx 4 steal from 5 [61 62)
thread idx 4 steal from 6 [6 7)
thread idx 4 steal from 6 [14 15)
thread idx 4 steal from 6 [22 23)
thread idx 4 steal from 6 [30 31)
thread idx 4 steal from 6 [38 39)
thread idx 4 steal from 6 [46 47)
thread idx 4 steal from 6 [54 55)
thread idx 4 steal from 6 [62 63)
thread idx 4 steal from 7 [7 8)
thread idx 4 steal from 7 [15 16)
thread idx 4 steal from 7 [23 24)
thread idx 4 steal from 7 [31 32)
thread idx 4 steal from 7 [39 40)
thread idx 4 steal from 7 [47 48)
thread idx 4 steal from 7 [55 56)
thread idx 6 steal from 7 [63 64)
thread idx 4 steal from 0 [8 9)
thread idx 6 steal from 0 [16 17)
thread idx 4 steal from 0 [24 25)
thread idx 7 steal from 0 [40 41)
thread idx 6 steal from 0 [32 33)
thread idx 6 steal from 0 [56 57)
thread idx 7 steal from 1 [1 2)
thread idx 6 steal from 1 [9 10)
thread idx 6 steal from 1 [17 18)
thread idx 6 steal from 1 [25 26)
thread idx 7 steal from 1 [33 34)
thread idx 6 steal from 1 [41 42)
thread idx 7 steal from 1 [49 50)
thread idx 6 steal from 1 [57 58)
begin to add new task, new taskId 63, deps[ thread idx 6 steal from 2 [10 11)
thread idx 7 steal from 2 [2 3)
thread idx 6 steal from 2 [18 19)
62 thread idx 6 steal from 2 [26 27)
]
thread idx 7 steal from 2 [34 35)
thread idx 6 steal from 2 [42 43)
thread idx 7 steal from 2 [50 51)
thread idx 6 steal from 2 [58 59)
thread idx 7 steal from 3 [3 4)
thread idx 6 steal from 3 [11 12)
thread idx 7 steal from 3 [19 20)
remainiTask Num is 55
thread idx 4 steal from 0 [48 49)
begin to add new task, new taskId 64, deps[ 63 thread idx 5 steal from 3 [43 44)
thread idx 4 steal from 3 [51 52)
thread idx 7 steal from 3 [35 36)
]
thread idx 6 steal from 3 [27 28)
thread idx 5 steal from 3 [59 60)
threadid 5 done 1 task, taskid 9, remainingTaksNum 54
remainiTask Num is 55
thread idx 10, Get A workFromWaitingQueue, taskId64, num_total_tasks 0 deped_has_not_been_done_num 64
thread idx 5 steal from 6 [6 7)
thread idx 5 steal from 6 [14 15)
thread idx 5 steal from 6 [22 23)
thread idx 5 steal from 6 [30 31)
thread idx 5 steal from 6 [38 39)
thread idx 5 steal from 6 [46 47)
thread idx 5 steal from 6 [54 55)
thread idx 5 steal from 6 [62 63)
thread idx 5 steal from 7 [7 8)
thread idx 5 steal from 7 [15 16)
thread idx 5 steal from 7 [23 24)
thread idx 5 steal from 7 [31 32)
thread idx 5 steal from 7 [39 40)
thread idx 5 steal from 7 [47 48)
thread idx 5 steal from 7 [55 56)
thread idx 5 steal from 7 [63 64)
thread idx 5 steal from 0 [0 1)
thread idx 5 steal from 0 [8 9)
thread idx 5 steal from 0 [16 17)
thread idx 5 steal from 0 [24 25)
thread idx 5 steal from 0 [32 33)
thread idx 5 steal from 0 [40 41)
thread idx 5 steal from 0 [48 49)
thread idx 5 steal from 0 [56 57)
thread idx 5 steal from 1 [1 2)
thread idx 5 steal from 1 [9 10)
thread idx 5 steal from 1 [17 18)
thread idx 5 steal from 1 [25 26)
thread idx 5 steal from 1 [33 34)
thread idx 2 steal from 3 [3 4)
thread idx 5 steal from 1 [41 42)
thread idx 2 steal from 3 [11 12)
thread idx 5 steal from 1 [49 50)
thread idx 2 steal from 3 [19 20)
thread idx 5 steal from 1 [57 58)
thread idx 5 steal from 3 [35 36)
thread idx 2 steal from 3 [27 28)
thread idx 1 steal from 3 [43 44)
thread idx 2 steal from 3 [59 60)
thread idx 2 steal from 4 [4 5)
thread idx 2 steal from 4 [12 13)
thread idx 2 steal from 4 [20 21)
thread idx 2 steal from 4 [28 29)
thread idx 1 steal from 4 [36 37)
thread idx 2 steal from 4 [44 45)
thread idx 1 steal from 4 [52 53)
thread idx 2 steal from 4 [60 61)
thread idx 5 steal from 3 [51 52)
threadid 5 done 1 task, taskid 10, remainingTaksNum 54
thread idx 11, Get A workFromWaitingQueue, taskId64, num_total_tasks 0 deped_has_not_been_done_num 64
thread idx 5 steal from 6 [6 7)
thread idx 5 steal from 6 [14 15)
thread idx 1 steal from 2 [2 3)
thread idx 5 steal from 6 [22 23)
thread idx 1 steal from 2 [10 11)
thread idx 5 steal from 6 [30 31)
thread idx 1 steal from 2 [18 19)
thread idx 5 steal from 6 [38 39)
thread idx 1 steal from 2 [26 27)
thread idx 5 steal from 6 [46 47)
thread idx 1 steal from 2 [34 35)
thread idx 5 steal from 6 [54 55)
thread idx 0 steal from 2 [42 43)
thread idx 1 steal from 2 [50 51)
thread idx 0 steal from 2 [58 59)
thread idx 0 steal from 3 [3 4)
thread idx 0 steal from 3 [11 12)
thread idx 0 steal from 3 [19 20)
thread idx 5 steal from 6 [62 63)
thread idx 5 steal from 7 [15 16)
thread idx 5 steal from 7 [23 24)
thread idx 5 steal from 7 [31 32)
thread idx 6 steal from 7 [39 40)
thread idx 1 steal from 3 [27 28)
thread idx 1 steal from 3 [35 36)
thread idx 1 steal from 3 [43 44)
thread idx 1 steal from 3 [51 52)
thread idx 1 steal from 3 [59 60)
thread idx 1 steal from 4 [4 5)
thread idx 1 steal from 4 [12 13)
thread idx 1 steal from 4 [20 21)
thread idx 1 steal from 4 [28 29)
thread idx 6 steal from 7 [55 56)
thread idx 1 steal from 4 [36 37)
thread idx 6 steal from 7 [63 64)
thread idx 1 steal from 4 [44 45)
thread idx 6 steal from 4 [52 53)
thread idx 1 steal from 4 [60 61)
thread idx 5 steal from 7 [47 48)
threadid 7 done 1 task, taskid 11, remainingTaksNum 53
thread idx 12, Get A workFromWaitingQueue, taskId64, num_total_tasks 0 deped_has_not_been_done_num 64
thread idx 7 steal from 0 [8 9)
thread idx 7 steal from 0 [24 25)
thread idx 7 steal from 0 [40 41)
thread idx 6 steal from 0 [48 49)
thread idx 7 steal from 0 [56 57)
thread idx 0 steal from 1 [1 2)
thread idx 6 steal from 1 [9 10)
thread idx 2 steal from 3 [35 36)
thread idx 6 steal from 1 [25 26)
thread idx 5 steal from 1 [33 34)
thread idx 2 steal from 3 [59 60)
thread idx 3 steal from 4 [4 5)
thread idx 7 steal from 1 [17 18)
thread idx 5 steal from 1 [57 58)
thread idx 0 steal from 1 [41 42)
thread idx 5 steal from 4 [20 21)
thread idx 3 steal from 4 [28 29)
begin to add new task, new taskId 65, deps[ 64 ]
thread idx 0 steal from 4 [36 37)
remainiTask Num is 54
begin to add new task, new taskId 66, deps[ 65 ]
remainiTask Num is 55
begin to add new task, new taskId 67, deps[ 66 ]
remainiTask Num is 56
begin to add new task, new taskId 68, deps[ 67 ]
remainiTask Num is 57
begin to add new task, new taskId 69, deps[ 68 ]
remainiTask Num is 58
begin to add new task, new taskId 70, deps[ 69 ]
remainiTask Num is 59
thread idx 5 steal from 4 [52 53)
begin to add new task, new taskId 71, deps[ 70 ]
remainiTask Num is 60
thread idx 7 steal from 4 [44 45)
thread idx 2 steal from 4 [12 13)
thread idx 6 steal from 1 [49 50)
thread idx 1 steal from 4 [60 61)
threadid 1 done 1 task, taskid 12, remainingTaksNum 59
begin to add new task, new taskId 72, deps[ 71 ]
remainiTask Num is 60
begin to add new task, new taskId 73, deps[ 72 ]
remainiTask Num is 61
begin to add new task, new taskId 74, deps[ 73 ]
remainiTask Num is 62
begin to add new task, new taskId 75, deps[ 74 ]
remainiTask Num is 63
begin to add new task, new taskId 76, deps[ 75 ]
remainiTask Num is 64
begin to add new task, new taskId 77, deps[ 76 ]
remainiTask Num is 65
begin to add new task, new taskId 78, deps[ 77 ]
remainiTask Num is 66
begin to add new task, new taskId 79, deps[ 78 ]
remainiTask Num is 67
begin to add new task, new taskId 80, deps[ 79 ]
thread idx 13, Get A workFromWaitingQueue, taskId64, num_total_tasks 0 deped_has_not_been_done_num 64
remainiTask Num is 68
begin to add new task, new taskId 81, deps[ 80 ]
remainiTask Num is 69
begin to add new task, new taskId 82, deps[ 81 ]
remainiTask Num is 70
begin to add new task, new taskId 83, deps[ 82 ]
remainiTask Num is 71
begin to add new task, new taskId 84, deps[ 83 ]
remainiTask Num is 72
begin to add new task, new taskId 85, deps[ 84 ]
remainiTask Num is 73
begin to add new task, new taskId 86, deps[ 85 ]
remainiTask Num is 74
begin to add new task, new taskId 87, deps[ 86 ]
remainiTask Num is 75
begin to add new task, new taskId 88, deps[ 87 ]
remainiTask Num is 76
begin to add new task, new taskId 89, deps[ 88 ]
remainiTask Num is 77
begin to add new task, new taskId 90, deps[ 89 ]
remainiTask Num is 78
begin to add new task, new taskId 91, deps[ 90 ]
remainiTask Num is 79
begin to add new task, new taskId 92, deps[ 91 ]
remainiTask Num is 80
begin to add new task, new taskId 93, deps[ 92 ]
remainiTask Num is 81
begin to add new task, new taskId 94, deps[ 93 ]
remainiTask Num is 82
thread idx 3 steal from 4 [4 5)
begin to add new task, new taskId 95, deps[ 94 thread idx 3 steal from 4 [12 13)
thread idx 3 steal from 4 [20 21)
thread idx 3 steal from 4 [28 29)
]
thread idx 3 steal from 4 [36 37)
thread idx 3 steal from 4 [44 45)
thread idx 3 steal from 4 [52 53)
thread idx 3 steal from 4 [60 61)
thread idx 3 steal from 5 [5 6)
thread idx 3 steal from 5 [13 14)
thread idx 3 steal from 5 [21 22)
thread idx 3 steal from 5 [29 30)
thread idx 3 steal from 5 [37 38)
thread idx 3 steal from 5 [45 46)
thread idx 3 steal from 5 [53 54)
thread idx 3 steal from 5 [61 62)
thread idx 3 steal from 6 [6 7)
thread idx 3 steal from 6 [14 15)
thread idx 3 steal from 6 [22 23)
thread idx 3 steal from 6 [30 31)
thread idx 3 steal from 6 [38 39)
thread idx 3 steal from 6 [46 47)
thread idx 3 steal from 6 [54 55)
thread idx 3 steal from 6 [62 63)
thread idx 3 steal from 7 [7 8)
thread idx 3 steal from 7 [15 16)
thread idx 3 steal from 7 [23 24)
thread idx 3 steal from 7 [31 32)
remainiTask Num is 83
thread idx 3 steal from 7 [39 40)
begin to add new task, new taskId 96, deps[ 95 ]
thread idx 3 steal from 7 [47 48)
remainiTask Num is 84
thread idx 3 steal from 7 [55 56)
begin to add new task, new taskId 97, deps[ 96 ]
remainiTask Num is 85
begin to add new task, new taskId 98, deps[ 97 ]
thread idx 3 steal from 7 [63 64)
thread idx 3 steal from 0 [0 1)
thread idx 3 steal from 0 [8 9)
thread idx 7 steal from 0 [16 17)
thread idx 7 steal from 0 [24 25)
thread idx 7 steal from 0 [32 33)
thread idx 7 steal from 0 [40 41)
thread idx 7 steal from 0 [48 49)
thread idx 7 steal from 0 [56 57)
thread idx 7 steal from 1 [25 26)
thread idx 7 steal from 1 [33 34)
thread idx 7 steal from 1 [41 42)
thread idx 7 steal from 1 [49 50)
thread idx 7 steal from 1 [57 58)
thread idx 7 steal from 2 [2 3)
thread idx 7 steal from 2 [10 11)
thread idx 7 steal from 2 [18 19)
thread idx 7 steal from 2 [26 27)
thread idx 7 steal from 2 [34 35)
thread idx 7 steal from 2 [42 43)
thread idx 7 steal from 2 [58 59)
thread idx 3 steal from 1 [1 2)
thread idx 5 steal from 1 [9 10)
remainiTask Num is 86
begin to add new task, new taskId 99, deps[ 98 ]
remainiTask Num is 87
begin to add new task, new taskId 100, deps[ 99 ]
remainiTask Num is 88
begin to add new task, new taskId 101, deps[ 100 ]
thread idx 0 steal from 1 [17 18)
threadid 0 done 1 task, taskid 13, remainingTaksNum 87
thread idx 14, Get A workFromWaitingQueue, taskId64, num_total_tasks 0 deped_has_not_been_done_num 64
remainiTask Num is 88
begin to add new task, new taskId 102, deps[ 101 ]
remainiTask Num is 89
begin to add new task, new taskId 103, deps[ 102 ]
remainiTask Num is 90
begin to add new task, new taskId 104, deps[ 103 ]
remainiTask Num is 91
begin to add new task, new taskId 105, deps[ 104 ]
remainiTask Num is 92
begin to add new task, new taskId 106, deps[ 105 ]
remainiTask Num is 93
begin to add new task, new taskId 107, deps[ 106 ]
remainiTask Num is 94
begin to add new task, new taskId 108, deps[ 107 ]
remainiTask Num is 95
begin to add new task, new taskId 109, deps[ 108 ]
thread idx 6 steal from 7 [7 8)
thread idx 6 steal from 7 [15 16)
remainiTask Num is 96
thread idx 6 steal from 7 [23 24)
thread idx 6 steal from 7 [55 56)
thread idx 7 steal from 0 [0 1)
thread idx 7 steal from 0 [16 17)
thread idx 7 steal from 0 [24 25)
thread idx 7 steal from 0 [32 33)
thread idx 6 steal from 0 [8 9)
thread idx 7 steal from 0 [40 41)
thread idx 6 steal from 0 [48 49)
thread idx 7 steal from 0 [56 57)
thread idx 6 steal from 1 [1 2)
thread idx 7 steal from 1 [9 10)
thread idx 6 steal from 1 [17 18)
thread idx 7 steal from 1 [25 26)
thread idx 6 steal from 1 [33 34)
thread idx 7 steal from 1 [41 42)
thread idx 6 steal from 1 [49 50)
thread idx 7 steal from 1 [57 58)
thread idx 6 steal from 2 [2 3)
thread idx 7 steal from 2 [10 11)
thread idx 6 steal from 2 [18 19)
thread idx 7 steal from 2 [26 27)
thread idx 6 steal from 2 [34 35)
thread idx 7 steal from 2 [42 43)
thread idx 6 steal from 2 [50 51)
thread idx 7 steal from 2 [58 59)
thread idx 6 steal from 3 [3 4)
thread idx 7 steal from 3 [11 12)
thread idx 6 steal from 3 [19 20)
thread idx 7 steal from 3 [27 28)
thread idx 6 steal from 3 [35 36)
thread idx 7 steal from 3 [43 44)
thread idx 6 steal from 3 [51 52)
thread idx 7 steal from 3 [59 60)
thread idx 4 steal from 5 [5 6)
thread idx 4 steal from 5 [29 30)
thread idx 4 steal from 5 [37 38)
thread idx 4 steal from 5 [45 46)
thread idx 4 steal from 5 [53 54)
thread idx 4 steal from 5 [61 62)
thread idx 7 steal from 5 [13 14)
begin to add new task, new taskId 110, deps[ 109 ]
remainiTask Num is 97
begin to add new task, new taskId 111, deps[ 110 ]
remainiTask Num is 98
begin to add new task, new taskId 112, deps[ 111 ]
remainiTask Num is 99
begin to add new task, new taskId 113, deps[ 112 ]
remainiTask Num is 100
begin to add new task, new taskId 114, deps[ 113 ]
remainiTask Num is 101
begin to add new task, new taskId 115, deps[ 114 ]
remainiTask Num is 102
begin to add new task, new taskId 116, deps[ 115 ]
remainiTask Num is 103
begin to add new task, new taskId 117, deps[ 116 ]
remainiTask Num is 104
thread idx 6 steal from 5 [21 22)
threadid 6 done 1 task, taskid 14, remainingTaksNum 103
thread idx 15, Get A workFromWaitingQueue, taskId64, num_total_tasks 0 deped_has_not_been_done_num 64
thread idx 1 steal from 2 [2 3)
thread idx 1 steal from 2 [10 11)
thread idx 1 steal from 2 [18 19)
thread idx 1 steal from 2 [26 27)
thread idx 1 steal from 2 [34 35)
thread idx 3 steal from 4 [4 5)
thread idx 3 steal from 4 [52 53)
thread idx 3 steal from 5 [5 6)
thread idx 1 steal from 2 [42 43)
thread idx 3 steal from 5 [13 14)
thread idx 1 steal from 2 [50 51)
thread idx 1 steal from 2 [58 59)
thread idx 1 steal from 5 [29 30)
thread idx 3 steal from 5 [21 22)
thread idx 1 steal from 5 [37 38)
thread idx 4 steal from 5 [45 46)
thread idx 1 steal from 5 [53 54)
thread idx 4 steal from 5 [61 62)
thread idx 1 steal from 6 [6 7)
thread idx 4 steal from 6 [14 15)
thread idx 1 steal from 6 [22 23)
thread idx 4 steal from 6 [30 31)
thread idx 1 steal from 6 [38 39)
thread idx 4 steal from 6 [46 47)
thread idx 1 steal from 6 [54 55)
thread idx 4 steal from 6 [62 63)
thread idx 4 steal from 0 [48 49)
thread idx 4 steal from 0 [56 57)
threadid 3 done 1 task, taskid 15, remainingTaksNum 102
begin to add new task, new taskId 118, deps[ 117 ]
remainiTask Num is 103
begin to add new task, new taskId 119, deps[ 118 ]
remainiTask Num is 104
begin to add new task, new taskId 120, deps[ 119 ]
remainiTask Num is 105
begin to add new task, new taskId 121, deps[ 120 ]
remainiTask Num is 106
begin to add new task, new taskId 122, deps[ 121 ]
remainiTask Num is 107
begin to add new task, new taskId 123, deps[ 122 ]
remainiTask Num is 108
begin to add new task, new taskId 124, deps[ 123 ]
remainiTask Num is 109
begin to add new task, new taskId 125, deps[ 124 ]
remainiTask Num is 110
begin to add new task, new taskId 126, deps[ 125 ]
remainiTask Num is 111
begin to add new task, new taskId 127, deps[ 126 ]
remainiTask Num is 112
begin to add new task, new taskId 128, deps[ 127 ]
remainiTask Num is 113
begin to add new task, new taskId 129, deps[ 128 ]
remainiTask Num is 114
begin to add new task, new taskId 130, deps[ 129 ]
remainiTask Num is 115
begin to add new task, new taskId 131, deps[ 130 ]
remainiTask Num is 116
begin to add new task, new taskId 132, deps[ 131 ]
remainiTask Num is 117
begin to add new task, new taskId 133, deps[ 132 ]
remainiTask Num is 118
begin to add new task, new taskId 134, deps[ 133 ]
remainiTask Num is 119
begin to add new task, new taskId 135, deps[ 134 ]
remainiTask Num is 120
begin to add new task, new taskId 136, deps[ 135 ]
remainiTask Num is 121
begin to add new task, new taskId 137, deps[ 136 ]
remainiTask Num is 122
begin to add new task, new taskId 138, deps[ 137 ]
remainiTask Num is 123
begin to add new task, new taskId 139, deps[ 138 ]
remainiTask Num is 124
begin to add new task, new taskId 140, deps[ 139 ]
remainiTask Num is 125
thread idx 16, Get A workFromWaitingQueue, taskId64, num_total_tasks 0 deped_has_not_been_done_num 64
thread idx 5 steal from 6 [6 7)
thread idx 5 steal from 6 [14 15)
thread idx 5 steal from 6 [22 23)
thread idx 5 steal from 6 [30 31)
thread idx 5 steal from 6 [38 39)
thread idx 5 steal from 6 [46 47)
thread idx 5 steal from 6 [54 55)
thread idx 5 steal from 6 [62 63)
thread idx 5 steal from 7 [7 8)
thread idx 5 steal from 7 [15 16)
thread idx 5 steal from 7 [23 24)
thread idx 5 steal from 7 [31 32)
thread idx 5 steal from 7 [39 40)
thread idx 5 steal from 7 [47 48)
thread idx 5 steal from 7 [55 56)
thread idx 5 steal from 7 [63 64)
thread idx 5 steal from 0 [0 1)
thread idx 5 steal from 0 [8 9)
thread idx 5 steal from 0 [16 17)
thread idx 5 steal from 0 [24 25)
thread idx 5 steal from 0 [32 33)
thread idx 5 steal from 0 [40 41)
thread idx 5 steal from 0 [48 49)
thread idx 5 steal from 0 [56 57)
thread idx 5 steal from 1 [1 2)
thread idx 5 steal from 1 [9 10)
thread idx 5 steal from 1 [17 18)
thread idx 5 steal from 1 [25 26)
thread idx 5 steal from 1 [33 34)
thread idx 5 steal from 1 [41 42)
begin to add new task, new taskId 141, deps[ thread idx 5 steal from 1 [49 50)
140 ]
thread idx 5 steal from 1 [57 58)
remainiTask Num is 126
begin to add new task, new taskId 142, deps[ thread idx 5 steal from 2 [2 3)
141 ]
remainiTask Num is 127
thread idx 5 steal from 2 [10 11)
begin to add new task, new taskId 143, deps[ 142 ]
thread idx 5 steal from 2 [18 19)
remainiTask Num is 128
begin to add new task, new taskId 144, deps[ 143 ]
thread idx 5 steal from 2 [26 27)
remainiTask Num is 129
begin to add new task, new taskId 145, deps[ 144 thread idx 5 steal from 2 [34 35)
]
thread idx 5 steal from 2 [42 43)
remainiTask Num is 130
begin to add new task, new taskId 146, deps[ 145 ]
remainiTask Num is 131
begin to add new task, new taskId 147, deps[ 146 ]
remainiTask Num is 132
thread idx 5 steal from 2 [50 51)
thread idx 5 steal from 2 [58 59)
thread idx 5 steal from 3 [3 4)
thread idx 5 steal from 3 [11 12)
thread idx 5 steal from 3 [19 20)
thread idx 5 steal from 3 [27 28)
thread idx 5 steal from 3 [35 36)
thread idx 5 steal from 3 [43 44)
thread idx 5 steal from 3 [51 52)
thread idx 5 steal from 3 [59 60)
thread idx 5 steal from 4 [4 5)
thread idx 5 steal from 4 [12 13)
thread idx 5 steal from 4 [20 21)
thread idx 5 steal from 4 [28 29)
thread idx 5 steal from 4 [36 37)
thread idx 5 steal from 4 [44 45)
thread idx 5 steal from 4 [52 53)
thread idx 5 steal from 4 [60 61)
threadid 5 done 1 task, taskid 16, remainingTaksNum 131
thread idx 17, Get A workFromWaitingQueue, taskId64, num_total_tasks 0 deped_has_not_been_done_num 64
thread idx 5 steal from 6 [6 7)
thread idx 5 steal from 6 [14 15)
thread idx 5 steal from 6 [22 23)
thread idx 5 steal from 6 [30 31)
thread idx 5 steal from 6 [38 39)
thread idx 5 steal from 6 [46 47)
thread idx 5 steal from 6 [54 55)
thread idx 5 steal from 6 [62 63)
thread idx 5 steal from 7 [7 8)
thread idx 5 steal from 7 [15 16)
thread idx 5 steal from 7 [23 24)
thread idx 5 steal from 7 [31 32)
thread idx 5 steal from 7 [39 40)
thread idx 5 steal from 7 [47 48)
thread idx 5 steal from 7 [55 56)
thread idx 5 steal from 7 [63 64)
thread idx 5 steal from 0 [0 1)
thread idx 5 steal from 0 [8 9)
thread idx 5 steal from 0 [16 17)
thread idx 5 steal from 0 [24 25)
thread idx 5 steal from 0 [32 33)
thread idx 5 steal from 0 [40 41)
thread idx 5 steal from 0 [48 49)
thread idx 5 steal from 0 [56 57)
thread idx 5 steal from 1 [1 2)
thread idx 5 steal from 1 [9 10)
thread idx 5 steal from 1 [17 18)
thread idx 5 steal from 1 [25 26)
thread idx 5 steal from 1 [33 34)
thread idx 5 steal from 1 [41 42)
thread idx 5 steal from 1 [49 50)
thread idx 5 steal from 1 [57 58)
thread idx 5 steal from 2 [2 3)
thread idx 5 steal from 2 [10 11)
thread idx 5 steal from 2 [18 19)
thread idx 5 steal from 2 [26 27)
thread idx 5 steal from 2 [34 35)
thread idx 5 steal from 2 [42 43)
thread idx 5 steal from 2 [50 51)
thread idx 5 steal from 2 [58 59)
thread idx 5 steal from 3 [3 4)
thread idx 5 steal from 3 [11 12)
thread idx 5 steal from 3 [19 20)
thread idx 5 steal from 3 [27 28)
thread idx 2 steal from 3 [35 36)
thread idx 2 steal from 3 [51 52)
thread idx 2 steal from 3 [59 60)
thread idx 2 steal from 4 [60 61)
thread idx 5 steal from 3 [43 44)
threadid 5 done 1 task, taskid 17, remainingTaksNum 130
thread idx 18, Get A workFromWaitingQueue, taskId64, num_total_tasks 0 deped_has_not_been_done_num 64
thread idx 5 steal from 6 [6 7)
thread idx 5 steal from 6 [14 15)
thread idx 5 steal from 6 [22 23)
thread idx 5 steal from 6 [30 31)
thread idx 5 steal from 6 [38 39)
thread idx 5 steal from 6 [46 47)
thread idx 5 steal from 6 [54 55)
thread idx 5 steal from 6 [62 63)
thread idx 5 steal from 7 [7 8)
thread idx 5 steal from 7 [15 16)
thread idx 5 steal from 7 [23 24)
thread idx 4 steal from 7 [31 32)
thread idx 5 steal from 7 [39 40)
thread idx 4 steal from 7 [47 48)
thread idx 5 steal from 7 [55 56)
thread idx 4 steal from 7 [63 64)
thread idx 5 steal from 0 [0 1)
thread idx 4 steal from 0 [8 9)
thread idx 5 steal from 0 [16 17)
thread idx 4 steal from 0 [24 25)
thread idx 5 steal from 0 [32 33)
thread idx 4 steal from 0 [40 41)
thread idx 5 steal from 0 [48 49)
thread idx 4 steal from 0 [56 57)
thread idx 5 steal from 1 [1 2)
thread idx 4 steal from 1 [9 10)
thread idx 5 steal from 1 [17 18)
thread idx 5 steal from 1 [33 34)
thread idx 5 steal from 1 [41 42)
thread idx 4 steal from 1 [25 26)
thread idx 5 steal from 1 [49 50)
thread idx 4 steal from 1 [57 58)
thread idx 5 steal from 2 [2 3)
thread idx 4 steal from 2 [10 11)
thread idx 5 steal from 2 [18 19)
thread idx 4 steal from 2 [26 27)
thread idx 5 steal from 2 [34 35)
thread idx 4 steal from 2 [42 43)
thread idx 4 steal from 2 [50 51)
thread idx 4 steal from 2 [58 59)
thread idx 4 steal from 3 [3 4)
thread idx 4 steal from 3 [11 12)
thread idx 4 steal from 3 [27 28)
thread idx 4 steal from 3 [35 36)
thread idx 5 steal from 3 [19 20)
thread idx 5 steal from 3 [51 52)
thread idx 5 steal from 3 [59 60)
thread idx 4 steal from 3 [43 44)
threadid 4 done 1 task, taskid 18, remainingTaksNum 129
thread idx 19, Get A workFromWaitingQueue, taskId64, num_total_tasks 0 deped_has_not_been_done_num 64
thread idx 7 steal from 0 [0 1)
thread idx 1 steal from 2 [2 3)
thread idx 7 steal from 0 [8 9)
thread idx 4 steal from 5 [5 6)
thread idx 1 steal from 2 [10 11)
thread idx 7 steal from 0 [16 17)
thread idx 4 steal from 5 [13 14)
thread idx 1 steal from 2 [18 19)
thread idx 4 steal from 5 [21 22)
thread idx 4 steal from 5 [29 30)
thread idx 4 steal from 5 [37 38)
thread idx 4 steal from 5 [45 46)
thread idx 4 steal from 5 [53 54)
thread idx 4 steal from 5 [61 62)
thread idx 4 steal from 6 [6 7)
thread idx 4 steal from 6 [14 15)
thread idx 4 steal from 6 [22 23)
thread idx 4 steal from 6 [30 31)
thread idx 4 steal from 6 [38 39)
thread idx 4 steal from 6 [46 47)
thread idx 4 steal from 6 [54 55)
thread idx 4 steal from 6 [62 63)
thread idx 4 steal from 0 [32 33)
thread idx 4 steal from 0 [40 41)
thread idx 4 steal from 0 [48 49)
thread idx 4 steal from 0 [56 57)
thread idx 4 steal from 2 [26 27)
thread idx 4 steal from 2 [34 35)
thread idx 4 steal from 2 [42 43)
thread idx 4 steal from 2 [50 51)
thread idx 4 steal from 2 [58 59)
thread idx 1 steal from 3 [3 4)
thread idx 4 steal from 3 [11 12)
thread idx 1 steal from 3 [19 20)
thread idx 4 steal from 3 [27 28)
thread idx 1 steal from 3 [43 44)
thread idx 7 steal from 0 [24 25)
thread idx 1 steal from 3 [59 60)
threadid 1 done 1 task, taskid 19, remainingTaksNum 128
thread idx 20, Get A workFromWaitingQueue, taskId64, num_total_tasks 0 deped_has_not_been_done_num 64
thread idx 7 steal from 0 [0 1)
thread idx 7 steal from 0 [8 9)
thread idx 4 steal from 5 [5 6)
thread idx 4 steal from 5 [13 14)
thread idx 7 steal from 0 [16 17)
thread idx 4 steal from 5 [21 22)
thread idx 4 steal from 5 [29 30)
thread idx 4 steal from 5 [37 38)
thread idx 4 steal from 5 [45 46)
thread idx 4 steal from 5 [53 54)
thread idx 7 steal from 0 [24 25)
thread idx 4 steal from 5 [61 62)
thread idx 7 steal from 0 [32 33)
thread idx 4 steal from 6 [6 7)
thread idx 7 steal from 0 [40 41)
thread idx 4 steal from 6 [14 15)
thread idx 1 steal from 2 [2 3)
thread idx 4 steal from 6 [22 23)
thread idx 7 steal from 0 [48 49)
thread idx 1 steal from 2 [10 11)
thread idx 4 steal from 6 [30 31)
thread idx 7 steal from 0 [56 57)
thread idx 7 steal from 2 [18 19)
thread idx 4 steal from 6 [38 39)
thread idx 1 steal from 2 [26 27)
thread idx 7 steal from 2 [34 35)
thread idx 4 steal from 6 [46 47)
thread idx 0 steal from 2 [42 43)
thread idx 1 steal from 2 [50 51)
thread idx 4 steal from 6 [54 55)
thread idx 0 steal from 3 [3 4)
thread idx 0 steal from 3 [19 20)
thread idx 1 steal from 3 [11 12)
thread idx 0 steal from 3 [27 28)
thread idx 4 steal from 6 [62 63)
thread idx 1 steal from 3 [35 36)
thread idx 0 steal from 3 [43 44)
thread idx 4 steal from 3 [51 52)
thread idx 7 steal from 2 [58 59)
thread idx 1 steal from 3 [59 60)
threadid 1 done 1 task, taskid 20, remainingTaksNum 127
thread idx 21, Get A workFromWaitingQueue, taskId64, num_total_tasks 0 deped_has_not_been_done_num 64
thread idx 4 steal from 5 [29 30)
thread idx 6 steal from 7 [7 8)
thread idx 5 steal from 7 [15 16)
thread idx 5 steal from 7 [23 24)
thread idx 5 steal from 7 [31 32)
thread idx 6 steal from 7 [39 40)
thread idx 5 steal from 7 [47 48)
thread idx 6 steal from 7 [55 56)
thread idx 5 steal from 7 [63 64)
thread idx 6 steal from 0 [0 1)
thread idx 5 steal from 0 [8 9)
thread idx 6 steal from 0 [16 17)
thread idx 6 steal from 0 [24 25)
thread idx 4 steal from 5 [45 46)
thread idx 5 steal from 0 [32 33)
thread idx 4 steal from 0 [48 49)
thread idx 4 steal from 0 [56 57)
thread idx 4 steal from 1 [1 2)
thread idx 4 steal from 1 [9 10)
thread idx 4 steal from 1 [17 18)
thread idx 4 steal from 1 [25 26)
thread idx 4 steal from 1 [33 34)
thread idx 4 steal from 1 [41 42)
thread idx 4 steal from 1 [49 50)
thread idx 4 steal from 1 [57 58)
thread idx 6 steal from 0 [40 41)
thread idx 2 steal from 3 [3 4)
threadid 2 done 1 task, taskid 21, remainingTaksNum 126
begin to add new task, new taskId 148, deps[ 147 ]
thread idx 22, Get A workFromWaitingQueue, taskId64, num_total_tasks 0 deped_has_not_been_done_num 64
thread idx 7 steal from 0 [0 1)
thread idx 7 steal from 0 [8 9)
thread idx 7 steal from 0 [16 17)
thread idx 7 steal from 0 [24 25)
thread idx 7 steal from 0 [32 33)
thread idx 7 steal from 0 [40 41)
remainiTask Num is 127
thread idx 7 steal from 0 [48 49)
begin to add new task, new taskId 149, deps[ 148 ]
thread idx 7 steal from 0 [56 57)
remainiTask Num is 128
begin to add new task, new taskId 150, deps[ thread idx 7 steal from 1 [1 2)
149 ]
remainiTask Num is 129
thread idx 7 steal from 1 [9 10)
thread idx 7 steal from 1 [17 18)
thread idx 7 steal from 1 [25 26)
thread idx 7 steal from 1 [33 34)
thread idx 7 steal from 1 [41 42)
thread idx 7 steal from 1 [49 50)
thread idx 7 steal from 1 [57 58)
thread idx 7 steal from 2 [2 3)
thread idx 7 steal from 2 [10 11)
thread idx 7 steal from 2 [18 19)
thread idx 7 steal from 2 [26 27)
thread idx 7 steal from 2 [34 35)
thread idx 7 steal from 2 [42 43)
thread idx 7 steal from 2 [50 51)
thread idx 7 steal from 2 [58 59)
thread idx 7 steal from 3 [3 4)
thread idx 7 steal from 3 [11 12)
thread idx 7 steal from 3 [19 20)
thread idx 7 steal from 3 [27 28)
thread idx 7 steal from 3 [35 36)
thread idx 7 steal from 3 [43 44)
thread idx 7 steal from 3 [51 52)
thread idx 7 steal from 3 [59 60)
thread idx 1 steal from 4 [4 5)
thread idx 6 steal from 4 [20 21)
thread idx 6 steal from 4 [28 29)
thread idx 6 steal from 4 [36 37)
thread idx 6 steal from 4 [44 45)
thread idx 6 steal from 4 [52 53)
thread idx 0 steal from 4 [60 61)
thread idx 1 steal from 5 [13 14)
thread idx 0 steal from 5 [21 22)
thread idx 1 steal from 5 [29 30)
thread idx 0 steal from 5 [37 38)
thread idx 1 steal from 5 [45 46)
thread idx 1 steal from 5 [53 54)
thread idx 0 steal from 5 [61 62)
thread idx 7 steal from 4 [12 13)
thread idx 6 steal from 5 [5 6)
threadid 6 done 1 task, taskid 22, remainingTaksNum 128
thread idx 23, Get A workFromWaitingQueue, taskId64, num_total_tasks 0 deped_has_not_been_done_num 64
thread idx 4 steal from 5 [5 6)
thread idx 4 steal from 5 [13 14)
thread idx 4 steal from 5 [21 22)
thread idx 4 steal from 5 [29 30)
thread idx 4 steal from 5 [37 38)
thread idx 4 steal from 5 [45 46)
thread idx 4 steal from 5 [53 54)
thread idx 4 steal from 5 [61 62)
thread idx 4 steal from 6 [6 7)
thread idx 4 steal from 6 [14 15)
thread idx 4 steal from 6 [22 23)
thread idx 4 steal from 6 [30 31)
thread idx 4 steal from 6 [38 39)
thread idx 4 steal from 6 [46 47)
thread idx 4 steal from 6 [54 55)
thread idx 4 steal from 6 [62 63)
thread idx 4 steal from 7 [15 16)
thread idx 6 steal from 7 [23 24)
thread idx 4 steal from 7 [31 32)
thread idx 6 steal from 7 [39 40)
thread idx 6 steal from 7 [55 56)
thread idx 6 steal from 7 [63 64)
thread idx 6 steal from 0 [0 1)
thread idx 6 steal from 0 [8 9)
thread idx 6 steal from 0 [16 17)
thread idx 6 steal from 0 [24 25)
thread idx 4 steal from 7 [47 48)
thread idx 1 steal from 2 [2 3)
thread idx 6 steal from 0 [32 33)
thread idx 1 steal from 2 [10 11)
thread idx 1 steal from 2 [18 19)
thread idx 1 steal from 2 [26 27)
thread idx 1 steal from 2 [34 35)
thread idx 6 steal from 0 [48 49)
thread idx 1 steal from 2 [42 43)
thread idx 7 steal from 0 [56 57)
thread idx 1 steal from 2 [58 59)
thread idx 6 steal from 2 [50 51)
thread idx 7 steal from 3 [3 4)
thread idx 1 steal from 3 [11 12)
thread idx 7 steal from 3 [19 20)
thread idx 6 steal from 3 [27 28)
thread idx 1 steal from 3 [35 36)
thread idx 4 steal from 0 [40 41)
thread idx 6 steal from 3 [51 52)
thread idx 4 steal from 3 [59 60)
thread idx 7 steal from 3 [43 44)
threadid 7 done 1 task, taskid 23, remainingTaksNum 127
thread idx 24, Get A workFromWaitingQueue, taskId64, num_total_tasks 0 deped_has_not_been_done_num 64
thread idx 7 steal from 0 [0 1)
thread idx 2 steal from 3 [3 4)
thread idx 0 steal from 1 [1 2)
thread idx 0 steal from 1 [9 10)
thread idx 0 steal from 1 [17 18)
thread idx 0 steal from 1 [25 26)
thread idx 0 steal from 1 [33 34)
thread idx 0 steal from 1 [41 42)
thread idx 0 steal from 1 [49 50)
thread idx 0 steal from 1 [57 58)
thread idx 0 steal from 3 [11 12)
thread idx 0 steal from 3 [19 20)
begin to add new task, new taskId 151, deps[ thread idx 5 steal from 3 [35 36)
thread idx 2 steal from 3 [43 44)
thread idx 6 steal from 0 [16 17)
thread idx 2 steal from 3 [51 52)
thread idx 5 steal from 3 [59 60)
thread idx 2 steal from 4 [4 5)
thread idx 2 steal from 4 [12 13)
150 thread idx 5 steal from 4 [28 29)
]
thread idx 7 steal from 0 [8 9)
remainiTask Num is 128
begin to add new task, new taskId 152, deps[ 151 ]
remainiTask Num is 129
begin to add new task, new taskId 153, deps[ 152 ]
remainiTask Num is 130
begin to add new task, new taskId 154, deps[ 153 ]
remainiTask Num is 131
begin to add new task, new taskId 155, deps[ 154 ]
remainiTask Num is 132
thread idx 2 steal from 4 [44 45)
thread idx 2 steal from 4 [52 53)
thread idx 7 steal from 4 [60 61)
thread idx 6 steal from 4 [20 21)
thread idx 0 steal from 3 [27 28)
thread idx 5 steal from 4 [36 37)
threadid 5 done 1 task, taskid 24, remainingTaksNum 131
thread idx 25, Get A workFromWaitingQueue, taskId64, num_total_tasks 0 deped_has_not_been_done_num 64
thread idx 3 steal from 4 [4 5)
thread idx 3 steal from 4 [12 13)
thread idx 3 steal from 4 [20 21)
thread idx 3 steal from 4 [28 29)
thread idx 3 steal from 4 [36 37)
thread idx 3 steal from 4 [44 45)
thread idx 2 steal from 4 [52 53)
thread idx 2 steal from 5 [5 6)
thread idx 2 steal from 5 [13 14)
thread idx 2 steal from 5 [21 22)
thread idx 2 steal from 5 [29 30)
thread idx 6 steal from 7 [63 64)
thread idx 7 steal from 0 [0 1)
thread idx 5 steal from 0 [8 9)
thread idx 7 steal from 0 [16 17)
thread idx 5 steal from 0 [24 25)
thread idx 3 steal from 4 [60 61)
thread idx 3 steal from 0 [40 41)
thread idx 5 steal from 0 [48 49)
thread idx 7 steal from 0 [32 33)
thread idx 3 steal from 0 [56 57)
thread idx 5 steal from 1 [1 2)
thread idx 7 steal from 1 [9 10)
thread idx 3 steal from 1 [17 18)
thread idx 5 steal from 1 [25 26)
thread idx 7 steal from 1 [33 34)
thread idx 3 steal from 1 [41 42)
thread idx 5 steal from 1 [49 50)
thread idx 7 steal from 1 [57 58)
thread idx 2 steal from 5 [45 46)
threadid 2 done 1 task, taskid 25, remainingTaksNum 130
thread idx 26, Get A workFromWaitingQueue, taskId64, num_total_tasks 0 deped_has_not_been_done_num 64
thread idx 5 steal from 6 [6 7)
thread idx 5 steal from 6 [14 15)
thread idx 5 steal from 6 [22 23)
thread idx 5 steal from 6 [30 31)
thread idx 5 steal from 6 [38 39)
thread idx 5 steal from 6 [46 47)
thread idx 5 steal from 6 [54 55)
begin to add new task, new taskId 156, deps[ thread idx 6 steal from 7 [7 8)
155 ]
thread idx 6 steal from 7 [15 16)
remainiTask Num is 131
thread idx 6 steal from 7 [23 24)
begin to add new task, new taskId 157, deps[ 156 thread idx 6 steal from 7 [31 32)
]
remainiTask Num is 132
begin to add new task, new taskId 158, deps[ 157 ]
remainiTask Num is 133
thread idx 6 steal from 7 [39 40)
begin to add new task, new taskId 159, deps[ 158 ]
remainiTask Num is 134
thread idx 6 steal from 7 [47 48)
thread idx 6 steal from 7 [55 56)
thread idx 4 steal from 7 [63 64)
thread idx 6 steal from 0 [56 57)
thread idx 4 steal from 1 [1 2)
thread idx 6 steal from 1 [17 18)
thread idx 4 steal from 1 [25 26)
thread idx 5 steal from 6 [62 63)
thread idx 4 steal from 1 [41 42)
thread idx 5 steal from 2 [2 3)
thread idx 5 steal from 2 [26 27)
thread idx 4 steal from 2 [18 19)
thread idx 5 steal from 2 [34 35)
thread idx 5 steal from 2 [42 43)
begin to add new task, new taskId 160, deps[ 159 ]
thread idx 5 steal from 2 [50 51)
thread idx 5 steal from 2 [58 59)
remainiTask Num is 135
thread idx 5 steal from 3 [3 4)
begin to add new task, new taskId 161, deps[ 160 ]
thread idx 5 steal from 3 [11 12)
thread idx 5 steal from 3 [19 20)
thread idx 5 steal from 3 [27 28)
thread idx 5 steal from 3 [35 36)
thread idx 5 steal from 3 [43 44)
thread idx 6 steal from 3 [51 52)
thread idx 4 steal from 3 [59 60)
thread idx 0 steal from 1 [9 10)
remainiTask Num is 136
thread idx 1 steal from 2 [10 11)
threadid 1 done 1 task, taskid 26, remainingTaksNum 135
thread idx 27, Get A workFromWaitingQueue, taskId64, num_total_tasks 0 deped_has_not_been_done_num 64
thread idx 2 steal from 3 [3 4)
thread idx 2 steal from 3 [11 12)
thread idx 2 steal from 3 [19 20)
thread idx 2 steal from 3 [27 28)
thread idx 2 steal from 3 [35 36)
thread idx 2 steal from 3 [43 44)
thread idx 2 steal from 3 [51 52)
thread idx 2 steal from 3 [59 60)
thread idx 2 steal from 4 [4 5)
thread idx 2 steal from 4 [12 13)
thread idx 2 steal from 4 [20 21)
thread idx 2 steal from 4 [28 29)
thread idx 2 steal from 4 [36 37)
thread idx 3 steal from 4 [44 45)
thread idx 5 steal from 6 [6 7)
thread idx 3 steal from 4 [60 61)
thread idx 7 steal from 0 [8 9)
thread idx 3 steal from 6 [14 15)
thread idx 0 steal from 1 [1 2)
thread idx 7 steal from 1 [9 10)
thread idx 2 steal from 4 [52 53)
thread idx 5 steal from 6 [30 31)
thread idx 7 steal from 1 [17 18)
thread idx 2 steal from 6 [38 39)
thread idx 5 steal from 6 [46 47)
thread idx 2 steal from 6 [54 55)
thread idx 7 steal from 1 [33 34)
thread idx 2 steal from 6 [62 63)
thread idx 7 steal from 1 [41 42)
thread idx 5 steal from 1 [49 50)
thread idx 2 steal from 1 [57 58)
thread idx 0 steal from 1 [25 26)
thread idx 3 steal from 6 [22 23)
threadid 3 done 1 task, taskid 27, remainingTaksNum 134
thread idx 28, Get A workFromWaitingQueue, taskId64, num_total_tasks 0 deped_has_not_been_done_num 64
thread idx 4 steal from 5 [5 6)
thread idx 4 steal from 5 [13 14)
thread idx 4 steal from 5 [21 22)
thread idx 4 steal from 5 [29 30)
thread idx 4 steal from 5 [37 38)
thread idx 4 steal from 5 [45 46)
thread idx 4 steal from 5 [53 54)
thread idx 4 steal from 5 [61 62)
thread idx 4 steal from 6 [6 7)
thread idx 4 steal from 6 [14 15)
thread idx 4 steal from 6 [22 23)
thread idx 4 steal from 6 [30 31)
thread idx 7 steal from 0 [0 1)
thread idx 4 steal from 6 [38 39)
thread idx 7 steal from 0 [8 9)
thread idx 4 steal from 6 [46 47)
thread idx 4 steal from 6 [54 55)
thread idx 7 steal from 0 [16 17)
thread idx 4 steal from 6 [62 63)
thread idx 7 steal from 0 [24 25)
thread idx 4 steal from 0 [32 33)
thread idx 7 steal from 0 [40 41)
thread idx 4 steal from 0 [48 49)
thread idx 7 steal from 0 [56 57)
thread idx 4 steal from 1 [1 2)
thread idx 7 steal from 1 [9 10)
thread idx 4 steal from 1 [17 18)
thread idx 7 steal from 1 [25 26)
thread idx 4 steal from 1 [33 34)
thread idx 7 steal from 1 [41 42)
thread idx 4 steal from 1 [49 50)
thread idx 7 steal from 1 [57 58)
thread idx 4 steal from 2 [2 3)
thread idx 7 steal from 2 [10 11)
thread idx 4 steal from 2 [18 19)
thread idx 7 steal from 2 [26 27)
thread idx 4 steal from 2 [34 35)
thread idx 7 steal from 2 [42 43)
thread idx 4 steal from 2 [50 51)
thread idx 7 steal from 2 [58 59)
thread idx 4 steal from 3 [3 4)
thread idx 4 steal from 3 [11 12)
thread idx 7 steal from 3 [19 20)
thread idx 1 steal from 3 [27 28)
thread idx 7 steal from 3 [43 44)
thread idx 4 steal from 3 [35 36)
thread idx 1 steal from 3 [51 52)
thread idx 5 steal from 3 [59 60)
threadid 5 done 1 task, taskid 28, remainingTaksNum 133
thread idx 29, Get A workFromWaitingQueue, taskId64, num_total_tasks 0 deped_has_not_been_done_num 64
thread idx 4 steal from 5 [5 6)
thread idx 4 steal from 5 [13 14)
thread idx 4 steal from 5 [21 22)
thread idx 4 steal from 5 [29 30)
thread idx 4 steal from 5 [37 38)
thread idx 4 steal from 5 [45 46)
thread idx 4 steal from 5 [53 54)
thread idx 4 steal from 5 [61 62)
thread idx 4 steal from 6 [6 7)
thread idx 4 steal from 6 [14 15)
thread idx 4 steal from 6 [22 23)
thread idx 4 steal from 6 [30 31)
thread idx 4 steal from 6 [38 39)
thread idx 4 steal from 6 [46 47)
thread idx 4 steal from 6 [54 55)
thread idx 4 steal from 7 [7 8)
thread idx 6 steal from 7 [15 16)
thread idx 4 steal from 7 [23 24)
thread idx 6 steal from 7 [31 32)
thread idx 4 steal from 7 [39 40)
thread idx 6 steal from 7 [47 48)
thread idx 4 steal from 7 [55 56)
thread idx 0 steal from 1 [1 2)
thread idx 0 steal from 1 [9 10)
thread idx 0 steal from 1 [17 18)
thread idx 0 steal from 1 [25 26)
thread idx 0 steal from 1 [33 34)
thread idx 0 steal from 1 [41 42)
thread idx 0 steal from 1 [49 50)
thread idx 0 steal from 1 [57 58)
thread idx 0 steal from 3 [19 20)
thread idx 0 steal from 3 [43 44)
thread idx 0 steal from 3 [59 60)
begin to add new task, new taskId 162, deps[ 161 ]
remainiTask Num is 134
begin to add new task, new taskId 163, deps[ 162 ]
remainiTask Num is 135
begin to add new task, new taskId 164, deps[ 163 ]
remainiTask Num is 136
thread idx 6 steal from 7 [63 64)
thread idx 2 steal from 3 [3 4)
threadid 2 done 1 task, taskid 29, remainingTaksNum 135
thread idx 30, Get A workFromWaitingQueue, taskId64, num_total_tasks 0 deped_has_not_been_done_num 64
thread idx 6 steal from 7 [7 8)
thread idx 6 steal from 7 [15 16)
thread idx 4 steal from 5 [5 6)
thread idx 6 steal from 7 [23 24)
thread idx 0 steal from 1 [1 2)
thread idx 4 steal from 5 [13 14)
thread idx 4 steal from 5 [21 22)
thread idx 4 steal from 5 [29 30)
thread idx 4 steal from 5 [37 38)
thread idx 4 steal from 5 [45 46)
thread idx 0 steal from 1 [17 18)
thread idx 7 steal from 1 [9 10)
thread idx 4 steal from 5 [61 62)
thread idx 7 steal from 1 [25 26)
thread idx 4 steal from 1 [33 34)
thread idx 0 steal from 1 [41 42)
thread idx 7 steal from 1 [49 50)
thread idx 3 steal from 5 [53 54)
begin to add new task, new taskId 165, deps[ 164 ]
remainiTask Num is 136
begin to add new task, new taskId 166, deps[ 165 ]
remainiTask Num is 137
begin to add new task, new taskId 167, deps[ 166 ]
remainiTask Num is 138
begin to add new task, new taskId 168, deps[ 167 ]
remainiTask Num is 139
begin to add new task, new taskId 169, deps[ 168 ]
remainiTask Num is 140
begin to add new task, new taskId 170, deps[ 169 ]
remainiTask Num is 141
begin to add new task, new taskId 171, deps[ 170 ]
remainiTask Num is 142
begin to add new task, new taskId 172, deps[ 171 ]
remainiTask Num is 143
begin to add new task, new taskId 173, deps[ 172 ]
remainiTask Num is 144
begin to add new task, new taskId 174, deps[ 173 ]
remainiTask Num is 145
begin to add new task, new taskId 175, deps[ 174 ]
remainiTask Num is 146
begin to add new task, new taskId 176, deps[ 175 ]
remainiTask Num is 147
begin to add new task, new taskId 177, deps[ 176 ]
remainiTask Num is 148
begin to add new task, new taskId 178, deps[ 177 ]
thread idx 3 steal from 2 [42 43)
remainiTask Num is 149
thread idx 4 steal from 1 [57 58)
thread idx 0 steal from 2 [2 3)
thread idx 5 steal from 2 [18 19)
thread idx 7 steal from 2 [10 11)
thread idx 6 steal from 7 [31 32)
threadid 6 done 1 task, taskid 30, remainingTaksNum 148
thread idx 31, Get A workFromWaitingQueue, taskId64, num_total_tasks 0 deped_has_not_been_done_num 64
thread idx 6 steal from 7 [7 8)
thread idx 6 steal from 7 [15 16)
thread idx 6 steal from 7 [23 24)
thread idx 6 steal from 7 [31 32)
thread idx 6 steal from 7 [47 48)
thread idx 6 steal from 7 [63 64)
thread idx 7 steal from 0 [0 1)
thread idx 6 steal from 0 [8 9)
thread idx 7 steal from 0 [16 17)
thread idx 6 steal from 0 [24 25)
thread idx 7 steal from 0 [32 33)
thread idx 6 steal from 0 [40 41)
thread idx 7 steal from 0 [56 57)
thread idx 6 steal from 1 [1 2)
thread idx 7 steal from 1 [9 10)
thread idx 6 steal from 1 [25 26)
thread idx 7 steal from 1 [33 34)
thread idx 0 steal from 1 [17 18)
thread idx 7 steal from 1 [41 42)
thread idx 6 steal from 1 [49 50)
thread idx 7 steal from 1 [57 58)
thread idx 0 steal from 2 [2 3)
thread idx 6 steal from 2 [10 11)
thread idx 7 steal from 2 [18 19)
thread idx 0 steal from 2 [26 27)
thread idx 6 steal from 2 [34 35)
begin to add new task, new taskId 179, deps[ thread idx 6 steal from 2 [58 59)
thread idx 6 steal from 3 [3 4)
thread idx 6 steal from 3 [11 12)
178 ]
thread idx 6 steal from 3 [19 20)
thread idx 6 steal from 3 [27 28)
thread idx 6 steal from 3 [35 36)
thread idx 7 steal from 2 [42 43)
thread idx 6 steal from 3 [43 44)
thread idx 0 steal from 2 [50 51)
thread idx 7 steal from 3 [51 52)
thread idx 2 steal from 5 [21 22)
thread idx 7 steal from 5 [37 38)
thread idx 7 steal from 5 [45 46)
thread idx 1 steal from 5 [29 30)
thread idx 2 steal from 5 [61 62)
thread idx 6 steal from 3 [59 60)
thread idx 0 steal from 4 [12 13)
thread idx 4 steal from 5 [5 6)
remainiTask Num is 149
begin to add new task, new taskId 180, deps[ 179 ]
remainiTask Num is 150
begin to add new task, new taskId 181, deps[ 180 ]
remainiTask Num is 151
begin to add new task, new taskId 182, deps[ 181 ]
remainiTask Num is 152
begin to add new task, new taskId 183, deps[ 182 ]
remainiTask Num is 153
begin to add new task, new taskId 184, deps[ 183 ]
remainiTask Num is 154
begin to add new task, new taskId 185, deps[ 184 ]
remainiTask Num is 155
thread idx 3 steal from 5 [13 14)
thread idx 7 steal from 5 [53 54)
threadid 7 done 1 task, taskid 31, remainingTaksNum 154
thread idx 32, Get A workFromWaitingQueue, taskId64, num_total_tasks 0 deped_has_not_been_done_num 64
thread idx 7 steal from 0 [0 1)
thread idx 7 steal from 0 [8 9)
thread idx 7 steal from 0 [16 17)
thread idx 7 steal from 0 [24 25)
thread idx 7 steal from 0 [32 33)
thread idx 7 steal from 0 [40 41)
thread idx 7 steal from 0 [48 49)
thread idx 7 steal from 0 [56 57)
thread idx 7 steal from 1 [1 2)
thread idx 7 steal from 1 [9 10)
thread idx 7 steal from 1 [17 18)
thread idx 7 steal from 1 [25 26)
thread idx 7 steal from 1 [33 34)
thread idx 7 steal from 1 [41 42)
thread idx 7 steal from 1 [49 50)
thread idx 7 steal from 1 [57 58)
thread idx 7 steal from 2 [2 3)
thread idx 5 steal from 6 [6 7)
thread idx 5 steal from 6 [14 15)
thread idx 5 steal from 6 [22 23)
thread idx 5 steal from 6 [30 31)
thread idx 5 steal from 6 [38 39)
thread idx 5 steal from 6 [46 47)
thread idx 5 steal from 6 [54 55)
thread idx 0 steal from 2 [18 19)
thread idx 5 steal from 6 [62 63)
thread idx 7 steal from 2 [10 11)
thread idx 6 steal from 2 [26 27)
thread idx 7 steal from 2 [50 51)
thread idx 5 steal from 2 [42 43)
thread idx 7 steal from 2 [58 59)
thread idx 7 steal from 3 [3 4)
thread idx 5 steal from 3 [11 12)
thread idx 7 steal from 3 [19 20)
thread idx 7 steal from 3 [27 28)
thread idx 5 steal from 3 [35 36)
thread idx 7 steal from 3 [43 44)
thread idx 7 steal from 3 [51 52)
thread idx 5 steal from 3 [59 60)
thread idx 7 steal from 4 [4 5)
thread idx 7 steal from 4 [12 13)
thread idx 5 steal from 4 [20 21)
thread idx 7 steal from 4 [28 29)
thread idx 5 steal from 4 [36 37)
thread idx 7 steal from 4 [44 45)
thread idx 7 steal from 4 [52 53)
thread idx 5 steal from 4 [60 61)
thread idx 0 steal from 2 [34 35)
threadid 0 done 1 task, taskid 32, remainingTaksNum 153
thread idx 33, Get A workFromWaitingQueue, taskId64, num_total_tasks 0 deped_has_not_been_done_num 64
thread idx 7 steal from 0 [0 1)
begin to add new task, new taskId 186, deps[ 185 ]
remainiTask Num is 154
begin to add new task, new taskId 187, deps[ 186 thread idx 7 steal from 0 [8 9)
]
thread idx 4 steal from 5 [5 6)
remainiTask Num is 155
thread idx 4 steal from 5 [13 14)
thread idx 4 steal from 5 [21 22)
thread idx 4 steal from 5 [29 30)
thread idx 7 steal from 0 [16 17)
thread idx 4 steal from 5 [37 38)
thread idx 7 steal from 0 [24 25)
thread idx 4 steal from 5 [45 46)
thread idx 7 steal from 0 [32 33)
thread idx 4 steal from 5 [53 54)
thread idx 3 steal from 5 [61 62)
thread idx 4 steal from 6 [6 7)
thread idx 4 steal from 6 [14 15)
thread idx 3 steal from 6 [22 23)
thread idx 4 steal from 6 [30 31)
thread idx 3 steal from 6 [38 39)
thread idx 7 steal from 0 [40 41)
thread idx 3 steal from 6 [54 55)
thread idx 3 steal from 6 [62 63)
thread idx 3 steal from 0 [48 49)
thread idx 1 steal from 2 [2 3)
thread idx 3 steal from 2 [10 11)
thread idx 7 steal from 0 [56 57)
thread idx 5 steal from 2 [26 27)
thread idx 7 steal from 2 [34 35)
thread idx 3 steal from 2 [42 43)
thread idx 4 steal from 6 [46 47)
begin to add new task, new taskId 188, deps[ 187 ]
remainiTask Num is 156
begin to add new task, new taskId 189, deps[ 188 ]
thread idx 1 steal from 2 [18 19)
threadid 1 done 1 task, taskid 33, remainingTaksNum 156
thread idx 34, Get A workFromWaitingQueue, taskId64, num_total_tasks 0 deped_has_not_been_done_num 64
remainiTask Num is 157
thread idx 1 steal from 2 [2 3)
thread idx 1 steal from 2 [10 11)
thread idx 1 steal from 2 [18 19)
thread idx 1 steal from 2 [26 27)
thread idx 1 steal from 2 [34 35)
thread idx 1 steal from 2 [42 43)
thread idx 1 steal from 2 [50 51)
thread idx 1 steal from 2 [58 59)
thread idx 1 steal from 3 [3 4)
thread idx 1 steal from 3 [11 12)
thread idx 1 steal from 3 [19 20)
thread idx 1 steal from 3 [27 28)
thread idx 1 steal from 3 [35 36)
thread idx 1 steal from 3 [43 44)
thread idx 1 steal from 3 [51 52)
thread idx 1 steal from 3 [59 60)
thread idx 1 steal from 4 [4 5)
thread idx 1 steal from 4 [12 13)
thread idx 1 steal from 4 [20 21)
thread idx 1 steal from 4 [28 29)
thread idx 1 steal from 4 [36 37)
thread idx 1 steal from 4 [44 45)
thread idx 1 steal from 4 [52 53)
thread idx 1 steal from 4 [60 61)
thread idx 1 steal from 6 [14 15)
thread idx 1 steal from 6 [22 23)
thread idx 1 steal from 6 [30 31)
thread idx 1 steal from 6 [38 39)
thread idx 1 steal from 6 [46 47)
thread idx 5 steal from 6 [6 7)
thread idx 5 steal from 6 [62 63)
thread idx 5 steal from 7 [7 8)
thread idx 5 steal from 7 [15 16)
thread idx 5 steal from 7 [23 24)
thread idx 5 steal from 7 [31 32)
thread idx 5 steal from 7 [39 40)
thread idx 1 steal from 6 [54 55)
thread idx 5 steal from 7 [47 48)
thread idx 1 steal from 7 [55 56)
thread idx 5 steal from 7 [63 64)
thread idx 1 steal from 0 [0 1)
thread idx 4 steal from 0 [8 9)
thread idx 1 steal from 0 [24 25)
thread idx 1 steal from 0 [32 33)
thread idx 1 steal from 0 [40 41)
thread idx 1 steal from 0 [48 49)
thread idx 1 steal from 0 [56 57)
thread idx 5 steal from 0 [16 17)
threadid 5 done 1 task, taskid 34, remainingTaksNum 155
thread idx 35, Get A workFromWaitingQueue, taskId64, num_total_tasks 0 deped_has_not_been_done_num 64
thread idx 5 steal from 6 [6 7)
thread idx 5 steal from 6 [14 15)
thread idx 5 steal from 6 [22 23)
thread idx 5 steal from 6 [30 31)
thread idx 5 steal from 6 [38 39)
thread idx 5 steal from 6 [46 47)
thread idx 5 steal from 6 [54 55)
thread idx 5 steal from 6 [62 63)
thread idx 5 steal from 7 [7 8)
thread idx 5 steal from 7 [15 16)
thread idx 5 steal from 7 [23 24)
thread idx 5 steal from 7 [31 32)
thread idx 5 steal from 7 [39 40)
thread idx 5 steal from 7 [47 48)
thread idx 5 steal from 7 [55 56)
thread idx 5 steal from 7 [63 64)
thread idx 5 steal from 0 [0 1)
thread idx 5 steal from 0 [8 9)
thread idx 5 steal from 0 [16 17)
thread idx 5 steal from 0 [24 25)
thread idx 5 steal from 0 [32 33)
thread idx 5 steal from 0 [40 41)
thread idx 5 steal from 0 [48 49)
thread idx 5 steal from 0 [56 57)
thread idx 4 steal from 1 [1 2)
thread idx 5 steal from 1 [9 10)
thread idx 4 steal from 1 [17 18)
thread idx 5 steal from 1 [25 26)
thread idx 4 steal from 1 [33 34)
thread idx 5 steal from 1 [41 42)
thread idx 4 steal from 1 [49 50)
thread idx 5 steal from 1 [57 58)
thread idx 4 steal from 2 [2 3)
thread idx 5 steal from 2 [10 11)
thread idx 4 steal from 2 [18 19)
thread idx 5 steal from 2 [26 27)
thread idx 4 steal from 2 [34 35)
thread idx 5 steal from 2 [42 43)
thread idx 6 steal from 2 [50 51)
thread idx 6 steal from 3 [43 44)
thread idx 4 steal from 2 [58 59)
thread idx 5 steal from 3 [3 4)
threadid 5 done 1 task, taskid 35, remainingTaksNum 154
thread idx 36, Get A workFromWaitingQueue, taskId64, num_total_tasks 0 deped_has_not_been_done_num 64
thread idx 7 steal from 0 [0 1)
thread idx 7 steal from 0 [8 9)
thread idx 7 steal from 0 [16 17)
thread idx 5 steal from 6 [6 7)
thread idx 7 steal from 0 [24 25)
thread idx 5 steal from 6 [14 15)
thread idx 7 steal from 0 [32 33)
thread idx 5 steal from 6 [22 23)
thread idx 7 steal from 0 [40 41)
thread idx 5 steal from 6 [30 31)
thread idx 7 steal from 0 [48 49)
thread idx 5 steal from 6 [38 39)
thread idx 7 steal from 0 [56 57)
thread idx 5 steal from 6 [46 47)
thread idx 7 steal from 1 [1 2)
thread idx 5 steal from 6 [54 55)
thread idx 7 steal from 1 [9 10)
thread idx 5 steal from 6 [62 63)
thread idx 7 steal from 1 [17 18)
thread idx 7 steal from 2 [50 51)
thread idx 2 steal from 3 [35 36)
thread idx 7 steal from 3 [51 52)
thread idx 5 steal from 1 [25 26)
thread idx 4 steal from 1 [33 34)
begin to add new task, new taskId 190, deps[ 189 ]
thread idx 1 steal from 2 [2 3)
remainiTask Num is 155
threadid 1 done 1 task, taskid 36, remainingTaksNum 154
thread idx 37, Get A workFromWaitingQueue, taskId64, num_total_tasks 0 deped_has_not_been_done_num 64
thread idx 4 steal from 5 [5 6)
thread idx 4 steal from 5 [13 14)
thread idx 4 steal from 5 [21 22)
thread idx 4 steal from 5 [29 30)
thread idx 6 steal from 7 [7 8)
thread idx 4 steal from 5 [37 38)
thread idx 6 steal from 7 [15 16)
thread idx 4 steal from 5 [45 46)
thread idx 6 steal from 7 [23 24)
thread idx 4 steal from 5 [53 54)
thread idx 6 steal from 7 [31 32)
thread idx 4 steal from 5 [61 62)
thread idx 6 steal from 7 [39 40)
thread idx 6 steal from 7 [47 48)
thread idx 4 steal from 7 [55 56)
thread idx 6 steal from 7 [63 64)
thread idx 1 steal from 2 [2 3)
thread idx 6 steal from 0 [8 9)
thread idx 4 steal from 0 [0 1)
thread idx 1 steal from 2 [10 11)
thread idx 6 steal from 0 [16 17)
thread idx 4 steal from 0 [24 25)
thread idx 1 steal from 2 [18 19)
thread idx 7 steal from 0 [32 33)
thread idx 4 steal from 0 [48 49)
thread idx 7 steal from 0 [56 57)
thread idx 4 steal from 2 [26 27)
thread idx 1 steal from 2 [42 43)
thread idx 7 steal from 2 [34 35)
thread idx 4 steal from 2 [50 51)
thread idx 1 steal from 2 [58 59)
thread idx 7 steal from 3 [3 4)
thread idx 4 steal from 3 [11 12)
thread idx 1 steal from 3 [19 20)
thread idx 7 steal from 3 [27 28)
thread idx 4 steal from 3 [35 36)
thread idx 1 steal from 3 [43 44)
thread idx 4 steal from 3 [51 52)
thread idx 7 steal from 3 [59 60)
thread idx 6 steal from 0 [40 41)
threadid 6 done 1 task, taskid 37, remainingTaksNum 153
thread idx 6 steal from 0 [0 1)
thread idx 38, Get A workFromWaitingQueue, taskId64, num_total_tasks 0 deped_has_not_been_done_num 64
thread idx 1 steal from 2 [2 3)
thread idx 5 steal from 7 [15 16)
thread idx 5 steal from 7 [23 24)
thread idx 5 steal from 7 [31 32)
thread idx 1 steal from 2 [10 11)
thread idx 5 steal from 7 [39 40)
thread idx 1 steal from 2 [18 19)
thread idx 5 steal from 7 [47 48)
thread idx 1 steal from 2 [26 27)
thread idx 5 steal from 7 [55 56)
thread idx 1 steal from 2 [34 35)
thread idx 5 steal from 7 [63 64)
thread idx 1 steal from 2 [42 43)
thread idx 5 steal from 0 [8 9)
thread idx 1 steal from 2 [50 51)
thread idx 5 steal from 0 [16 17)
thread idx 1 steal from 2 [58 59)
thread idx 5 steal from 0 [24 25)
thread idx 1 steal from 3 [3 4)
thread idx 5 steal from 0 [32 33)
thread idx 1 steal from 3 [11 12)
thread idx 5 steal from 0 [40 41)
thread idx 1 steal from 3 [19 20)
thread idx 5 steal from 0 [48 49)
thread idx 1 steal from 3 [27 28)
thread idx 5 steal from 0 [56 57)
thread idx 6 steal from 7 [7 8)
thread idx 5 steal from 3 [43 44)
thread idx 5 steal from 3 [51 52)
thread idx 5 steal from 3 [59 60)
thread idx 5 steal from 4 [4 5)
thread idx 7 steal from 4 [12 13)
thread idx 6 steal from 4 [28 29)
thread idx 7 steal from 4 [36 37)
thread idx 7 steal from 4 [44 45)
thread idx 7 steal from 4 [52 53)
thread idx 1 steal from 3 [35 36)
thread idx 7 steal from 4 [60 61)
thread idx 5 steal from 4 [20 21)
threadid 5 done 1 task, taskid 38, remainingTaksNum 152
thread idx 39, Get A workFromWaitingQueue, taskId64, num_total_tasks 0 deped_has_not_been_done_num 64
begin to add new task, new taskId 191, deps[ 190 ]
thread idx 4 steal from 5 [5 6)
thread idx 4 steal from 5 [13 14)
thread idx 4 steal from 5 [21 22)
thread idx 4 steal from 5 [29 30)
thread idx 4 steal from 5 [37 38)
thread idx 3 steal from 5 [45 46)
thread idx 4 steal from 5 [53 54)
thread idx 3 steal from 5 [61 62)
thread idx 3 steal from 6 [6 7)
thread idx 4 steal from 6 [14 15)
thread idx 3 steal from 6 [22 23)
thread idx 4 steal from 6 [30 31)
thread idx 3 steal from 6 [38 39)
thread idx 4 steal from 6 [46 47)
thread idx 3 steal from 6 [54 55)
remainiTask Num is 153
thread idx 3 steal from 7 [7 8)
thread idx 3 steal from 7 [15 16)
thread idx 4 steal from 6 [62 63)
thread idx 4 steal from 7 [23 24)
thread idx 4 steal from 7 [31 32)
thread idx 4 steal from 7 [39 40)
thread idx 4 steal from 7 [47 48)
thread idx 4 steal from 7 [55 56)
thread idx 4 steal from 7 [63 64)
thread idx 4 steal from 0 [0 1)
thread idx 4 steal from 0 [8 9)
thread idx 4 steal from 0 [16 17)
thread idx 4 steal from 0 [24 25)
thread idx 4 steal from 0 [32 33)
thread idx 4 steal from 0 [40 41)
thread idx 4 steal from 0 [48 49)
thread idx 4 steal from 0 [56 57)
thread idx 4 steal from 1 [1 2)
thread idx 4 steal from 1 [9 10)
thread idx 4 steal from 1 [17 18)
thread idx 4 steal from 1 [25 26)
thread idx 4 steal from 1 [33 34)
thread idx 4 steal from 1 [41 42)
thread idx 4 steal from 1 [49 50)
thread idx 4 steal from 1 [57 58)
thread idx 4 steal from 2 [2 3)
thread idx 4 steal from 2 [10 11)
thread idx 4 steal from 2 [18 19)
thread idx 4 steal from 2 [26 27)
thread idx 1 steal from 2 [34 35)
thread idx 7 steal from 2 [50 51)
thread idx 1 steal from 2 [58 59)
thread idx 4 steal from 2 [42 43)
threadid 3 done 1 task, taskid 39, remainingTaksNum 152
begin to add new task, new taskId 192, deps[ 191 ]
remainiTask Num is 153
begin to add new task, new taskId 193, deps[ 192 ]
remainiTask Num is 154
begin to add new task, new taskId 194, deps[ 193 ]
remainiTask Num is 155
begin to add new task, new taskId 195, deps[ 194 ]
remainiTask Num is 156
begin to add new task, new taskId 196, deps[ 195 ]
remainiTask Num is 157
begin to add new task, new taskId 197, deps[ 196 ]
remainiTask Num is 158
begin to add new task, new taskId 198, deps[ 197 ]
remainiTask Num is 159
begin to add new task, new taskId 199, deps[ 198 ]
remainiTask Num is 160
begin to add new task, new taskId 200, deps[ 199 ]
remainiTask Num is 161
begin to add new task, new taskId 201, deps[ 200 ]
remainiTask Num is 162
begin to add new task, new taskId 202, deps[ 201 ]
remainiTask Num is 163
begin to add new task, new taskId 203, deps[ 202 ]
remainiTask Num is 164
begin to add new task, new taskId 204, deps[ 203 ]
remainiTask Num is 165
begin to add new task, new taskId 205, deps[ 204 ]
remainiTask Num is 166
begin to add new task, new taskId 206, deps[ 205 ]
remainiTask Num is 167
begin to add new task, new taskId 207, deps[ 206 ]
remainiTask Num is 168
begin to add new task, new taskId 208, deps[ 207 ]
remainiTask Num is 169
begin to add new task, new taskId 209, deps[ 208 ]
remainiTask Num is 170
begin to add new task, new taskId 210, deps[ 209 ]
remainiTask Num is 171
begin to add new task, new taskId 211, deps[ 210 ]
remainiTask Num is 172
begin to add new task, new taskId 212, deps[ 211 ]
remainiTask Num is 173
begin to add new task, new taskId 213, deps[ 212 ]
remainiTask Num is 174
begin to add new task, new taskId 214, deps[ 213 ]
remainiTask Num is 175
begin to add new task, new taskId 215, deps[ 214 ]
remainiTask Num is 176
begin to add new task, new taskId 216, deps[ 215 ]
remainiTask Num is 177
begin to add new task, new taskId 217, deps[ 216 ]
remainiTask Num is 178
begin to add new task, new taskId 218, deps[ 217 ]
remainiTask Num is 179
begin to add new task, new taskId 219, deps[ 218 ]
remainiTask Num is 180
begin to add new task, new taskId 220, deps[ 219 ]
remainiTask Num is 181
begin to add new task, new taskId 221, deps[ 220 ]
remainiTask Num is 182
begin to add new task, new taskId 222, deps[ 221 ]
remainiTask Num is 183
begin to add new task, new taskId 223, deps[ 222 ]
remainiTask Num is 184
begin to add new task, new taskId 224, deps[ 223 ]
remainiTask Num is 185
begin to add new task, new taskId 225, deps[ 224 ]
remainiTask Num is 186
begin to add new task, new taskId 226, deps[ 225 ]
remainiTask Num is 187
begin to add new task, new taskId 227, deps[ 226 ]
remainiTask Num is 188
begin to add new task, new taskId 228, deps[ 227 ]
remainiTask Num is 189
begin to add new task, new taskId 229, deps[ 228 ]
remainiTask Num is 190
begin to add new task, new taskId 230, deps[ 229 ]
remainiTask Num is 191
begin to add new task, new taskId 231, deps[ 230 ]
remainiTask Num is 192
begin to add new task, new taskId 232, deps[ 231 ]
remainiTask Num is 193
begin to add new task, new taskId 233, deps[ 232 ]
remainiTask Num is 194
begin to add new task, new taskId 234, deps[ 233 ]
remainiTask Num is 195
begin to add new task, new taskId 235, deps[ 234 ]
remainiTask Num is 196
begin to add new task, new taskId 236, deps[ 235 ]
remainiTask Num is 197
begin to add new task, new taskId 237, deps[ 236 ]
remainiTask Num is 198
begin to add new task, new taskId 238, deps[ 237 ]
remainiTask Num is 199
begin to add new task, new taskId 239, deps[ 238 ]
remainiTask Num is 200
begin to add new task, new taskId 240, deps[ 239 ]
remainiTask Num is 201
begin to add new task, new taskId 241, deps[ 240 ]
remainiTask Num is 202
begin to add new task, new taskId 242, deps[ 241 ]
remainiTask Num is 203
begin to add new task, new taskId 243, deps[ 242 ]
remainiTask Num is 204
begin to add new task, new taskId 244, deps[ 243 ]
remainiTask Num is 205
begin to add new task, new taskId 245, deps[ 244 ]
remainiTask Num is 206
begin to add new task, new taskId 246, deps[ 245 ]
remainiTask Num is 207
begin to add new task, new taskId 247, deps[ 246 ]
remainiTask Num is 208
begin to add new task, new taskId 248, deps[ 247 ]
remainiTask Num is 209
begin to add new task, new taskId 249, deps[ 248 ]
remainiTask Num is 210
begin to add new task, new taskId 250, deps[ 249 ]
remainiTask Num is 211
begin to add new task, new taskId 251, deps[ 250 ]
remainiTask Num is 212
begin to add new task, new taskId 252, deps[ 251 ]
remainiTask Num is 213
begin to add new task, new taskId 253, deps[ 252 ]
remainiTask Num is 214
begin to add new task, new taskId 254, deps[ 253 ]
remainiTask Num is 215
begin to add new task, new taskId 255, deps[ 254 ]
remainiTask Num is 216
begin to add new task, new taskId 256, deps[ 255 ]
remainiTask Num is 217
begin to add new task, new taskId 257, deps[ 256 ]
remainiTask Num is 218
begin to add new task, new taskId 258, deps[ 257 ]
remainiTask Num is 219
begin to add new task, new taskId 259, deps[ 258 ]
remainiTask Num is 220
begin to add new task, new taskId 260, deps[ 259 ]
remainiTask Num is 221
begin to add new task, new taskId 261, deps[ 260 ]
remainiTask Num is 222
begin to add new task, new taskId 262, deps[ 261 ]
remainiTask Num is 223
begin to add new task, new taskId 263, deps[ 262 ]
remainiTask Num is 224
begin to add new task, new taskId 264, deps[ 263 ]
remainiTask Num is 225
begin to add new task, new taskId 265, deps[ 264 ]
remainiTask Num is 226
begin to add new task, new taskId 266, deps[ 265 ]
remainiTask Num is 227
begin to add new task, new taskId 267, deps[ 266 ]
remainiTask Num is 228
begin to add new task, new taskId 268, deps[ 267 ]
remainiTask Num is 229
begin to add new task, new taskId 269, deps[ 268 ]
remainiTask Num is 230
begin to add new task, new taskId 270, deps[ 269 ]
remainiTask Num is 231
begin to add new task, new taskId 271, deps[ 270 ]
remainiTask Num is 232
begin to add new task, new taskId 272, deps[ 271 ]
remainiTask Num is 233
begin to add new task, new taskId 273, deps[ 272 ]
remainiTask Num is 234
begin to add new task, new taskId 274, deps[ 273 ]
remainiTask Num is 235
begin to add new task, new taskId 275, deps[ 274 ]
remainiTask Num is 236
begin to add new task, new taskId 276, deps[ 275 ]
remainiTask Num is 237
begin to add new task, new taskId 277, deps[ 276 ]
remainiTask Num is 238
begin to add new task, new taskId 278, deps[ 277 ]
remainiTask Num is 239
begin to add new task, new taskId 279, deps[ 278 ]
remainiTask Num is 240
begin to add new task, new taskId 280, deps[ 279 ]
remainiTask Num is 241
begin to add new task, new taskId 281, deps[ 280 ]
remainiTask Num is 242
begin to add new task, new taskId 282, deps[ 281 ]
remainiTask Num is 243
begin to add new task, new taskId 283, deps[ 282 ]
remainiTask Num is 244
begin to add new task, new taskId 284, deps[ 283 ]
remainiTask Num is 245
begin to add new task, new taskId 285, deps[ 284 ]
remainiTask Num is 246
begin to add new task, new taskId 286, deps[ 285 ]
remainiTask Num is 247
begin to add new task, new taskId 287, deps[ 286 ]
remainiTask Num is 248
begin to add new task, new taskId 288, deps[ 287 ]
remainiTask Num is 249
begin to add new task, new taskId 289, deps[ 288 ]
remainiTask Num is 250
begin to add new task, new taskId 290, deps[ 289 ]
remainiTask Num is 251
begin to add new task, new taskId 291, deps[ 290 ]
remainiTask Num is 252
begin to add new task, new taskId 292, deps[ 291 ]
remainiTask Num is 253
begin to add new task, new taskId 293, deps[ 292 ]
remainiTask Num is 254
begin to add new task, new taskId 294, deps[ 293 ]
remainiTask Num is 255
begin to add new task, new taskId 295, deps[ 294 ]
remainiTask Num is 256
begin to add new task, new taskId 296, deps[ 295 ]
remainiTask Num is 257
begin to add new task, new taskId 297, deps[ 296 ]
remainiTask Num is 258
begin to add new task, new taskId 298, deps[ 297 ]
remainiTask Num is 259
begin to add new task, new taskId 299, deps[ 298 ]
remainiTask Num is 260
begin to add new task, new taskId 300, deps[ 299 ]
remainiTask Num is 261
begin to add new task, new taskId 301, deps[ 300 ]
remainiTask Num is 262
begin to add new task, new taskId 302, deps[ 301 ]
remainiTask Num is 263
begin to add new task, new taskId 303, deps[ 302 ]
remainiTask Num is 264
begin to add new task, new taskId 304, deps[ 303 ]
remainiTask Num is 265
begin to add new task, new taskId 305, deps[ 304 ]
remainiTask Num is 266
begin to add new task, new taskId 306, deps[ 305 ]
remainiTask Num is 267
begin to add new task, new taskId 307, deps[ 306 ]
remainiTask Num is 268
begin to add new task, new taskId 308, deps[ 307 ]
remainiTask Num is 269
begin to add new task, new taskId 309, deps[ 308 ]
remainiTask Num is 270
begin to add new task, new taskId 310, deps[ 309 ]
remainiTask Num is 271
begin to add new task, new taskId 311, deps[ 310 ]
remainiTask Num is 272
begin to add new task, new taskId 312, deps[ 311 ]
remainiTask Num is 273
begin to add new task, new taskId 313, deps[ 312 ]
remainiTask Num is 274
begin to add new task, new taskId 314, deps[ 313 ]
remainiTask Num is 275
begin to add new task, new taskId 315, deps[ 314 ]
remainiTask Num is 276
begin to add new task, new taskId 316, deps[ 315 ]
remainiTask Num is 277
begin to add new task, new taskId 317, deps[ 316 ]
remainiTask Num is 278
begin to add new task, new taskId 318, deps[ 317 ]
remainiTask Num is 279
begin to add new task, new taskId 319, deps[ 318 ]
remainiTask Num is 280
begin to add new task, new taskId 320, deps[ 319 ]
remainiTask Num is 281
begin to add new task, new taskId 321, deps[ 320 ]
remainiTask Num is 282
begin to add new task, new taskId 322, deps[ 321 ]
remainiTask Num is 283
begin to add new task, new taskId 323, deps[ 322 ]
remainiTask Num is 284
begin to add new task, new taskId 324, deps[ 323 ]
remainiTask Num is 285
begin to add new task, new taskId 325, deps[ 324 ]
remainiTask Num is 286
begin to add new task, new taskId 326, deps[ 325 ]
remainiTask Num is 287
begin to add new task, new taskId 327, deps[ 326 ]
remainiTask Num is 288
thread idx 40, Get A workFromWaitingQueue, taskId64, num_total_tasks 0 deped_has_not_been_done_num 64
thread idx 0 steal from 1 [1 2)
thread idx 0 steal from 1 [9 10)
thread idx 0 steal from 1 [17 18)
thread idx 0 steal from 1 [25 26)
thread idx 0 steal from 1 [33 34)
thread idx 0 steal from 1 [41 42)
thread idx 0 steal from 1 [49 50)
thread idx 0 steal from 1 [57 58)
thread idx 0 steal from 2 [2 3)
thread idx 0 steal from 2 [10 11)
thread idx 0 steal from 2 [18 19)
thread idx 0 steal from 2 [26 27)
thread idx 0 steal from 2 [34 35)
thread idx 0 steal from 2 [42 43)
thread idx 0 steal from 2 [50 51)
thread idx 0 steal from 2 [58 59)
thread idx 0 steal from 3 [3 4)
thread idx 0 steal from 3 [11 12)
thread idx 0 steal from 3 [19 20)
thread idx 0 steal from 3 [27 28)
thread idx 0 steal from 3 [35 36)
thread idx 0 steal from 3 [43 44)
thread idx 0 steal from 3 [51 52)
thread idx 0 steal from 3 [59 60)
thread idx 0 steal from 4 [4 5)
thread idx 0 steal from 4 [12 13)
thread idx 0 steal from 4 [20 21)
thread idx 0 steal from 4 [28 29)
thread idx 0 steal from 4 [36 37)
thread idx 0 steal from 4 [44 45)
thread idx 0 steal from 4 [52 53)
thread idx 0 steal from 4 [60 61)
thread idx 0 steal from 5 [5 6)
thread idx 0 steal from 5 [13 14)
thread idx 0 steal from 5 [21 22)
thread idx 0 steal from 5 [29 30)
thread idx 0 steal from 5 [37 38)
thread idx 0 steal from 5 [45 46)
thread idx 0 steal from 5 [53 54)
thread idx 0 steal from 5 [61 62)
thread idx 0 steal from 6 [6 7)
thread idx 0 steal from 6 [14 15)
thread idx 0 steal from 6 [22 23)
thread idx 0 steal from 6 [30 31)
thread idx 0 steal from 6 [38 39)
thread idx 7 steal from 6 [46 47)
thread idx 0 steal from 6 [54 55)
thread idx 7 steal from 6 [62 63)
threadid 7 done 1 task, taskid 40, remainingTaksNum 287
thread idx 41, Get A workFromWaitingQueue, taskId64, num_total_tasks 0 deped_has_not_been_done_num 64
thread idx 0 steal from 1 [1 2)
thread idx 0 steal from 1 [9 10)
thread idx 0 steal from 1 [17 18)
thread idx 0 steal from 1 [25 26)
thread idx 0 steal from 1 [33 34)
thread idx 0 steal from 1 [41 42)
thread idx 0 steal from 1 [49 50)
thread idx 0 steal from 1 [57 58)
thread idx 0 steal from 2 [2 3)
thread idx 0 steal from 2 [10 11)
thread idx 0 steal from 2 [18 19)
thread idx 0 steal from 2 [26 27)
thread idx 0 steal from 2 [34 35)
thread idx 0 steal from 2 [42 43)
thread idx 0 steal from 2 [50 51)
thread idx 0 steal from 2 [58 59)
thread idx 0 steal from 3 [3 4)
thread idx 0 steal from 3 [11 12)
thread idx 0 steal from 3 [19 20)
thread idx 0 steal from 3 [27 28)
thread idx 0 steal from 3 [35 36)
thread idx 0 steal from 3 [43 44)
thread idx 0 steal from 3 [51 52)
thread idx 0 steal from 3 [59 60)
thread idx 0 steal from 4 [4 5)
thread idx 0 steal from 4 [12 13)
thread idx 0 steal from 4 [20 21)
thread idx 0 steal from 4 [28 29)
thread idx 0 steal from 4 [36 37)
thread idx 0 steal from 4 [44 45)
thread idx 0 steal from 4 [52 53)
thread idx 0 steal from 4 [60 61)
thread idx 0 steal from 5 [5 6)
thread idx 0 steal from 5 [13 14)
thread idx 0 steal from 5 [21 22)
thread idx 0 steal from 5 [29 30)
thread idx 0 steal from 5 [37 38)
thread idx 0 steal from 5 [45 46)
thread idx 0 steal from 5 [53 54)
thread idx 0 steal from 5 [61 62)
thread idx 0 steal from 6 [6 7)
thread idx 0 steal from 6 [14 15)
thread idx 4 steal from 6 [22 23)
thread idx 0 steal from 6 [30 31)
thread idx 4 steal from 6 [38 39)
thread idx 0 steal from 6 [46 47)
thread idx 4 steal from 6 [54 55)
thread idx 0 steal from 6 [62 63)
thread idx 4 steal from 7 [7 8)
thread idx 0 steal from 7 [15 16)
thread idx 4 steal from 7 [23 24)
thread idx 0 steal from 7 [31 32)
thread idx 4 steal from 7 [39 40)
thread idx 0 steal from 7 [47 48)
thread idx 4 steal from 7 [55 56)
thread idx 0 steal from 7 [63 64)
threadid 0 done 1 task, taskid 41, remainingTaksNum 286
thread idx 42, Get A workFromWaitingQueue, taskId64, num_total_tasks 0 deped_has_not_been_done_num 64
thread idx 3 steal from 4 [4 5)
thread idx 3 steal from 4 [12 13)
thread idx 3 steal from 4 [20 21)
thread idx 3 steal from 4 [28 29)
thread idx 3 steal from 4 [36 37)
thread idx 3 steal from 4 [44 45)
thread idx 3 steal from 4 [52 53)
thread idx 3 steal from 4 [60 61)
thread idx 3 steal from 5 [5 6)
thread idx 3 steal from 5 [13 14)
thread idx 3 steal from 5 [21 22)
thread idx 3 steal from 5 [29 30)
thread idx 3 steal from 5 [37 38)
thread idx 3 steal from 5 [45 46)
thread idx 3 steal from 5 [53 54)
thread idx 3 steal from 5 [61 62)
thread idx 3 steal from 6 [6 7)
thread idx 3 steal from 6 [14 15)
thread idx 3 steal from 6 [22 23)
thread idx 3 steal from 6 [30 31)
thread idx 3 steal from 6 [38 39)
thread idx 3 steal from 6 [46 47)
thread idx 3 steal from 6 [54 55)
thread idx 3 steal from 6 [62 63)
thread idx 3 steal from 7 [7 8)
thread idx 3 steal from 7 [15 16)
thread idx 3 steal from 7 [23 24)
thread idx 3 steal from 7 [31 32)
thread idx 3 steal from 7 [39 40)
thread idx 3 steal from 7 [47 48)
thread idx 3 steal from 7 [55 56)
thread idx 3 steal from 7 [63 64)
thread idx 3 steal from 0 [0 1)
thread idx 3 steal from 0 [8 9)
thread idx 3 steal from 0 [16 17)
thread idx 3 steal from 0 [24 25)
thread idx 3 steal from 0 [32 33)
thread idx 3 steal from 0 [40 41)
thread idx 3 steal from 0 [48 49)
thread idx 3 steal from 0 [56 57)
thread idx 3 steal from 1 [1 2)
thread idx 3 steal from 1 [9 10)
thread idx 3 steal from 1 [17 18)
thread idx 3 steal from 1 [25 26)
thread idx 3 steal from 1 [33 34)
thread idx 3 steal from 1 [41 42)
thread idx 3 steal from 1 [49 50)
thread idx 3 steal from 1 [57 58)
thread idx 3 steal from 2 [2 3)
thread idx 3 steal from 2 [10 11)
thread idx 3 steal from 2 [18 19)
thread idx 3 steal from 2 [26 27)
thread idx 3 steal from 2 [34 35)
thread idx 3 steal from 2 [42 43)
thread idx 3 steal from 2 [50 51)
thread idx 3 steal from 2 [58 59)
threadid 3 done 1 task, taskid 42, remainingTaksNum 285
thread idx 43, Get A workFromWaitingQueue, taskId64, num_total_tasks 0 deped_has_not_been_done_num 64
thread idx 3 steal from 4 [4 5)
thread idx 3 steal from 4 [12 13)
thread idx 3 steal from 4 [20 21)
thread idx 3 steal from 4 [28 29)
thread idx 3 steal from 4 [36 37)
thread idx 3 steal from 4 [44 45)
thread idx 3 steal from 4 [52 53)
thread idx 3 steal from 4 [60 61)
thread idx 3 steal from 5 [53 54)
thread idx 3 steal from 6 [6 7)
thread idx 5 steal from 6 [14 15)
thread idx 5 steal from 6 [30 31)
thread idx 5 steal from 6 [38 39)
thread idx 5 steal from 6 [46 47)
thread idx 3 steal from 6 [22 23)
thread idx 5 steal from 6 [54 55)
thread idx 3 steal from 6 [62 63)
thread idx 3 steal from 7 [7 8)
thread idx 5 steal from 7 [15 16)
thread idx 3 steal from 7 [23 24)
thread idx 5 steal from 7 [31 32)
thread idx 3 steal from 7 [39 40)
thread idx 5 steal from 7 [47 48)
thread idx 3 steal from 7 [55 56)
thread idx 5 steal from 7 [63 64)
thread idx 3 steal from 0 [0 1)
thread idx 3 steal from 0 [8 9)
thread idx 5 steal from 0 [16 17)
thread idx 3 steal from 0 [24 25)
thread idx 3 steal from 0 [32 33)
thread idx 5 steal from 0 [40 41)
thread idx 3 steal from 0 [48 49)
thread idx 3 steal from 0 [56 57)
thread idx 5 steal from 1 [1 2)
thread idx 3 steal from 1 [9 10)
thread idx 5 steal from 1 [17 18)
thread idx 3 steal from 1 [25 26)
thread idx 5 steal from 1 [33 34)
thread idx 5 steal from 1 [41 42)
thread idx 3 steal from 1 [49 50)
thread idx 5 steal from 1 [57 58)
thread idx 3 steal from 2 [2 3)
thread idx 5 steal from 2 [10 11)
thread idx 3 steal from 2 [26 27)
thread idx 5 steal from 2 [34 35)
thread idx 3 steal from 2 [50 51)
threadid 3 done 1 task, taskid 43, remainingTaksNum 284
thread idx 2 steal from 0 [0 1)
thread idx 44, Get A workFromWaitingQueue, taskId64, num_total_tasks 0 deped_has_not_been_done_num 64
begin to add new task, new taskId 328, deps[ 327 ]
thread idx 2 steal from 3 [3 4)
thread idx 2 steal from 3 [11 12)
remainiTask Num is 285
thread idx 2 steal from 3 [19 20)
thread idx 2 steal from 3 [27 28)
begin to add new task, new taskId 329, deps[ 328 ]
thread idx 2 steal from 3 [35 36)
remainiTask Num is 286
begin to add new task, new taskId 330, deps[ 329 ]
thread idx 2 steal from 3 [43 44)
remainiTask Num is 287
thread idx 2 steal from 3 [51 52)
begin to add new task, new taskId 331, deps[ 330 ]
thread idx 2 steal from 3 [59 60)
remainiTask Num is 288
begin to add new task, new taskId 332, deps[ thread idx 2 steal from 4 [4 5)
thread idx 2 steal from 4 [12 13)
thread idx 2 steal from 4 [20 21)
thread idx 5 steal from 6 [6 7)
thread idx 5 steal from 6 [14 15)
thread idx 5 steal from 6 [22 23)
thread idx 5 steal from 6 [30 31)
thread idx 5 steal from 6 [38 39)
thread idx 5 steal from 6 [46 47)
thread idx 5 steal from 6 [54 55)
thread idx 2 steal from 4 [28 29)
thread idx 5 steal from 6 [62 63)
thread idx 5 steal from 7 [7 8)
thread idx 2 steal from 4 [36 37)
thread idx 5 steal from 7 [15 16)
thread idx 2 steal from 4 [44 45)
thread idx 5 steal from 7 [23 24)
thread idx 2 steal from 4 [52 53)
thread idx 5 steal from 7 [31 32)
thread idx 2 steal from 4 [60 61)
thread idx 5 steal from 7 [39 40)
thread idx 2 steal from 7 [47 48)
thread idx 5 steal from 7 [55 56)
thread idx 2 steal from 7 [63 64)
thread idx 5 steal from 0 [8 9)
thread idx 2 steal from 0 [16 17)
thread idx 5 steal from 0 [24 25)
thread idx 2 steal from 0 [32 33)
thread idx 5 steal from 0 [40 41)
thread idx 2 steal from 0 [48 49)
thread idx 2 steal from 1 [1 2)
thread idx 2 steal from 1 [9 10)
thread idx 2 steal from 1 [17 18)
thread idx 2 steal from 1 [25 26)
thread idx 2 steal from 1 [33 34)
thread idx 2 steal from 1 [41 42)
thread idx 2 steal from 1 [49 50)
thread idx 5 steal from 0 [56 57)
thread idx 2 steal from 1 [57 58)
threadid 2 done 1 task, taskid 44, remainingTaksNum 287
331 ]
remainiTask Num is 288
begin to add new task, new taskId 333, deps[ 332 ]
remainiTask Num is 289
begin to add new task, new taskId 334, deps[ 333 ]
remainiTask Num is 290
begin to add new task, new taskId 335, deps[ 334 ]
remainiTask Num is 291
thread idx 45, Get A workFromWaitingQueue, taskId64, num_total_tasks 0 deped_has_not_been_done_num 64
thread idx 6 steal from 7 [7 8)
thread idx 6 steal from 7 [15 16)
thread idx 6 steal from 7 [23 24)
thread idx 6 steal from 7 [31 32)
thread idx 6 steal from 7 [39 40)
thread idx 6 steal from 7 [47 48)
thread idx 6 steal from 7 [55 56)
thread idx 6 steal from 7 [63 64)
thread idx 6 steal from 0 [0 1)
thread idx 6 steal from 0 [8 9)
thread idx 6 steal from 0 [16 17)
thread idx 6 steal from 0 [24 25)
thread idx 6 steal from 0 [32 33)
thread idx 6 steal from 0 [40 41)
thread idx 6 steal from 0 [48 49)
thread idx 6 steal from 0 [56 57)
thread idx 6 steal from 1 [1 2)
thread idx 6 steal from 1 [9 10)
thread idx 6 steal from 1 [17 18)
thread idx 6 steal from 1 [25 26)
thread idx 6 steal from 1 [33 34)
thread idx 6 steal from 1 [41 42)
thread idx 6 steal from 1 [49 50)
thread idx 6 steal from 1 [57 58)
thread idx 6 steal from 2 [2 3)
thread idx 6 steal from 2 [10 11)
thread idx 6 steal from 2 [18 19)
thread idx 6 steal from 2 [26 27)
thread idx 6 steal from 2 [34 35)
thread idx 6 steal from 2 [42 43)
thread idx 6 steal from 2 [50 51)
thread idx 6 steal from 2 [58 59)
thread idx 6 steal from 3 [3 4)
thread idx 6 steal from 3 [11 12)
thread idx 6 steal from 3 [19 20)
thread idx 6 steal from 3 [27 28)
thread idx 6 steal from 3 [35 36)
thread idx 6 steal from 3 [43 44)
thread idx 6 steal from 3 [51 52)
thread idx 6 steal from 3 [59 60)
thread idx 6 steal from 4 [4 5)
thread idx 6 steal from 4 [12 13)
thread idx 6 steal from 4 [20 21)
thread idx 6 steal from 4 [28 29)
thread idx 6 steal from 4 [36 37)
thread idx 6 steal from 4 [44 45)
thread idx 6 steal from 4 [52 53)
thread idx 6 steal from 4 [60 61)
thread idx 6 steal from 5 [5 6)
thread idx 6 steal from 5 [13 14)
thread idx 6 steal from 5 [21 22)
thread idx 6 steal from 5 [29 30)
thread idx 6 steal from 5 [37 38)
thread idx 6 steal from 5 [45 46)
thread idx 6 steal from 5 [53 54)
thread idx 6 steal from 5 [61 62)
threadid 6 done 1 task, taskid 45, remainingTaksNum 290
thread idx 46, Get A workFromWaitingQueue, taskId64, num_total_tasks 0 deped_has_not_been_done_num 64
thread idx 6 steal from 7 [7 8)
thread idx 6 steal from 7 [15 16)
thread idx 6 steal from 7 [23 24)
thread idx 6 steal from 7 [31 32)
thread idx 6 steal from 7 [39 40)
thread idx 6 steal from 7 [47 48)
thread idx 6 steal from 7 [55 56)
thread idx 6 steal from 7 [63 64)
thread idx 6 steal from 0 [0 1)
thread idx 6 steal from 0 [8 9)
thread idx 6 steal from 0 [16 17)
thread idx 6 steal from 0 [24 25)
thread idx 6 steal from 0 [32 33)
thread idx 6 steal from 0 [40 41)
thread idx 6 steal from 0 [48 49)
thread idx 6 steal from 0 [56 57)
thread idx 6 steal from 1 [1 2)
thread idx 6 steal from 1 [9 10)
thread idx 6 steal from 1 [17 18)
thread idx 6 steal from 1 [25 26)
thread idx 6 steal from 1 [33 34)
thread idx 6 steal from 1 [41 42)
thread idx 6 steal from 1 [49 50)
thread idx 6 steal from 1 [57 58)
thread idx 6 steal from 2 [2 3)
thread idx 6 steal from 2 [10 11)
thread idx 6 steal from 2 [18 19)
thread idx 6 steal from 2 [26 27)
thread idx 6 steal from 2 [34 35)
thread idx 6 steal from 2 [42 43)
thread idx 6 steal from 2 [50 51)
thread idx 6 steal from 2 [58 59)
thread idx 6 steal from 3 [3 4)
thread idx 6 steal from 3 [11 12)
thread idx 6 steal from 3 [19 20)
thread idx 6 steal from 3 [27 28)
thread idx 6 steal from 3 [35 36)
thread idx 6 steal from 3 [43 44)
thread idx 6 steal from 3 [51 52)
thread idx 6 steal from 3 [59 60)
thread idx 6 steal from 4 [20 21)
thread idx 6 steal from 4 [36 37)
thread idx 6 steal from 4 [52 53)
thread idx 6 steal from 5 [5 6)
thread idx 4 steal from 5 [13 14)
thread idx 6 steal from 5 [21 22)
thread idx 6 steal from 5 [29 30)
thread idx 4 steal from 5 [37 38)
thread idx 6 steal from 5 [45 46)
thread idx 4 steal from 5 [53 54)
thread idx 6 steal from 5 [61 62)
threadid 6 done 1 task, taskid 46, remainingTaksNum 289
thread idx 47, Get A workFromWaitingQueue, taskId64, num_total_tasks 0 deped_has_not_been_done_num 64
thread idx 0 steal from 1 [1 2)
thread idx 0 steal from 1 [9 10)
thread idx 0 steal from 1 [17 18)
thread idx 0 steal from 1 [25 26)
thread idx 0 steal from 1 [33 34)
thread idx 0 steal from 1 [41 42)
thread idx 0 steal from 1 [49 50)
thread idx 4 steal from 5 [5 6)
thread idx 0 steal from 1 [57 58)
thread idx 4 steal from 5 [13 14)
thread idx 0 steal from 2 [2 3)
thread idx 4 steal from 5 [21 22)
thread idx 0 steal from 2 [10 11)
thread idx 4 steal from 5 [29 30)
thread idx 0 steal from 2 [18 19)
thread idx 4 steal from 5 [37 38)
thread idx 0 steal from 2 [26 27)
thread idx 4 steal from 5 [45 46)
thread idx 0 steal from 2 [34 35)
thread idx 4 steal from 5 [53 54)
thread idx 0 steal from 2 [42 43)
thread idx 4 steal from 5 [61 62)
thread idx 0 steal from 2 [50 51)
thread idx 4 steal from 6 [6 7)
thread idx 0 steal from 2 [58 59)
thread idx 4 steal from 6 [14 15)
thread idx 0 steal from 3 [3 4)
thread idx 4 steal from 6 [22 23)
thread idx 0 steal from 3 [11 12)
thread idx 0 steal from 3 [19 20)
thread idx 0 steal from 3 [27 28)
thread idx 0 steal from 3 [35 36)
thread idx 0 steal from 3 [43 44)
thread idx 0 steal from 3 [51 52)
thread idx 0 steal from 3 [59 60)
thread idx 0 steal from 6 [38 39)
thread idx 0 steal from 6 [46 47)
thread idx 0 steal from 6 [54 55)
thread idx 4 steal from 6 [30 31)
thread idx 3 steal from 7 [7 8)
thread idx 3 steal from 7 [15 16)
thread idx 3 steal from 7 [23 24)
thread idx 3 steal from 7 [31 32)
thread idx 3 steal from 7 [39 40)
thread idx 3 steal from 7 [47 48)
thread idx 3 steal from 7 [55 56)
thread idx 3 steal from 7 [63 64)
thread idx 0 steal from 6 [62 63)
threadid 0 done 1 task, taskid 47, remainingTaksNum 288
thread idx 48, Get A workFromWaitingQueue, taskId64, num_total_tasks 0 deped_has_not_been_done_num 64
thread idx 4 steal from 5 [5 6)
thread idx 4 steal from 5 [13 14)
thread idx 4 steal from 5 [21 22)
thread idx 4 steal from 5 [29 30)
thread idx 4 steal from 5 [37 38)
thread idx 4 steal from 5 [53 54)
thread idx 4 steal from 6 [6 7)
thread idx 5 steal from 6 [14 15)
thread idx 4 steal from 6 [22 23)
thread idx 5 steal from 6 [30 31)
thread idx 4 steal from 6 [38 39)
thread idx 5 steal from 6 [46 47)
thread idx 4 steal from 6 [54 55)
thread idx 5 steal from 6 [62 63)
thread idx 4 steal from 7 [7 8)
thread idx 5 steal from 7 [15 16)
thread idx 4 steal from 7 [23 24)
thread idx 5 steal from 7 [31 32)
thread idx 4 steal from 7 [39 40)
thread idx 5 steal from 7 [47 48)
thread idx 4 steal from 7 [55 56)
thread idx 5 steal from 7 [63 64)
thread idx 4 steal from 0 [0 1)
begin to add new task, new taskId 336, deps[ thread idx 5 steal from 0 [8 9)
thread idx 4 steal from 0 [16 17)
thread idx 4 steal from 0 [24 25)
thread idx 4 steal from 0 [32 33)
thread idx 4 steal from 0 [40 41)
thread idx 2 steal from 3 [3 4)
thread idx 2 steal from 3 [11 12)
thread idx 2 steal from 3 [19 20)
thread idx 2 steal from 3 [27 28)
thread idx 2 steal from 3 [35 36)
thread idx 2 steal from 3 [43 44)
thread idx 2 steal from 3 [51 52)
thread idx 4 steal from 0 [48 49)
thread idx 2 steal from 3 [59 60)
thread idx 4 steal from 0 [56 57)
thread idx 2 steal from 1 [1 2)
thread idx 4 steal from 1 [9 10)
thread idx 2 steal from 1 [17 18)
thread idx 4 steal from 1 [25 26)
thread idx 2 steal from 1 [33 34)
thread idx 4 steal from 1 [41 42)
thread idx 4 steal from 1 [49 50)
thread idx 2 steal from 1 [57 58)
threadid 2 done 1 task, taskid 48, remainingTaksNum 287
335 ]
remainiTask Num is 288
begin to add new task, new taskId 337, deps[ 336 ]
remainiTask Num is 289
begin to add new task, new taskId 338, deps[ 337 ]
remainiTask Num is 290
begin to add new task, new taskId 339, deps[ 338 ]
remainiTask Num is 291
begin to add new task, new taskId 340, deps[ 339 ]
remainiTask Num is 292
begin to add new task, new taskId 341, deps[ 340 ]
remainiTask Num is 293
begin to add new task, new taskId 342, deps[ 341 ]
remainiTask Num is 294
begin to add new task, new taskId 343, deps[ 342 ]
remainiTask Num is 295
begin to add new task, new taskId 344, deps[ 343 ]
remainiTask Num is 296
thread idx 49, Get A workFromWaitingQueue, taskId64, num_total_tasks 0 deped_has_not_been_done_num 64
thread idx 3 steal from 4 [4 5)
thread idx 3 steal from 4 [12 13)
thread idx 3 steal from 4 [20 21)
thread idx 3 steal from 4 [28 29)
thread idx 3 steal from 4 [36 37)
thread idx 3 steal from 4 [44 45)
thread idx 3 steal from 4 [52 53)
thread idx 3 steal from 4 [60 61)
thread idx 3 steal from 5 [5 6)
thread idx 3 steal from 5 [13 14)
thread idx 3 steal from 5 [21 22)
thread idx 3 steal from 5 [29 30)
thread idx 3 steal from 5 [37 38)
thread idx 3 steal from 5 [45 46)
thread idx 3 steal from 5 [53 54)
thread idx 3 steal from 5 [61 62)
thread idx 3 steal from 6 [6 7)
thread idx 3 steal from 6 [14 15)
thread idx 3 steal from 6 [22 23)
thread idx 3 steal from 6 [30 31)
thread idx 3 steal from 6 [38 39)
thread idx 3 steal from 6 [46 47)
thread idx 3 steal from 6 [54 55)
thread idx 3 steal from 6 [62 63)
thread idx 3 steal from 7 [7 8)
thread idx 3 steal from 7 [15 16)
thread idx 3 steal from 7 [23 24)
thread idx 3 steal from 7 [31 32)
thread idx 3 steal from 7 [39 40)
thread idx 3 steal from 7 [47 48)
thread idx 3 steal from 7 [55 56)
thread idx 3 steal from 7 [63 64)
thread idx 3 steal from 1 [9 10)
thread idx 3 steal from 1 [17 18)
thread idx 3 steal from 1 [25 26)
thread idx 3 steal from 1 [33 34)
thread idx 3 steal from 1 [41 42)
thread idx 3 steal from 1 [49 50)
thread idx 3 steal from 1 [57 58)
thread idx 3 steal from 2 [2 3)
thread idx 0 steal from 1 [1 2)
thread idx 0 steal from 2 [18 19)
thread idx 0 steal from 2 [26 27)
thread idx 0 steal from 2 [34 35)
thread idx 0 steal from 2 [42 43)
thread idx 3 steal from 2 [10 11)
thread idx 3 steal from 2 [58 59)
thread idx 7 steal from 2 [50 51)
threadid 7 done 1 task, taskid 49, remainingTaksNum 295
thread idx 50, Get A workFromWaitingQueue, taskId64, num_total_tasks 0 deped_has_not_been_done_num 64
thread idx 3 steal from 4 [4 5)
thread idx 3 steal from 4 [12 13)
thread idx 3 steal from 4 [20 21)
thread idx 3 steal from 4 [28 29)
thread idx 3 steal from 4 [36 37)
thread idx 3 steal from 4 [44 45)
thread idx 3 steal from 4 [52 53)
thread idx 3 steal from 4 [60 61)
thread idx 3 steal from 5 [5 6)
thread idx 3 steal from 5 [13 14)
thread idx 3 steal from 5 [21 22)
thread idx 3 steal from 5 [29 30)
thread idx 3 steal from 5 [37 38)
thread idx 3 steal from 5 [45 46)
thread idx 3 steal from 5 [53 54)
thread idx 3 steal from 5 [61 62)
thread idx 3 steal from 6 [6 7)
thread idx 3 steal from 6 [14 15)
thread idx 3 steal from 6 [22 23)
thread idx 3 steal from 6 [30 31)
thread idx 3 steal from 6 [38 39)
thread idx 3 steal from 6 [46 47)
thread idx 3 steal from 6 [54 55)
thread idx 3 steal from 6 [62 63)
thread idx 3 steal from 7 [7 8)
thread idx 3 steal from 7 [15 16)
thread idx 3 steal from 7 [23 24)
thread idx 5 steal from 7 [31 32)
thread idx 3 steal from 7 [39 40)
thread idx 5 steal from 7 [47 48)
thread idx 3 steal from 7 [55 56)
thread idx 3 steal from 0 [0 1)
thread idx 3 steal from 0 [8 9)
thread idx 3 steal from 0 [16 17)
thread idx 3 steal from 0 [24 25)
thread idx 3 steal from 0 [32 33)
thread idx 5 steal from 7 [63 64)
thread idx 3 steal from 0 [40 41)
thread idx 5 steal from 0 [48 49)
thread idx 3 steal from 0 [56 57)
thread idx 5 steal from 1 [1 2)
thread idx 3 steal from 1 [9 10)
thread idx 5 steal from 1 [17 18)
thread idx 3 steal from 1 [25 26)
thread idx 5 steal from 1 [33 34)
thread idx 4 steal from 1 [41 42)
thread idx 5 steal from 1 [49 50)
thread idx 3 steal from 1 [57 58)
thread idx 4 steal from 2 [2 3)
thread idx 5 steal from 2 [10 11)
thread idx 3 steal from 2 [18 19)
thread idx 5 steal from 2 [34 35)
thread idx 4 steal from 2 [26 27)
threadid 4 done 1 task, taskid 50, remainingTaksNum 294
thread idx 51, Get A workFromWaitingQueue, taskId64, num_total_tasks 0 deped_has_not_been_done_num 63
thread idx 3 steal from 4 [44 45)
thread idx 3 steal from 5 [5 6)
thread idx 4 steal from 5 [13 14)
thread idx 3 steal from 5 [21 22)
thread idx 4 steal from 5 [29 30)
thread idx 3 steal from 5 [37 38)
thread idx 4 steal from 5 [45 46)
thread idx 4 steal from 5 [61 62)
thread idx 4 steal from 6 [6 7)
thread idx 4 steal from 6 [14 15)
thread idx 3 steal from 5 [53 54)
thread idx 4 steal from 6 [22 23)
thread idx 3 steal from 6 [30 31)
thread idx 4 steal from 6 [38 39)
thread idx 3 steal from 6 [46 47)
thread idx 4 steal from 6 [54 55)
thread idx 3 steal from 6 [62 63)
thread idx 4 steal from 7 [7 8)
thread idx 3 steal from 7 [15 16)
thread idx 4 steal from 7 [23 24)
thread idx 3 steal from 7 [31 32)
thread idx 4 steal from 7 [39 40)
thread idx 3 steal from 7 [47 48)
thread idx 4 steal from 7 [55 56)
thread idx 3 steal from 7 [63 64)
thread idx 4 steal from 0 [0 1)
thread idx 3 steal from 0 [8 9)
thread idx 4 steal from 0 [16 17)
thread idx 3 steal from 0 [24 25)
thread idx 4 steal from 0 [32 33)
thread idx 3 steal from 0 [40 41)
thread idx 4 steal from 0 [48 49)
thread idx 3 steal from 0 [56 57)
thread idx 4 steal from 1 [1 2)
thread idx 3 steal from 1 [9 10)
thread idx 4 steal from 1 [17 18)
thread idx 3 steal from 1 [25 26)
thread idx 4 steal from 1 [33 34)
thread idx 3 steal from 1 [41 42)
thread idx 4 steal from 1 [49 50)
thread idx 3 steal from 1 [57 58)
thread idx 4 steal from 2 [2 3)
thread idx 3 steal from 2 [10 11)
thread idx 4 steal from 2 [18 19)
thread idx 3 steal from 2 [26 27)
thread idx 4 steal from 2 [34 35)
thread idx 3 steal from 2 [42 43)
thread idx 4 steal from 2 [50 51)
thread idx 3 steal from 2 [58 59)
threadid 3 done 1 task, taskid 51, remainingTaksNum 293
thread idx 52, Get A workFromWaitingQueue, taskId64, num_total_tasks 0 deped_has_not_been_done_num 64
thread idx 4 steal from 5 [5 6)
thread idx 4 steal from 5 [13 14)
thread idx 4 steal from 5 [21 22)
thread idx 4 steal from 5 [29 30)
thread idx 4 steal from 5 [37 38)
thread idx 4 steal from 5 [45 46)
thread idx 4 steal from 5 [53 54)
thread idx 4 steal from 5 [61 62)
thread idx 4 steal from 6 [6 7)
thread idx 4 steal from 6 [14 15)
thread idx 4 steal from 6 [22 23)
thread idx 4 steal from 6 [30 31)
thread idx 4 steal from 6 [38 39)
thread idx 4 steal from 6 [46 47)
thread idx 4 steal from 6 [54 55)
thread idx 4 steal from 6 [62 63)
thread idx 4 steal from 7 [7 8)
thread idx 4 steal from 7 [15 16)
thread idx 4 steal from 7 [23 24)
thread idx 4 steal from 7 [31 32)
thread idx 4 steal from 7 [39 40)
thread idx 4 steal from 7 [47 48)
thread idx 4 steal from 7 [55 56)
thread idx 4 steal from 7 [63 64)
thread idx 4 steal from 0 [0 1)
thread idx 4 steal from 0 [8 9)
thread idx 4 steal from 0 [16 17)
thread idx 4 steal from 0 [24 25)
thread idx 4 steal from 0 [32 33)
thread idx 4 steal from 0 [40 41)
thread idx 4 steal from 0 [48 49)
thread idx 4 steal from 0 [56 57)
thread idx 4 steal from 1 [1 2)
thread idx 4 steal from 1 [9 10)
thread idx 4 steal from 1 [17 18)
thread idx 4 steal from 1 [25 26)
thread idx 4 steal from 1 [33 34)
thread idx 4 steal from 1 [41 42)
thread idx 4 steal from 1 [49 50)
thread idx 4 steal from 1 [57 58)
thread idx 4 steal from 2 [2 3)
thread idx 4 steal from 2 [10 11)
thread idx 4 steal from 2 [18 19)
thread idx 4 steal from 2 [26 27)
thread idx 4 steal from 2 [34 35)
thread idx 4 steal from 2 [42 43)
thread idx 4 steal from 2 [50 51)
thread idx 4 steal from 2 [58 59)
thread idx 4 steal from 3 [3 4)
thread idx 4 steal from 3 [11 12)
thread idx 4 steal from 3 [19 20)
thread idx 2 steal from 3 [27 28)
thread idx 2 steal from 3 [35 36)
thread idx 2 steal from 3 [43 44)
thread idx 2 steal from 3 [51 52)
thread idx 2 steal from 3 [59 60)
threadid 2 done 1 task, taskid 52, remainingTaksNum 292
thread idx 4 steal from 3 [3 4)
thread idx 53, Get A workFromWaitingQueue, taskId64, num_total_tasks 0 deped_has_not_been_done_num 64
thread idx 4 steal from 5 [5 6)
thread idx 4 steal from 5 [13 14)
thread idx 4 steal from 5 [21 22)
thread idx 4 steal from 5 [29 30)
thread idx 4 steal from 5 [37 38)
thread idx 4 steal from 5 [45 46)
thread idx 4 steal from 5 [53 54)
thread idx 4 steal from 5 [61 62)
thread idx 4 steal from 6 [6 7)
thread idx 4 steal from 6 [14 15)
thread idx 4 steal from 6 [22 23)
thread idx 4 steal from 6 [30 31)
thread idx 4 steal from 6 [38 39)
thread idx 4 steal from 6 [46 47)
thread idx 4 steal from 6 [54 55)
thread idx 1 steal from 2 [2 3)
thread idx 4 steal from 6 [62 63)
thread idx 1 steal from 2 [10 11)
thread idx 4 steal from 7 [7 8)
thread idx 1 steal from 2 [18 19)
thread idx 4 steal from 7 [15 16)
thread idx 1 steal from 2 [26 27)
thread idx 4 steal from 7 [23 24)
thread idx 1 steal from 2 [34 35)
thread idx 4 steal from 7 [31 32)
thread idx 1 steal from 2 [42 43)
thread idx 4 steal from 7 [39 40)
thread idx 1 steal from 2 [50 51)
thread idx 4 steal from 7 [47 48)
thread idx 1 steal from 2 [58 59)
thread idx 4 steal from 7 [55 56)
begin to add new task, new taskId 345, deps[ 344 ]
thread idx 1 steal from 3 [11 12)
remainiTask Num is 293
thread idx 1 steal from 3 [19 20)
begin to add new task, new taskId 346, deps[ 345 ]
thread idx 1 steal from 3 [27 28)
remainiTask Num is 294
begin to add new task, new taskId 347, deps[ 346 ]
thread idx 1 steal from 3 [35 36)
remainiTask Num is 295
begin to add new task, new taskId 348, deps[ 347 ]
thread idx 1 steal from 3 [43 44)
remainiTask Num is 296
begin to add new task, new taskId 349, deps[ 348 thread idx 1 steal from 3 [51 52)
]
remainiTask Num is 297
thread idx 1 steal from 3 [59 60)
begin to add new task, new taskId 350, deps[ 349 ]
thread idx 1 steal from 0 [0 1)
remainiTask Num is 298
begin to add new task, new taskId 351, deps[ 350 ]
remainiTask Num is 299
thread idx 1 steal from 0 [8 9)
begin to add new task, new taskId 352, deps[ 351 ]
remainiTask Num is 300
begin to add new task, new taskId 353, deps[ thread idx 1 steal from 0 [16 17)
352 ]
remainiTask Num is 301
thread idx 1 steal from 0 [24 25)
begin to add new task, new taskId 354, deps[ 353 ]
remainiTask Num is 302
thread idx 1 steal from 0 [32 33)
begin to add new task, new taskId 355, deps[ 354 ]
thread idx 4 steal from 7 [63 64)
thread idx 4 steal from 0 [48 49)
thread idx 4 steal from 0 [56 57)
remainiTask Num is 303
begin to add new task, new taskId 356, deps[ 355 ]
remainiTask Num is 304
begin to add new task, new taskId 357, deps[ 356 ]
remainiTask Num is 305
begin to add new task, new taskId 358, deps[ 357 ]
remainiTask Num is 306
begin to add new task, new taskId 359, deps[ 358 ]
remainiTask Num is 307
begin to add new task, new taskId 360, deps[ 359 ]
remainiTask Num is 308
begin to add new task, new taskId 361, deps[ 360 ]
remainiTask Num is 309
begin to add new task, new taskId 362, deps[ 361 ]
thread idx 1 steal from 0 [40 41)
threadid 1 done 1 task, taskid 53, remainingTaksNum 309
remainiTask Num is 310
thread idx 54, Get A workFromWaitingQueue, taskId64, num_total_tasks 0 deped_has_not_been_done_num 64
thread idx 0 steal from 1 [1 2)
thread idx 0 steal from 1 [9 10)
thread idx 0 steal from 1 [17 18)
thread idx 0 steal from 1 [25 26)
thread idx 0 steal from 1 [33 34)
thread idx 0 steal from 1 [41 42)
thread idx 0 steal from 1 [49 50)
thread idx 0 steal from 1 [57 58)
thread idx 0 steal from 2 [2 3)
thread idx 0 steal from 2 [10 11)
thread idx 0 steal from 2 [18 19)
thread idx 5 steal from 6 [6 7)
thread idx 0 steal from 2 [26 27)
thread idx 5 steal from 6 [14 15)
thread idx 0 steal from 2 [34 35)
thread idx 5 steal from 6 [22 23)
thread idx 5 steal from 6 [30 31)
thread idx 0 steal from 2 [42 43)
thread idx 5 steal from 6 [38 39)
thread idx 0 steal from 2 [50 51)
thread idx 5 steal from 6 [46 47)
thread idx 0 steal from 2 [58 59)
thread idx 5 steal from 6 [54 55)
thread idx 0 steal from 3 [3 4)
thread idx 5 steal from 6 [62 63)
thread idx 0 steal from 3 [11 12)
thread idx 5 steal from 7 [7 8)
thread idx 0 steal from 3 [19 20)
thread idx 5 steal from 7 [15 16)
thread idx 0 steal from 3 [27 28)
thread idx 7 steal from 3 [35 36)
thread idx 7 steal from 3 [43 44)
thread idx 0 steal from 3 [51 52)
thread idx 7 steal from 3 [59 60)
thread idx 0 steal from 4 [4 5)
thread idx 7 steal from 4 [12 13)
thread idx 0 steal from 4 [20 21)
thread idx 7 steal from 4 [28 29)
thread idx 0 steal from 4 [36 37)
thread idx 7 steal from 4 [44 45)
thread idx 0 steal from 4 [52 53)
thread idx 7 steal from 4 [60 61)
thread idx 5 steal from 7 [23 24)
threadid 5 done 1 task, taskid 54, remainingTaksNum 308
thread idx 55, Get A workFromWaitingQueue, taskId64, num_total_tasks 0 deped_has_not_been_done_num 64
thread idx 2 steal from 3 [3 4)
thread idx 2 steal from 3 [11 12)
thread idx 2 steal from 3 [19 20)
thread idx 2 steal from 3 [27 28)
thread idx 2 steal from 3 [35 36)
thread idx 2 steal from 3 [43 44)
thread idx 4 steal from 5 [5 6)
thread idx 4 steal from 5 [13 14)
thread idx 4 steal from 5 [21 22)
thread idx 2 steal from 3 [51 52)
thread idx 4 steal from 5 [29 30)
thread idx 2 steal from 3 [59 60)
thread idx 4 steal from 5 [37 38)
thread idx 2 steal from 5 [45 46)
thread idx 2 steal from 5 [53 54)
thread idx 2 steal from 5 [61 62)
thread idx 4 steal from 6 [6 7)
thread idx 2 steal from 6 [14 15)
thread idx 4 steal from 6 [22 23)
thread idx 2 steal from 6 [30 31)
thread idx 2 steal from 6 [38 39)
thread idx 4 steal from 6 [46 47)
thread idx 2 steal from 6 [54 55)
thread idx 4 steal from 6 [62 63)
thread idx 2 steal from 7 [7 8)
thread idx 4 steal from 7 [15 16)
thread idx 2 steal from 7 [23 24)
thread idx 4 steal from 7 [31 32)
thread idx 2 steal from 7 [39 40)
thread idx 4 steal from 7 [47 48)
thread idx 2 steal from 7 [55 56)
thread idx 4 steal from 7 [63 64)
thread idx 2 steal from 0 [0 1)
thread idx 4 steal from 0 [8 9)
thread idx 2 steal from 0 [16 17)
thread idx 4 steal from 0 [24 25)
thread idx 2 steal from 0 [32 33)
thread idx 3 steal from 0 [40 41)
thread idx 2 steal from 0 [56 57)
thread idx 2 steal from 1 [1 2)
thread idx 2 steal from 1 [9 10)
thread idx 2 steal from 1 [17 18)
thread idx 2 steal from 1 [25 26)
thread idx 2 steal from 1 [33 34)
thread idx 2 steal from 1 [41 42)
thread idx 3 steal from 1 [49 50)
thread idx 2 steal from 1 [57 58)
thread idx 4 steal from 0 [48 49)
threadid 4 done 1 task, taskid 55, remainingTaksNum 307
thread idx 56, Get A workFromWaitingQueue, taskId64, num_total_tasks 0 deped_has_not_been_done_num 64
thread idx 4 steal from 5 [5 6)
thread idx 4 steal from 5 [13 14)
thread idx 4 steal from 5 [21 22)
thread idx 4 steal from 5 [29 30)
thread idx 4 steal from 5 [37 38)
thread idx 4 steal from 5 [45 46)
thread idx 4 steal from 5 [53 54)
thread idx 4 steal from 5 [61 62)
thread idx 4 steal from 6 [6 7)
thread idx 4 steal from 6 [14 15)
thread idx 3 steal from 6 [22 23)
thread idx 3 steal from 6 [38 39)
thread idx 3 steal from 6 [46 47)
thread idx 0 steal from 1 [1 2)
thread idx 3 steal from 6 [54 55)
thread idx 0 steal from 1 [9 10)
thread idx 3 steal from 6 [62 63)
thread idx 0 steal from 1 [17 18)
thread idx 3 steal from 7 [7 8)
thread idx 0 steal from 1 [25 26)
thread idx 3 steal from 7 [15 16)
thread idx 0 steal from 1 [33 34)
thread idx 3 steal from 7 [23 24)
thread idx 0 steal from 1 [41 42)
thread idx 3 steal from 7 [31 32)
thread idx 0 steal from 1 [49 50)
thread idx 3 steal from 7 [39 40)
thread idx 0 steal from 1 [57 58)
thread idx 3 steal from 7 [47 48)
thread idx 0 steal from 2 [2 3)
thread idx 3 steal from 7 [55 56)
thread idx 0 steal from 2 [10 11)
thread idx 3 steal from 7 [63 64)
thread idx 4 steal from 6 [30 31)
thread idx 3 steal from 2 [26 27)
thread idx 3 steal from 2 [34 35)
thread idx 3 steal from 2 [42 43)
thread idx 3 steal from 2 [50 51)
thread idx 3 steal from 2 [58 59)
thread idx 0 steal from 2 [18 19)
threadid 0 done 1 task, taskid 56, remainingTaksNum 306
thread idx 57, Get A workFromWaitingQueue, taskId64, num_total_tasks 0 deped_has_not_been_done_num 64
thread idx 0 steal from 1 [1 2)
thread idx 0 steal from 1 [9 10)
thread idx 0 steal from 1 [17 18)
thread idx 0 steal from 1 [25 26)
thread idx 0 steal from 1 [33 34)
thread idx 0 steal from 1 [41 42)
thread idx 0 steal from 1 [57 58)
thread idx 0 steal from 2 [2 3)
thread idx 0 steal from 2 [10 11)
thread idx 0 steal from 2 [18 19)
thread idx 0 steal from 2 [26 27)
thread idx 0 steal from 2 [34 35)
thread idx 0 steal from 2 [42 43)
thread idx 0 steal from 2 [50 51)
thread idx 0 steal from 2 [58 59)
thread idx 0 steal from 3 [3 4)
thread idx 0 steal from 3 [11 12)
thread idx 0 steal from 3 [19 20)
thread idx 0 steal from 3 [27 28)
thread idx 7 steal from 1 [49 50)
thread idx 6 steal from 3 [43 44)
thread idx 6 steal from 3 [51 52)
thread idx 6 steal from 3 [59 60)
thread idx 6 steal from 4 [4 5)
thread idx 6 steal from 4 [12 13)
thread idx 7 steal from 4 [20 21)
thread idx 7 steal from 4 [36 37)
thread idx 7 steal from 4 [44 45)
thread idx 7 steal from 4 [52 53)
thread idx 6 steal from 4 [28 29)
thread idx 7 steal from 4 [60 61)
thread idx 0 steal from 3 [35 36)
thread idx 6 steal from 5 [5 6)
thread idx 7 steal from 5 [13 14)
thread idx 0 steal from 5 [21 22)
thread idx 6 steal from 5 [29 30)
thread idx 7 steal from 5 [37 38)
thread idx 0 steal from 5 [45 46)
thread idx 0 steal from 5 [53 54)
thread idx 6 steal from 5 [61 62)
threadid 6 done 1 task, taskid 57, remainingTaksNum 305
thread idx 58, Get A workFromWaitingQueue, taskId64, num_total_tasks 0 deped_has_not_been_done_num 64
thread idx 6 steal from 7 [7 8)
thread idx 6 steal from 7 [15 16)
thread idx 6 steal from 7 [23 24)
thread idx 6 steal from 7 [31 32)
thread idx 6 steal from 7 [39 40)
thread idx 6 steal from 7 [47 48)
thread idx 6 steal from 7 [55 56)
thread idx 6 steal from 7 [63 64)
thread idx 6 steal from 0 [0 1)
thread idx 6 steal from 0 [8 9)
thread idx 6 steal from 0 [16 17)
thread idx 6 steal from 0 [24 25)
thread idx 6 steal from 0 [32 33)
thread idx 6 steal from 0 [40 41)
thread idx 6 steal from 0 [48 49)
thread idx 6 steal from 0 [56 57)
thread idx 6 steal from 1 [1 2)
thread idx 6 steal from 1 [9 10)
thread idx 6 steal from 1 [17 18)
thread idx 6 steal from 1 [25 26)
thread idx 6 steal from 1 [33 34)
thread idx 6 steal from 1 [41 42)
thread idx 6 steal from 1 [49 50)
thread idx 6 steal from 1 [57 58)
thread idx 6 steal from 2 [2 3)
thread idx 6 steal from 2 [10 11)
thread idx 6 steal from 2 [18 19)
thread idx 6 steal from 2 [26 27)
thread idx 6 steal from 2 [34 35)
thread idx 6 steal from 2 [42 43)
thread idx 6 steal from 2 [50 51)
thread idx 6 steal from 2 [58 59)
thread idx 5 steal from 3 [3 4)
thread idx 5 steal from 3 [19 20)
thread idx 5 steal from 3 [27 28)
thread idx 5 steal from 3 [35 36)
thread idx 5 steal from 3 [43 44)
thread idx 5 steal from 3 [51 52)
thread idx 5 steal from 3 [59 60)
thread idx 5 steal from 4 [4 5)
thread idx 6 steal from 3 [11 12)
thread idx 5 steal from 4 [12 13)
thread idx 6 steal from 4 [20 21)
thread idx 5 steal from 4 [28 29)
thread idx 6 steal from 4 [36 37)
thread idx 5 steal from 4 [44 45)
thread idx 6 steal from 4 [52 53)
thread idx 5 steal from 4 [60 61)
threadid 5 done 1 task, taskid 58, remainingTaksNum 304
thread idx 59, Get A workFromWaitingQueue, taskId64, num_total_tasks 0 deped_has_not_been_done_num 64
thread idx 6 steal from 7 [7 8)
thread idx 6 steal from 7 [15 16)
thread idx 6 steal from 7 [23 24)
thread idx 6 steal from 7 [31 32)
thread idx 6 steal from 7 [39 40)
thread idx 6 steal from 7 [47 48)
thread idx 6 steal from 7 [55 56)
thread idx 6 steal from 7 [63 64)
thread idx 6 steal from 0 [0 1)
thread idx 6 steal from 0 [8 9)
thread idx 6 steal from 0 [16 17)
begin to add new task, new taskId 363, deps[ 362 ]
thread idx 6 steal from 0 [24 25)
thread idx 6 steal from 0 [32 33)
thread idx 2 steal from 3 [3 4)
thread idx 6 steal from 0 [40 41)
thread idx 2 steal from 3 [11 12)
thread idx 2 steal from 3 [19 20)
thread idx 6 steal from 0 [48 49)
thread idx 2 steal from 3 [27 28)
thread idx 6 steal from 0 [56 57)
thread idx 2 steal from 3 [35 36)
thread idx 6 steal from 1 [1 2)
thread idx 2 steal from 3 [43 44)
thread idx 6 steal from 1 [9 10)
thread idx 2 steal from 3 [51 52)
thread idx 6 steal from 1 [17 18)
thread idx 2 steal from 3 [59 60)
thread idx 6 steal from 1 [25 26)
thread idx 2 steal from 4 [4 5)
thread idx 4 steal from 5 [5 6)
thread idx 4 steal from 5 [13 14)
thread idx 4 steal from 5 [21 22)
thread idx 4 steal from 5 [29 30)
thread idx 2 steal from 5 [37 38)
thread idx 4 steal from 5 [45 46)
thread idx 4 steal from 5 [53 54)
thread idx 4 steal from 5 [61 62)
thread idx 4 steal from 1 [41 42)
thread idx 2 steal from 1 [49 50)
thread idx 4 steal from 1 [57 58)
thread idx 6 steal from 1 [33 34)
threadid 6 done 1 task, taskid 59, remainingTaksNum 304
thread idx 60, Get A workFromWaitingQueue, taskId64, num_total_tasks 0 deped_has_not_been_done_num 64
thread idx 2 steal from 3 [3 4)
thread idx 2 steal from 3 [11 12)
thread idx 2 steal from 3 [19 20)
thread idx 2 steal from 3 [27 28)
thread idx 2 steal from 3 [35 36)
thread idx 2 steal from 3 [43 44)
thread idx 2 steal from 3 [51 52)
thread idx 2 steal from 3 [59 60)
thread idx 2 steal from 4 [4 5)
thread idx 2 steal from 4 [12 13)
thread idx 2 steal from 4 [20 21)
thread idx 2 steal from 4 [28 29)
thread idx 2 steal from 4 [36 37)
thread idx 2 steal from 4 [44 45)
thread idx 2 steal from 4 [52 53)
thread idx 2 steal from 4 [60 61)
thread idx 2 steal from 5 [5 6)
thread idx 2 steal from 5 [13 14)
thread idx 2 steal from 5 [21 22)
thread idx 2 steal from 5 [29 30)
thread idx 2 steal from 5 [37 38)
thread idx 0 steal from 1 [1 2)
thread idx 2 steal from 5 [45 46)
thread idx 0 steal from 1 [9 10)
remainiTask Num is 305
begin to add new task, new taskId 364, deps[ 363 ]
remainiTask Num is 305
begin to add new task, new taskId 365, deps[ 364 ]
remainiTask Num is 306
begin to add new task, new taskId 366, deps[ 365 ]
remainiTask Num is 307
thread idx 1 steal from 5 [61 62)
thread idx 1 steal from 6 [6 7)
thread idx 1 steal from 6 [14 15)
thread idx 1 steal from 6 [22 23)
thread idx 1 steal from 6 [30 31)
thread idx 1 steal from 6 [38 39)
thread idx 1 steal from 6 [46 47)
thread idx 1 steal from 6 [54 55)
thread idx 5 steal from 6 [62 63)
thread idx 0 steal from 7 [15 16)
thread idx 0 steal from 7 [23 24)
thread idx 0 steal from 7 [31 32)
thread idx 5 steal from 7 [39 40)
thread idx 0 steal from 7 [47 48)
thread idx 5 steal from 7 [55 56)
thread idx 0 steal from 7 [63 64)
thread idx 1 steal from 7 [7 8)
thread idx 2 steal from 5 [53 54)
threadid 2 done 1 task, taskid 60, remainingTaksNum 306
thread idx 61, Get A workFromWaitingQueue, taskId64, num_total_tasks 0 deped_has_not_been_done_num 64
thread idx 2 steal from 3 [3 4)
thread idx 2 steal from 3 [11 12)
thread idx 2 steal from 3 [19 20)
thread idx 2 steal from 3 [27 28)
thread idx 2 steal from 3 [35 36)
thread idx 2 steal from 3 [43 44)
thread idx 2 steal from 3 [51 52)
thread idx 2 steal from 3 [59 60)
thread idx 2 steal from 4 [4 5)
thread idx 2 steal from 4 [12 13)
thread idx 2 steal from 4 [20 21)
thread idx 2 steal from 4 [28 29)
thread idx 2 steal from 4 [36 37)
thread idx 2 steal from 4 [44 45)
thread idx 2 steal from 4 [52 53)
thread idx 2 steal from 4 [60 61)
thread idx 2 steal from 5 [5 6)
thread idx 2 steal from 5 [13 14)
thread idx 2 steal from 5 [21 22)
thread idx 2 steal from 5 [29 30)
thread idx 2 steal from 5 [37 38)
thread idx 2 steal from 5 [45 46)
thread idx 2 steal from 5 [53 54)
thread idx 2 steal from 6 [6 7)
thread idx 5 steal from 6 [14 15)
thread idx 2 steal from 6 [22 23)
thread idx 5 steal from 6 [30 31)
thread idx 2 steal from 6 [38 39)
thread idx 5 steal from 6 [46 47)
thread idx 2 steal from 6 [54 55)
thread idx 5 steal from 6 [62 63)
thread idx 2 steal from 7 [7 8)
thread idx 5 steal from 7 [15 16)
thread idx 2 steal from 7 [23 24)
thread idx 5 steal from 7 [31 32)
thread idx 2 steal from 7 [39 40)
thread idx 5 steal from 7 [47 48)
thread idx 2 steal from 7 [55 56)
thread idx 5 steal from 7 [63 64)
thread idx 4 steal from 0 [0 1)
thread idx 5 steal from 0 [16 17)
thread idx 5 steal from 0 [24 25)
thread idx 5 steal from 0 [32 33)
thread idx 4 steal from 0 [40 41)
thread idx 5 steal from 0 [48 49)
thread idx 4 steal from 0 [56 57)
thread idx 5 steal from 1 [1 2)
thread idx 4 steal from 1 [9 10)
thread idx 5 steal from 1 [17 18)
thread idx 4 steal from 1 [25 26)
thread idx 4 steal from 1 [33 34)
thread idx 3 steal from 1 [49 50)
thread idx 3 steal from 1 [57 58)
begin to add new task, new taskId 367, deps[ 366 ]
thread idx 5 steal from 1 [41 42)
remainiTask Num is 307
begin to add new task, new taskId 368, deps[ 367 ]
remainiTask Num is 308
thread idx 2 steal from 0 [8 9)
threadid 2 done 1 task, taskid 61, remainingTaksNum 307
thread idx 62, Get A workFromWaitingQueue, taskId64, num_total_tasks 0 deped_has_not_been_done_num 64
thread idx 1 steal from 2 [2 3)
thread idx 1 steal from 2 [10 11)
thread idx 1 steal from 2 [18 19)
thread idx 1 steal from 2 [26 27)
begin to add new task, new taskId 369, deps[ 368 thread idx 1 steal from 2 [34 35)
thread idx 3 steal from 4 [4 5)
thread idx 3 steal from 4 [12 13)
thread idx 3 steal from 4 [20 21)
thread idx 3 steal from 4 [28 29)
thread idx 3 steal from 4 [36 37)
thread idx 0 steal from 2 [42 43)
thread idx 0 steal from 2 [50 51)
thread idx 0 steal from 2 [58 59)
thread idx 3 steal from 4 [44 45)
thread idx 0 steal from 4 [52 53)
thread idx 3 steal from 4 [60 61)
thread idx 0 steal from 5 [5 6)
thread idx 3 steal from 5 [13 14)
thread idx 0 steal from 5 [21 22)
thread idx 3 steal from 5 [29 30)
thread idx 0 steal from 5 [37 38)
thread idx 3 steal from 5 [45 46)
thread idx 0 steal from 5 [53 54)
thread idx 3 steal from 5 [61 62)
thread idx 0 steal from 6 [6 7)
thread idx 3 steal from 6 [14 15)
thread idx 0 steal from 6 [22 23)
thread idx 3 steal from 6 [30 31)
thread idx 0 steal from 6 [38 39)
thread idx 3 steal from 6 [46 47)
thread idx 0 steal from 6 [54 55)
thread idx 3 steal from 6 [62 63)
thread idx 0 steal from 7 [7 8)
thread idx 3 steal from 7 [15 16)
thread idx 0 steal from 7 [23 24)
thread idx 3 steal from 7 [31 32)
thread idx 0 steal from 7 [39 40)
thread idx 3 steal from 7 [47 48)
thread idx 0 steal from 7 [55 56)
thread idx 3 steal from 7 [63 64)
threadid 1 done 1 task, taskid 62, remainingTaksNum 306
]
remainiTask Num is 307
begin to add new task, new taskId 370, deps[ 369 ]
remainiTask Num is 308
begin to add new task, new taskId 371, deps[ 370 ]
remainiTask Num is 309
begin to add new task, new taskId 372, deps[ 371 ]
remainiTask Num is 310
begin to add new task, new taskId 373, deps[ 372 ]
remainiTask Num is 311
begin to add new task, new taskId 374, deps[ 373 ]
remainiTask Num is 312
begin to add new task, new taskId 375, deps[ 374 ]
remainiTask Num is 313
begin to add new task, new taskId 376, deps[ 375 ]
remainiTask Num is 314
begin to add new task, new taskId 377, deps[ 376 ]
remainiTask Num is 315
begin to add new task, new taskId 378, deps[ 377 ]
remainiTask Num is 316
thread idx 63, Get A workFromWaitingQueue, taskId64, num_total_tasks 0 deped_has_not_been_done_num 64
thread idx 2 steal from 3 [3 4)
thread idx 2 steal from 3 [11 12)
thread idx 2 steal from 3 [19 20)
thread idx 2 steal from 3 [27 28)
thread idx 2 steal from 3 [35 36)
thread idx 2 steal from 3 [43 44)
thread idx 2 steal from 3 [51 52)
thread idx 2 steal from 3 [59 60)
thread idx 2 steal from 4 [4 5)
thread idx 2 steal from 4 [12 13)
thread idx 2 steal from 4 [20 21)
thread idx 2 steal from 4 [28 29)
thread idx 2 steal from 4 [36 37)
thread idx 2 steal from 4 [44 45)
thread idx 2 steal from 4 [52 53)
thread idx 2 steal from 4 [60 61)
thread idx 2 steal from 5 [5 6)
thread idx 2 steal from 5 [13 14)
thread idx 2 steal from 5 [21 22)
thread idx 2 steal from 5 [29 30)
thread idx 2 steal from 5 [37 38)
thread idx 2 steal from 5 [45 46)
thread idx 2 steal from 5 [53 54)
thread idx 2 steal from 5 [61 62)
thread idx 2 steal from 6 [6 7)
thread idx 2 steal from 6 [14 15)
thread idx 2 steal from 6 [22 23)
thread idx 2 steal from 6 [30 31)
thread idx 2 steal from 6 [38 39)
thread idx 2 steal from 6 [46 47)
thread idx 2 steal from 6 [54 55)
thread idx 2 steal from 6 [62 63)
thread idx 2 steal from 7 [7 8)
thread idx 2 steal from 7 [15 16)
thread idx 2 steal from 7 [23 24)
thread idx 2 steal from 7 [31 32)
thread idx 2 steal from 7 [39 40)
thread idx 2 steal from 7 [47 48)
thread idx 2 steal from 7 [55 56)
thread idx 2 steal from 7 [63 64)
thread idx 2 steal from 0 [0 1)
thread idx 2 steal from 0 [8 9)
thread idx 2 steal from 0 [24 25)
thread idx 2 steal from 0 [32 33)
thread idx 2 steal from 0 [40 41)
thread idx 2 steal from 0 [48 49)
thread idx 2 steal from 0 [56 57)
thread idx 2 steal from 1 [1 2)
thread idx 2 steal from 1 [9 10)
thread idx 2 steal from 1 [17 18)
thread idx 2 steal from 1 [25 26)
thread idx 2 steal from 1 [33 34)
thread idx 2 steal from 1 [41 42)
thread idx 4 steal from 0 [16 17)
thread idx 7 steal from 1 [57 58)
thread idx 2 steal from 1 [49 50)
threadid 2 done 1 task, taskid 63, remainingTaksNum 315
thread idx 64, Get A workFromWaitingQueue, taskId64, num_total_tasks 0 deped_has_not_been_done_num 64
thread idx 4 steal from 5 [5 6)
thread idx 4 steal from 5 [13 14)
thread idx 4 steal from 5 [21 22)
thread idx 4 steal from 5 [29 30)
thread idx 4 steal from 5 [37 38)
thread idx 4 steal from 5 [45 46)
thread idx 4 steal from 5 [53 54)
thread idx 4 steal from 5 [61 62)
thread idx 4 steal from 6 [30 31)
thread idx 4 steal from 6 [46 47)
thread idx 4 steal from 6 [62 63)
thread idx 6 steal from 7 [7 8)
thread idx 4 steal from 7 [15 16)
thread idx 6 steal from 7 [23 24)
thread idx 4 steal from 7 [31 32)
thread idx 6 steal from 7 [39 40)
thread idx 4 steal from 7 [47 48)
thread idx 6 steal from 7 [55 56)
thread idx 4 steal from 7 [63 64)
thread idx 6 steal from 0 [0 1)
thread idx 4 steal from 0 [8 9)
thread idx 6 steal from 0 [16 17)
thread idx 4 steal from 0 [24 25)
thread idx 6 steal from 0 [32 33)
thread idx 4 steal from 0 [40 41)
thread idx 6 steal from 0 [48 49)
thread idx 4 steal from 0 [56 57)
thread idx 6 steal from 1 [1 2)
thread idx 4 steal from 1 [9 10)
thread idx 6 steal from 1 [17 18)
thread idx 5 steal from 1 [25 26)
thread idx 4 steal from 1 [41 42)
thread idx 4 steal from 1 [49 50)
thread idx 4 steal from 1 [57 58)
thread idx 4 steal from 2 [2 3)
thread idx 6 steal from 1 [33 34)
thread idx 5 steal from 2 [10 11)
thread idx 4 steal from 2 [18 19)
thread idx 6 steal from 2 [26 27)
thread idx 5 steal from 2 [34 35)
thread idx 5 steal from 2 [50 51)
thread idx 4 steal from 2 [42 43)
thread idx 6 steal from 2 [58 59)
thread idx 5 steal from 3 [3 4)
thread idx 4 steal from 3 [11 12)
thread idx 6 steal from 3 [19 20)
thread idx 5 steal from 3 [27 28)
thread idx 4 steal from 3 [35 36)
thread idx 6 steal from 3 [43 44)
thread idx 5 steal from 3 [51 52)
thread idx 4 steal from 3 [59 60)
threadid 4 done 1 task, taskid 64, remainingTaksNum 314
thread idx 4 steal from 0 [0 1)
thread idx 65, Get A workFromWaitingQueue, taskId64, num_total_tasks 0 deped_has_not_been_done_num 64
thread idx 6 steal from 7 [7 8)
thread idx 6 steal from 7 [15 16)
thread idx 6 steal from 7 [23 24)
thread idx 6 steal from 7 [31 32)
thread idx 6 steal from 7 [39 40)
thread idx 4 steal from 5 [5 6)
thread idx 6 steal from 7 [47 48)
begin to add new task, new taskId 379, deps[ 378 ]
thread idx 0 steal from 1 [1 2)
thread idx 0 steal from 1 [9 10)
thread idx 0 steal from 1 [17 18)
thread idx 0 steal from 1 [25 26)
thread idx 0 steal from 1 [33 34)
thread idx 0 steal from 1 [41 42)
thread idx 0 steal from 1 [49 50)
thread idx 0 steal from 1 [57 58)
thread idx 0 steal from 2 [2 3)
thread idx 0 steal from 2 [10 11)
thread idx 6 steal from 7 [55 56)
thread idx 0 steal from 2 [18 19)
thread idx 6 steal from 7 [63 64)
thread idx 6 steal from 2 [26 27)
thread idx 0 steal from 2 [34 35)
thread idx 6 steal from 2 [42 43)
remainiTask Num is 315
thread idx 6 steal from 2 [58 59)
thread idx 0 steal from 2 [50 51)
thread idx 6 steal from 3 [3 4)
thread idx 6 steal from 3 [11 12)
thread idx 0 steal from 3 [19 20)
thread idx 6 steal from 3 [27 28)
thread idx 6 steal from 3 [35 36)
thread idx 0 steal from 3 [43 44)
begin to add new task, new taskId 380, deps[ 379 ]
thread idx 0 steal from 3 [59 60)
thread idx 6 steal from 3 [51 52)
remainiTask Num is 316
begin to add new task, new taskId 381, deps[ 380 ]
thread idx 6 steal from 5 [21 22)
thread idx 0 steal from 5 [29 30)
thread idx 6 steal from 5 [37 38)
thread idx 6 steal from 5 [45 46)
thread idx 6 steal from 5 [53 54)
thread idx 6 steal from 5 [61 62)
thread idx 4 steal from 5 [13 14)
threadid 4 done 1 task, taskid 65, remainingTaksNum 316
remainiTask Num is 317
begin to add new task, new taskId 382, deps[ 381 ]
remainiTask Num is 317
begin to add new task, new taskId 383, deps[ 382 ]
remainiTask Num is 318
begin to add new task, new taskId 384, deps[ 383 ]
remainiTask Num is 319
begin to add new task, new taskId 385, deps[ 384 ]
remainiTask Num is 320
thread idx 66, Get A workFromWaitingQueue, taskId64, num_total_tasks 0 deped_has_not_been_done_num 64
thread idx 2 steal from 3 [3 4)
thread idx 2 steal from 3 [11 12)
thread idx 2 steal from 3 [19 20)
thread idx 2 steal from 3 [27 28)
thread idx 2 steal from 3 [35 36)
thread idx 2 steal from 3 [43 44)
thread idx 2 steal from 3 [51 52)
thread idx 2 steal from 3 [59 60)
thread idx 2 steal from 4 [4 5)
thread idx 2 steal from 4 [12 13)
thread idx 2 steal from 4 [20 21)
thread idx 2 steal from 4 [28 29)
thread idx 2 steal from 4 [36 37)
thread idx 2 steal from 4 [44 45)
thread idx 2 steal from 4 [52 53)
thread idx 2 steal from 4 [60 61)
thread idx 3 steal from 5 [5 6)
thread idx 2 steal from 5 [13 14)
thread idx 3 steal from 5 [21 22)
thread idx 2 steal from 5 [29 30)
thread idx 3 steal from 5 [37 38)
thread idx 6 steal from 7 [7 8)
thread idx 3 steal from 5 [53 54)
thread idx 2 steal from 5 [45 46)
thread idx 6 steal from 7 [15 16)
thread idx 3 steal from 5 [61 62)
thread idx 6 steal from 7 [23 24)
thread idx 3 steal from 7 [31 32)
thread idx 2 steal from 7 [47 48)
thread idx 6 steal from 7 [39 40)
thread idx 3 steal from 7 [55 56)
thread idx 6 steal from 7 [63 64)
thread idx 2 steal from 0 [0 1)
thread idx 3 steal from 0 [8 9)
thread idx 6 steal from 0 [16 17)
thread idx 2 steal from 0 [24 25)
thread idx 3 steal from 0 [32 33)
thread idx 3 steal from 0 [48 49)
thread idx 3 steal from 0 [56 57)
thread idx 3 steal from 1 [1 2)
thread idx 2 steal from 1 [9 10)
thread idx 3 steal from 1 [17 18)
thread idx 2 steal from 1 [25 26)
thread idx 3 steal from 1 [33 34)
thread idx 2 steal from 1 [41 42)
thread idx 3 steal from 1 [49 50)
thread idx 6 steal from 0 [40 41)
thread idx 2 steal from 1 [57 58)
threadid 2 done 1 task, taskid 66, remainingTaksNum 319
thread idx 67, Get A workFromWaitingQueue, taskId64, num_total_tasks 0 deped_has_not_been_done_num 64
thread idx 2 steal from 4 [4 5)
thread idx 2 steal from 4 [12 13)
thread idx 3 steal from 4 [20 21)
thread idx 5 steal from 6 [6 7)
thread idx 2 steal from 4 [28 29)
thread idx 5 steal from 6 [14 15)
thread idx 5 steal from 6 [22 23)
thread idx 5 steal from 6 [30 31)
thread idx 2 steal from 4 [44 45)
thread idx 5 steal from 6 [38 39)
thread idx 3 steal from 4 [36 37)
thread idx 5 steal from 6 [46 47)
thread idx 5 steal from 6 [54 55)
thread idx 5 steal from 6 [62 63)
thread idx 5 steal from 7 [7 8)
thread idx 3 steal from 4 [60 61)
thread idx 2 steal from 4 [52 53)
thread idx 5 steal from 7 [15 16)
thread idx 3 steal from 7 [23 24)
thread idx 2 steal from 7 [31 32)
thread idx 3 steal from 7 [39 40)
thread idx 5 steal from 7 [47 48)
thread idx 2 steal from 7 [55 56)
thread idx 5 steal from 7 [63 64)
thread idx 5 steal from 1 [9 10)
thread idx 2 steal from 1 [17 18)
thread idx 5 steal from 1 [25 26)
thread idx 2 steal from 1 [33 34)
thread idx 5 steal from 1 [41 42)
thread idx 2 steal from 1 [49 50)
thread idx 5 steal from 1 [57 58)
thread idx 0 steal from 1 [1 2)
threadid 0 done 1 task, taskid 67, remainingTaksNum 318
thread idx 68, Get A workFromWaitingQueue, taskId64, num_total_tasks 0 deped_has_not_been_done_num 64
thread idx 3 steal from 4 [4 5)
thread idx 3 steal from 4 [12 13)
thread idx 3 steal from 4 [20 21)
thread idx 3 steal from 4 [28 29)
thread idx 3 steal from 4 [36 37)
thread idx 3 steal from 4 [44 45)
thread idx 3 steal from 4 [52 53)
thread idx 3 steal from 4 [60 61)
thread idx 3 steal from 5 [5 6)
thread idx 3 steal from 5 [13 14)
thread idx 3 steal from 5 [21 22)
thread idx 3 steal from 5 [29 30)
thread idx 3 steal from 5 [37 38)
thread idx 3 steal from 5 [45 46)
thread idx 3 steal from 5 [53 54)
thread idx 3 steal from 5 [61 62)
thread idx 3 steal from 6 [6 7)
thread idx 3 steal from 6 [14 15)
thread idx 3 steal from 7 [15 16)
thread idx 3 steal from 7 [23 24)
thread idx 3 steal from 7 [31 32)
thread idx 3 steal from 7 [39 40)
thread idx 3 steal from 7 [47 48)
thread idx 3 steal from 7 [55 56)
thread idx 3 steal from 7 [63 64)
thread idx 3 steal from 0 [0 1)
thread idx 3 steal from 0 [8 9)
thread idx 3 steal from 0 [16 17)
thread idx 1 steal from 2 [2 3)
thread idx 3 steal from 0 [24 25)
thread idx 3 steal from 0 [32 33)
thread idx 1 steal from 2 [10 11)
thread idx 3 steal from 0 [40 41)
thread idx 3 steal from 0 [48 49)
thread idx 1 steal from 2 [18 19)
thread idx 3 steal from 0 [56 57)
thread idx 1 steal from 2 [26 27)
thread idx 3 steal from 2 [34 35)
thread idx 1 steal from 2 [42 43)
thread idx 3 steal from 2 [50 51)
thread idx 1 steal from 2 [58 59)
thread idx 6 steal from 7 [7 8)
threadid 6 done 1 task, taskid 68, remainingTaksNum 317
begin to add new task, new taskId 386, deps[ 385 ]
remainiTask Num is 318
begin to add new task, new taskId 387, deps[ 386 ]
remainiTask Num is 319
begin to add new task, new taskId 388, deps[ 387 ]
remainiTask Num is 320
begin to add new task, new taskId 389, deps[ 388 ]
remainiTask Num is 321
thread idx 69, Get A workFromWaitingQueue, taskId64, num_total_tasks 0 deped_has_not_been_done_num 64
thread idx 4 steal from 5 [5 6)
thread idx 4 steal from 5 [13 14)
thread idx 4 steal from 5 [21 22)
thread idx 4 steal from 5 [29 30)
thread idx 4 steal from 5 [37 38)
thread idx 4 steal from 5 [45 46)
thread idx 4 steal from 5 [53 54)
thread idx 4 steal from 5 [61 62)
thread idx 4 steal from 6 [6 7)
thread idx 4 steal from 6 [14 15)
thread idx 4 steal from 6 [22 23)
thread idx 4 steal from 6 [30 31)
thread idx 4 steal from 6 [38 39)
thread idx 4 steal from 6 [46 47)
thread idx 4 steal from 6 [54 55)
thread idx 4 steal from 6 [62 63)
thread idx 4 steal from 7 [7 8)
thread idx 4 steal from 7 [15 16)
thread idx 4 steal from 7 [23 24)
thread idx 4 steal from 7 [31 32)
thread idx 4 steal from 7 [39 40)
thread idx 4 steal from 7 [47 48)
thread idx 4 steal from 7 [55 56)
thread idx 4 steal from 7 [63 64)
thread idx 4 steal from 0 [0 1)
thread idx 4 steal from 0 [8 9)
thread idx 4 steal from 0 [16 17)
thread idx 4 steal from 0 [24 25)
thread idx 4 steal from 0 [32 33)
thread idx 4 steal from 0 [40 41)
thread idx 4 steal from 0 [48 49)
thread idx 4 steal from 0 [56 57)
thread idx 4 steal from 1 [1 2)
thread idx 4 steal from 1 [9 10)
thread idx 4 steal from 1 [17 18)
thread idx 4 steal from 1 [25 26)
thread idx 4 steal from 1 [33 34)
thread idx 4 steal from 1 [41 42)
thread idx 4 steal from 1 [49 50)
thread idx 4 steal from 1 [57 58)
thread idx 4 steal from 2 [2 3)
thread idx 4 steal from 2 [10 11)
thread idx 4 steal from 2 [18 19)
thread idx 4 steal from 2 [26 27)
thread idx 4 steal from 2 [34 35)
thread idx 4 steal from 2 [42 43)
thread idx 4 steal from 2 [50 51)
thread idx 4 steal from 2 [58 59)
thread idx 4 steal from 3 [3 4)
thread idx 4 steal from 3 [11 12)
thread idx 4 steal from 3 [19 20)
thread idx 4 steal from 3 [27 28)
thread idx 4 steal from 3 [35 36)
thread idx 4 steal from 3 [43 44)
thread idx 4 steal from 3 [51 52)
thread idx 4 steal from 3 [59 60)
threadid 4 done 1 task, taskid 69, remainingTaksNum 320
thread idx 70, Get A workFromWaitingQueue, taskId64, num_total_tasks 0 deped_has_not_been_done_num 64
thread idx 4 steal from 5 [5 6)
thread idx 4 steal from 5 [13 14)
thread idx 4 steal from 5 [21 22)
thread idx 4 steal from 5 [29 30)
thread idx 0 steal from 1 [1 2)
thread idx 4 steal from 5 [37 38)
thread idx 0 steal from 1 [9 10)
thread idx 4 steal from 5 [45 46)
thread idx 0 steal from 1 [17 18)
thread idx 4 steal from 5 [53 54)
thread idx 0 steal from 1 [25 26)
thread idx 0 steal from 1 [33 34)
thread idx 4 steal from 5 [61 62)
thread idx 0 steal from 1 [41 42)
thread idx 4 steal from 6 [6 7)
thread idx 0 steal from 1 [49 50)
thread idx 0 steal from 1 [57 58)
thread idx 4 steal from 6 [14 15)
thread idx 0 steal from 2 [2 3)
thread idx 0 steal from 2 [10 11)
thread idx 4 steal from 6 [22 23)
thread idx 0 steal from 2 [18 19)
thread idx 0 steal from 2 [26 27)
thread idx 4 steal from 6 [30 31)
thread idx 2 steal from 3 [3 4)
thread idx 2 steal from 3 [11 12)
thread idx 2 steal from 3 [19 20)
thread idx 2 steal from 3 [27 28)
thread idx 2 steal from 3 [35 36)
thread idx 2 steal from 3 [43 44)
thread idx 2 steal from 3 [51 52)
thread idx 2 steal from 3 [59 60)
thread idx 2 steal from 6 [38 39)
thread idx 2 steal from 6 [46 47)
thread idx 2 steal from 6 [54 55)
thread idx 2 steal from 6 [62 63)
thread idx 2 steal from 7 [7 8)
thread idx 2 steal from 7 [15 16)
thread idx 2 steal from 7 [23 24)
thread idx 2 steal from 7 [31 32)
thread idx 4 steal from 7 [39 40)
thread idx 2 steal from 7 [47 48)
thread idx 4 steal from 7 [55 56)
thread idx 2 steal from 7 [63 64)
thread idx 0 steal from 2 [34 35)
threadid 0 done 1 task, taskid 70, remainingTaksNum 319
thread idx 71, Get A workFromWaitingQueue, taskId64, num_total_tasks 0 deped_has_not_been_done_num 64
thread idx 7 steal from 0 [0 1)
thread idx 7 steal from 0 [8 9)
thread idx 7 steal from 0 [16 17)
thread idx 7 steal from 0 [24 25)
thread idx 7 steal from 0 [32 33)
thread idx 7 steal from 0 [40 41)
thread idx 7 steal from 0 [48 49)
thread idx 7 steal from 0 [56 57)
thread idx 7 steal from 1 [1 2)
thread idx 7 steal from 1 [9 10)
thread idx 7 steal from 1 [17 18)
thread idx 7 steal from 1 [25 26)
thread idx 7 steal from 1 [33 34)
thread idx 4 steal from 5 [5 6)
thread idx 7 steal from 1 [41 42)
thread idx 4 steal from 5 [13 14)
thread idx 7 steal from 1 [49 50)
thread idx 4 steal from 5 [21 22)
thread idx 7 steal from 1 [57 58)
thread idx 7 steal from 2 [2 3)
thread idx 4 steal from 5 [29 30)
thread idx 7 steal from 2 [10 11)
thread idx 4 steal from 5 [37 38)
thread idx 7 steal from 2 [18 19)
thread idx 4 steal from 5 [45 46)
thread idx 7 steal from 2 [26 27)
thread idx 4 steal from 5 [53 54)
thread idx 7 steal from 2 [34 35)
thread idx 4 steal from 5 [61 62)
thread idx 7 steal from 2 [42 43)
thread idx 4 steal from 6 [6 7)
thread idx 7 steal from 2 [50 51)
thread idx 4 steal from 6 [14 15)
thread idx 7 steal from 2 [58 59)
thread idx 4 steal from 6 [22 23)
thread idx 7 steal from 3 [3 4)
thread idx 4 steal from 6 [30 31)
thread idx 7 steal from 3 [11 12)
thread idx 4 steal from 6 [38 39)
thread idx 7 steal from 3 [19 20)
thread idx 4 steal from 6 [46 47)
thread idx 7 steal from 3 [27 28)
thread idx 4 steal from 6 [54 55)
thread idx 7 steal from 3 [35 36)
thread idx 7 steal from 3 [43 44)
thread idx 4 steal from 6 [62 63)
thread idx 7 steal from 3 [51 52)
thread idx 4 steal from 3 [59 60)
threadid 4 done 1 task, taskid 71, remainingTaksNum 318
thread idx 72, Get A workFromWaitingQueue, taskId64, num_total_tasks 0 deped_has_not_been_done_num 64
thread idx 7 steal from 0 [0 1)
thread idx 7 steal from 0 [8 9)
thread idx 7 steal from 0 [16 17)
thread idx 7 steal from 0 [24 25)
thread idx 7 steal from 0 [32 33)
thread idx 7 steal from 0 [40 41)
thread idx 7 steal from 0 [48 49)
thread idx 7 steal from 0 [56 57)
begin to add new task, new taskId 390, deps[ thread idx 7 steal from 1 [1 2)
389 ]
thread idx 7 steal from 1 [9 10)
thread idx 7 steal from 1 [17 18)
thread idx 7 steal from 1 [25 26)
thread idx 7 steal from 1 [33 34)
thread idx 7 steal from 1 [41 42)
thread idx 7 steal from 1 [49 50)
thread idx 7 steal from 1 [57 58)
thread idx 7 steal from 2 [2 3)
thread idx 7 steal from 2 [10 11)
thread idx 7 steal from 2 [18 19)
thread idx 7 steal from 2 [26 27)
thread idx 7 steal from 2 [34 35)
thread idx 7 steal from 2 [42 43)
thread idx 7 steal from 2 [50 51)
thread idx 7 steal from 2 [58 59)
thread idx 7 steal from 3 [3 4)
thread idx 7 steal from 3 [11 12)
thread idx 7 steal from 3 [19 20)
thread idx 7 steal from 3 [27 28)
thread idx 7 steal from 3 [35 36)
thread idx 7 steal from 3 [43 44)
remainiTask Num is 319
thread idx 7 steal from 3 [51 52)
thread idx 7 steal from 3 [59 60)
thread idx 7 steal from 4 [4 5)
thread idx 7 steal from 4 [12 13)
thread idx 7 steal from 4 [20 21)
thread idx 7 steal from 4 [28 29)
thread idx 7 steal from 4 [36 37)
thread idx 7 steal from 4 [44 45)
thread idx 7 steal from 4 [52 53)
thread idx 7 steal from 4 [60 61)
thread idx 7 steal from 5 [5 6)
thread idx 7 steal from 5 [13 14)
thread idx 7 steal from 5 [21 22)
thread idx 7 steal from 5 [29 30)
thread idx 7 steal from 5 [37 38)
thread idx 7 steal from 5 [45 46)
thread idx 7 steal from 5 [53 54)
thread idx 7 steal from 5 [61 62)
thread idx 7 steal from 6 [6 7)
thread idx 7 steal from 6 [14 15)
thread idx 7 steal from 6 [22 23)
thread idx 7 steal from 6 [30 31)
thread idx 7 steal from 6 [38 39)
thread idx 7 steal from 6 [46 47)
begin to add new task, new taskId 391, deps[ 390 ]
thread idx 7 steal from 6 [54 55)
thread idx 7 steal from 6 [62 63)
threadid 7 done 1 task, taskid 72, remainingTaksNum 318
thread idx 73, Get A workFromWaitingQueue, taskId64, num_total_tasks 0 deped_has_not_been_done_num 64
thread idx 7 steal from 0 [0 1)
thread idx 7 steal from 0 [8 9)
thread idx 7 steal from 0 [16 17)
thread idx 7 steal from 0 [24 25)
thread idx 7 steal from 0 [32 33)
thread idx 7 steal from 0 [40 41)
remainiTask Num is 319
thread idx 7 steal from 0 [48 49)
thread idx 7 steal from 0 [56 57)
begin to add new task, new taskId 392, deps[ thread idx 7 steal from 1 [1 2)
391 ]
thread idx 7 steal from 1 [9 10)
remainiTask Num is 320
thread idx 7 steal from 1 [17 18)
begin to add new task, new taskId 393, deps[ thread idx 7 steal from 1 [25 26)
392 ]
thread idx 7 steal from 1 [33 34)
remainiTask Num is 321
begin to add new task, new taskId 394, deps[ thread idx 7 steal from 1 [41 42)
393 thread idx 7 steal from 1 [49 50)
]
thread idx 7 steal from 1 [57 58)
thread idx 7 steal from 2 [2 3)
thread idx 7 steal from 2 [10 11)
thread idx 7 steal from 2 [18 19)
thread idx 7 steal from 2 [26 27)
thread idx 7 steal from 2 [34 35)
thread idx 7 steal from 2 [42 43)
thread idx 7 steal from 2 [50 51)
thread idx 7 steal from 2 [58 59)
thread idx 7 steal from 3 [3 4)
thread idx 7 steal from 3 [11 12)
thread idx 7 steal from 3 [19 20)
thread idx 7 steal from 3 [27 28)
thread idx 7 steal from 3 [35 36)
thread idx 7 steal from 3 [43 44)
thread idx 7 steal from 3 [51 52)
thread idx 7 steal from 3 [59 60)
thread idx 7 steal from 4 [4 5)
thread idx 7 steal from 4 [12 13)
thread idx 7 steal from 4 [20 21)
thread idx 7 steal from 4 [28 29)
thread idx 7 steal from 4 [36 37)
thread idx 7 steal from 4 [44 45)
thread idx 7 steal from 4 [52 53)
thread idx 7 steal from 4 [60 61)
thread idx 7 steal from 5 [5 6)
thread idx 7 steal from 5 [13 14)
thread idx 7 steal from 5 [21 22)
thread idx 7 steal from 5 [29 30)
thread idx 7 steal from 5 [37 38)
thread idx 7 steal from 5 [45 46)
thread idx 7 steal from 5 [53 54)
remainiTask Num is 322
begin to add new task, new taskId 395, deps[ 394 ]
remainiTask Num is 323
begin to add new task, new taskId 396, deps[ 395 ]
remainiTask Num is 324
thread idx 7 steal from 5 [61 62)
begin to add new task, new taskId 397, deps[ 396 ]
thread idx 7 steal from 6 [6 7)
remainiTask Num is 325
thread idx 7 steal from 6 [14 15)
begin to add new task, new taskId 398, deps[ 397 thread idx 7 steal from 6 [22 23)
]
thread idx 7 steal from 6 [30 31)
thread idx 7 steal from 6 [38 39)
remainiTask Num is 326
begin to add new task, new taskId 399, deps[ 398 ]
remainiTask Num is 327
wait for all tasks done, remaing Task Num is 327
thread idx 7 steal from 6 [46 47)
thread idx 4 steal from 6 [54 55)
thread idx 7 steal from 6 [62 63)
threadid 7 done 1 task, taskid 73, remainingTaksNum 326
thread idx 74, Get A workFromWaitingQueue, taskId64, num_total_tasks 0 deped_has_not_been_done_num 64
thread idx 4 steal from 5 [5 6)
thread idx 4 steal from 5 [13 14)
thread idx 4 steal from 5 [21 22)
thread idx 4 steal from 5 [29 30)
thread idx 4 steal from 5 [37 38)
thread idx 4 steal from 5 [45 46)
thread idx 7 steal from 0 [0 1)
thread idx 4 steal from 5 [53 54)
thread idx 7 steal from 0 [8 9)
thread idx 4 steal from 5 [61 62)
thread idx 7 steal from 0 [16 17)
thread idx 4 steal from 6 [6 7)
thread idx 7 steal from 0 [24 25)
thread idx 4 steal from 6 [14 15)
thread idx 7 steal from 0 [32 33)
thread idx 4 steal from 6 [22 23)
thread idx 7 steal from 0 [40 41)
thread idx 4 steal from 6 [30 31)
thread idx 7 steal from 0 [48 49)
thread idx 4 steal from 6 [38 39)
thread idx 4 steal from 1 [9 10)
thread idx 4 steal from 1 [17 18)
thread idx 4 steal from 1 [25 26)
thread idx 4 steal from 1 [33 34)
thread idx 4 steal from 1 [41 42)
thread idx 4 steal from 1 [49 50)
thread idx 4 steal from 1 [57 58)
thread idx 4 steal from 2 [2 3)
thread idx 4 steal from 2 [10 11)
thread idx 4 steal from 2 [18 19)
thread idx 4 steal from 2 [26 27)
thread idx 4 steal from 2 [34 35)
thread idx 4 steal from 2 [42 43)
thread idx 4 steal from 2 [50 51)
thread idx 7 steal from 0 [56 57)
thread idx 7 steal from 3 [3 4)
thread idx 7 steal from 3 [11 12)
thread idx 7 steal from 3 [19 20)
thread idx 7 steal from 3 [27 28)
thread idx 7 steal from 3 [35 36)
thread idx 7 steal from 3 [43 44)
thread idx 7 steal from 3 [51 52)
thread idx 7 steal from 3 [59 60)
thread idx 6 steal from 1 [1 2)
thread idx 4 steal from 2 [58 59)
threadid 4 done 1 task, taskid 74, remainingTaksNum 325
thread idx 75, Get A workFromWaitingQueue, taskId64, num_total_tasks 0 deped_has_not_been_done_num 64
thread idx 6 steal from 7 [7 8)
thread idx 6 steal from 7 [15 16)
thread idx 6 steal from 7 [23 24)
thread idx 6 steal from 7 [31 32)
thread idx 6 steal from 7 [39 40)
thread idx 6 steal from 7 [47 48)
thread idx 6 steal from 7 [55 56)
thread idx 6 steal from 7 [63 64)
thread idx 6 steal from 0 [0 1)
thread idx 6 steal from 0 [8 9)
thread idx 6 steal from 0 [16 17)
thread idx 6 steal from 0 [24 25)
thread idx 2 steal from 3 [3 4)
thread idx 6 steal from 0 [32 33)
thread idx 2 steal from 3 [11 12)
thread idx 6 steal from 0 [40 41)
thread idx 2 steal from 3 [19 20)
thread idx 2 steal from 3 [27 28)
thread idx 6 steal from 0 [48 49)
thread idx 2 steal from 3 [35 36)
thread idx 2 steal from 3 [43 44)
thread idx 6 steal from 0 [56 57)
thread idx 2 steal from 3 [51 52)
thread idx 6 steal from 1 [1 2)
thread idx 2 steal from 3 [59 60)
thread idx 2 steal from 4 [4 5)
thread idx 6 steal from 1 [9 10)
thread idx 2 steal from 4 [12 13)
thread idx 6 steal from 1 [17 18)
thread idx 2 steal from 4 [20 21)
thread idx 2 steal from 4 [28 29)
thread idx 6 steal from 1 [25 26)
thread idx 2 steal from 4 [36 37)
thread idx 6 steal from 1 [33 34)
thread idx 2 steal from 4 [44 45)
thread idx 6 steal from 1 [41 42)
thread idx 2 steal from 4 [52 53)
thread idx 2 steal from 4 [60 61)
thread idx 6 steal from 1 [49 50)
thread idx 2 steal from 5 [5 6)
thread idx 6 steal from 1 [57 58)
thread idx 2 steal from 5 [13 14)
thread idx 6 steal from 5 [21 22)
thread idx 2 steal from 5 [29 30)
thread idx 6 steal from 5 [37 38)
thread idx 6 steal from 5 [45 46)
thread idx 6 steal from 5 [53 54)
thread idx 6 steal from 5 [61 62)
threadid 2 done 1 task, taskid 75, remainingTaksNum 324
thread idx 76, Get A workFromWaitingQueue, taskId64, num_total_tasks 0 deped_has_not_been_done_num 64
thread idx 6 steal from 7 [7 8)
thread idx 6 steal from 7 [15 16)
thread idx 6 steal from 7 [23 24)
thread idx 6 steal from 7 [31 32)
thread idx 6 steal from 7 [39 40)
thread idx 6 steal from 7 [47 48)
thread idx 6 steal from 7 [55 56)
thread idx 6 steal from 7 [63 64)
thread idx 6 steal from 0 [0 1)
thread idx 6 steal from 0 [8 9)
thread idx 6 steal from 0 [16 17)
thread idx 6 steal from 0 [24 25)
thread idx 6 steal from 0 [32 33)
thread idx 6 steal from 0 [40 41)
thread idx 6 steal from 0 [48 49)
thread idx 6 steal from 0 [56 57)
thread idx 6 steal from 1 [1 2)
thread idx 6 steal from 1 [9 10)
thread idx 6 steal from 1 [17 18)
thread idx 6 steal from 1 [25 26)
thread idx 6 steal from 1 [33 34)
thread idx 6 steal from 1 [41 42)
thread idx 3 steal from 4 [4 5)
thread idx 6 steal from 1 [49 50)
thread idx 3 steal from 4 [12 13)
thread idx 6 steal from 1 [57 58)
thread idx 3 steal from 4 [20 21)
thread idx 6 steal from 2 [2 3)
thread idx 3 steal from 4 [28 29)
thread idx 6 steal from 2 [10 11)
thread idx 3 steal from 4 [36 37)
thread idx 6 steal from 2 [18 19)
thread idx 3 steal from 4 [44 45)
thread idx 6 steal from 2 [26 27)
thread idx 3 steal from 4 [52 53)
thread idx 6 steal from 2 [34 35)
thread idx 3 steal from 4 [60 61)
thread idx 6 steal from 2 [42 43)
thread idx 3 steal from 5 [5 6)
thread idx 6 steal from 2 [50 51)
thread idx 7 steal from 2 [58 59)
threadid 7 done 1 task, taskid 76, remainingTaksNum 323
thread idx 77, Get A workFromWaitingQueue, taskId64, num_total_tasks 0 deped_has_not_been_done_num 64
thread idx 5 steal from 6 [6 7)
thread idx 5 steal from 6 [14 15)
thread idx 5 steal from 6 [22 23)
thread idx 5 steal from 6 [30 31)
thread idx 5 steal from 6 [38 39)
thread idx 5 steal from 6 [46 47)
thread idx 5 steal from 6 [54 55)
thread idx 5 steal from 6 [62 63)
thread idx 5 steal from 0 [8 9)
thread idx 7 steal from 0 [0 1)
thread idx 5 steal from 0 [16 17)
thread idx 7 steal from 0 [24 25)
thread idx 5 steal from 0 [32 33)
thread idx 7 steal from 0 [40 41)
thread idx 5 steal from 0 [48 49)
thread idx 7 steal from 0 [56 57)
thread idx 5 steal from 1 [1 2)
thread idx 7 steal from 1 [9 10)
thread idx 5 steal from 1 [17 18)
thread idx 7 steal from 1 [25 26)
thread idx 5 steal from 1 [33 34)
thread idx 7 steal from 1 [41 42)
thread idx 5 steal from 1 [49 50)
thread idx 7 steal from 1 [57 58)
thread idx 5 steal from 2 [2 3)
thread idx 7 steal from 2 [10 11)
thread idx 5 steal from 2 [18 19)
thread idx 7 steal from 2 [26 27)
thread idx 5 steal from 2 [34 35)
thread idx 7 steal from 2 [42 43)
thread idx 5 steal from 2 [50 51)
thread idx 7 steal from 2 [58 59)
thread idx 2 steal from 3 [3 4)
thread idx 5 steal from 3 [11 12)
thread idx 2 steal from 3 [35 36)
thread idx 1 steal from 3 [19 20)
thread idx 5 steal from 3 [43 44)
thread idx 1 steal from 3 [51 52)
thread idx 5 steal from 3 [59 60)
thread idx 2 steal from 4 [4 5)
thread idx 1 steal from 4 [12 13)
thread idx 5 steal from 4 [20 21)
thread idx 2 steal from 4 [28 29)
thread idx 1 steal from 4 [36 37)
thread idx 2 steal from 4 [44 45)
thread idx 5 steal from 4 [52 53)
thread idx 2 steal from 4 [60 61)
thread idx 7 steal from 3 [27 28)
threadid 7 done 1 task, taskid 77, remainingTaksNum 322
thread idx 78, Get A workFromWaitingQueue, taskId64, num_total_tasks 0 deped_has_not_been_done_num 64
thread idx 1 steal from 2 [2 3)
thread idx 1 steal from 2 [10 11)
thread idx 1 steal from 2 [18 19)
thread idx 1 steal from 2 [26 27)
thread idx 1 steal from 2 [34 35)
thread idx 1 steal from 2 [42 43)
thread idx 1 steal from 2 [50 51)
thread idx 1 steal from 2 [58 59)
thread idx 1 steal from 3 [3 4)
thread idx 1 steal from 3 [11 12)
thread idx 1 steal from 3 [19 20)
thread idx 1 steal from 3 [27 28)
thread idx 1 steal from 3 [35 36)
thread idx 1 steal from 3 [43 44)
thread idx 1 steal from 3 [51 52)
thread idx 1 steal from 3 [59 60)
thread idx 1 steal from 4 [4 5)
thread idx 1 steal from 4 [12 13)
thread idx 1 steal from 4 [20 21)
thread idx 1 steal from 4 [28 29)
thread idx 1 steal from 4 [36 37)
thread idx 1 steal from 4 [44 45)
thread idx 1 steal from 4 [52 53)
thread idx 1 steal from 4 [60 61)
thread idx 1 steal from 5 [5 6)
thread idx 1 steal from 5 [13 14)
thread idx 1 steal from 5 [21 22)
thread idx 1 steal from 5 [29 30)
thread idx 1 steal from 5 [37 38)
thread idx 4 steal from 5 [45 46)
thread idx 4 steal from 5 [61 62)
thread idx 4 steal from 6 [6 7)
thread idx 1 steal from 5 [53 54)
thread idx 4 steal from 6 [14 15)
thread idx 1 steal from 6 [22 23)
thread idx 4 steal from 6 [30 31)
thread idx 1 steal from 6 [38 39)
thread idx 4 steal from 6 [46 47)
thread idx 1 steal from 6 [54 55)
thread idx 4 steal from 6 [62 63)
thread idx 1 steal from 7 [7 8)
thread idx 4 steal from 7 [15 16)
thread idx 1 steal from 7 [23 24)
thread idx 4 steal from 7 [31 32)
thread idx 1 steal from 7 [39 40)
thread idx 4 steal from 7 [47 48)
thread idx 1 steal from 7 [55 56)
thread idx 4 steal from 7 [63 64)
thread idx 1 steal from 0 [0 1)
thread idx 4 steal from 0 [8 9)
thread idx 1 steal from 0 [16 17)
thread idx 4 steal from 0 [24 25)
thread idx 1 steal from 0 [32 33)
thread idx 4 steal from 0 [40 41)
thread idx 1 steal from 0 [48 49)
thread idx 4 steal from 0 [56 57)
threadid 4 done 1 task, taskid 78, remainingTaksNum 321
thread idx 79, Get A workFromWaitingQueue, taskId64, num_total_tasks 0 deped_has_not_been_done_num 64
thread idx 1 steal from 2 [2 3)
thread idx 1 steal from 2 [10 11)
thread idx 1 steal from 2 [18 19)
thread idx 1 steal from 2 [26 27)
thread idx 1 steal from 2 [34 35)
thread idx 1 steal from 2 [42 43)
thread idx 1 steal from 2 [50 51)
thread idx 1 steal from 2 [58 59)
thread idx 1 steal from 3 [3 4)
thread idx 1 steal from 3 [11 12)
thread idx 1 steal from 3 [19 20)
thread idx 1 steal from 3 [27 28)
thread idx 1 steal from 3 [35 36)
thread idx 2 steal from 3 [43 44)
thread idx 2 steal from 3 [51 52)
thread idx 2 steal from 3 [59 60)
thread idx 2 steal from 5 [13 14)
thread idx 2 steal from 5 [21 22)
thread idx 2 steal from 5 [29 30)
thread idx 2 steal from 5 [37 38)
thread idx 2 steal from 5 [45 46)
thread idx 2 steal from 5 [53 54)
thread idx 2 steal from 5 [61 62)
thread idx 2 steal from 7 [15 16)
thread idx 2 steal from 7 [23 24)
thread idx 2 steal from 7 [31 32)
thread idx 2 steal from 7 [39 40)
thread idx 2 steal from 7 [47 48)
thread idx 2 steal from 7 [55 56)
thread idx 2 steal from 7 [63 64)
thread idx 2 steal from 0 [0 1)
thread idx 2 steal from 0 [8 9)
thread idx 2 steal from 0 [16 17)
thread idx 2 steal from 0 [24 25)
thread idx 2 steal from 0 [32 33)
thread idx 1 steal from 0 [40 41)
thread idx 2 steal from 0 [48 49)
thread idx 1 steal from 0 [56 57)
thread idx 6 steal from 7 [7 8)
thread idx 4 steal from 5 [5 6)
threadid 4 done 1 task, taskid 79, remainingTaksNum 320
thread idx 80, Get A workFromWaitingQueue, taskId64, num_total_tasks 0 deped_has_not_been_done_num 64
thread idx 4 steal from 5 [5 6)
thread idx 4 steal from 5 [13 14)
thread idx 4 steal from 5 [21 22)
thread idx 4 steal from 5 [29 30)
thread idx 4 steal from 5 [37 38)
thread idx 4 steal from 5 [45 46)
thread idx 4 steal from 5 [53 54)
thread idx 4 steal from 5 [61 62)
thread idx 4 steal from 6 [6 7)
thread idx 4 steal from 6 [14 15)
thread idx 4 steal from 6 [22 23)
thread idx 4 steal from 6 [30 31)
thread idx 4 steal from 6 [38 39)
thread idx 4 steal from 6 [46 47)
thread idx 4 steal from 6 [54 55)
thread idx 4 steal from 6 [62 63)
thread idx 5 steal from 7 [7 8)
thread idx 5 steal from 7 [23 24)
thread idx 5 steal from 7 [31 32)
thread idx 5 steal from 7 [39 40)
thread idx 5 steal from 7 [47 48)
thread idx 5 steal from 7 [55 56)
thread idx 5 steal from 7 [63 64)
thread idx 5 steal from 0 [0 1)
thread idx 5 steal from 0 [8 9)
thread idx 5 steal from 0 [16 17)
thread idx 5 steal from 0 [24 25)
thread idx 5 steal from 0 [32 33)
thread idx 4 steal from 7 [15 16)
thread idx 5 steal from 0 [40 41)
thread idx 5 steal from 0 [48 49)
thread idx 4 steal from 0 [56 57)
thread idx 5 steal from 1 [1 2)
thread idx 7 steal from 1 [9 10)
thread idx 5 steal from 1 [25 26)
thread idx 5 steal from 1 [33 34)
thread idx 5 steal from 1 [41 42)
thread idx 7 steal from 1 [49 50)
thread idx 5 steal from 1 [57 58)
thread idx 7 steal from 2 [2 3)
thread idx 5 steal from 2 [10 11)
thread idx 5 steal from 2 [18 19)
thread idx 7 steal from 2 [26 27)
thread idx 4 steal from 1 [17 18)
thread idx 5 steal from 2 [34 35)
thread idx 7 steal from 2 [42 43)
thread idx 4 steal from 2 [50 51)
thread idx 7 steal from 2 [58 59)
thread idx 7 steal from 3 [11 12)
thread idx 4 steal from 3 [19 20)
thread idx 5 steal from 3 [3 4)
thread idx 4 steal from 3 [27 28)
thread idx 7 steal from 3 [35 36)
thread idx 4 steal from 3 [51 52)
thread idx 5 steal from 3 [43 44)
thread idx 7 steal from 3 [59 60)
threadid 7 done 1 task, taskid 80, remainingTaksNum 319
thread idx 81, Get A workFromWaitingQueue, taskId64, num_total_tasks 0 deped_has_not_been_done_num 64
thread idx 0 steal from 1 [1 2)
thread idx 0 steal from 1 [9 10)
thread idx 0 steal from 1 [17 18)
thread idx 0 steal from 1 [25 26)
thread idx 0 steal from 1 [33 34)
thread idx 0 steal from 1 [41 42)
thread idx 0 steal from 1 [49 50)
thread idx 4 steal from 5 [5 6)
thread idx 0 steal from 1 [57 58)
thread idx 4 steal from 5 [13 14)
thread idx 0 steal from 2 [2 3)
thread idx 4 steal from 5 [21 22)
thread idx 0 steal from 2 [10 11)
thread idx 4 steal from 5 [29 30)
thread idx 0 steal from 2 [18 19)
thread idx 4 steal from 5 [37 38)
thread idx 0 steal from 2 [26 27)
thread idx 1 steal from 2 [34 35)
thread idx 1 steal from 2 [42 43)
thread idx 1 steal from 2 [50 51)
thread idx 1 steal from 2 [58 59)
thread idx 1 steal from 3 [3 4)
thread idx 1 steal from 3 [11 12)
thread idx 1 steal from 3 [19 20)
thread idx 1 steal from 3 [27 28)
thread idx 1 steal from 3 [35 36)
thread idx 1 steal from 3 [43 44)
thread idx 1 steal from 3 [51 52)
thread idx 1 steal from 3 [59 60)
thread idx 1 steal from 5 [53 54)
thread idx 1 steal from 5 [61 62)
thread idx 1 steal from 6 [6 7)
thread idx 1 steal from 6 [14 15)
thread idx 1 steal from 6 [22 23)
thread idx 0 steal from 6 [30 31)
thread idx 1 steal from 6 [38 39)
thread idx 0 steal from 6 [46 47)
thread idx 1 steal from 6 [54 55)
thread idx 0 steal from 6 [62 63)
thread idx 1 steal from 7 [7 8)
thread idx 4 steal from 5 [45 46)
thread idx 1 steal from 7 [23 24)
thread idx 1 steal from 7 [31 32)
thread idx 1 steal from 7 [39 40)
thread idx 1 steal from 7 [47 48)
thread idx 0 steal from 7 [15 16)
thread idx 1 steal from 7 [63 64)
thread idx 4 steal from 7 [55 56)
threadid 4 done 1 task, taskid 81, remainingTaksNum 318
thread idx 82, Get A workFromWaitingQueue, taskId64, num_total_tasks 0 deped_has_not_been_done_num 64
thread idx 6 steal from 7 [7 8)
thread idx 6 steal from 7 [15 16)
thread idx 6 steal from 7 [23 24)
thread idx 6 steal from 7 [31 32)
thread idx 6 steal from 7 [39 40)
thread idx 6 steal from 7 [47 48)
thread idx 6 steal from 7 [55 56)
thread idx 6 steal from 7 [63 64)
thread idx 6 steal from 0 [0 1)
thread idx 6 steal from 0 [8 9)
thread idx 6 steal from 0 [16 17)
thread idx 6 steal from 0 [24 25)
thread idx 6 steal from 0 [32 33)
thread idx 1 steal from 2 [2 3)
thread idx 6 steal from 0 [40 41)
thread idx 1 steal from 2 [10 11)
thread idx 1 steal from 2 [18 19)
thread idx 6 steal from 0 [48 49)
thread idx 1 steal from 2 [26 27)
thread idx 6 steal from 0 [56 57)
thread idx 3 steal from 4 [4 5)
thread idx 6 steal from 2 [42 43)
thread idx 6 steal from 2 [50 51)
thread idx 6 steal from 2 [58 59)
thread idx 6 steal from 4 [12 13)
thread idx 3 steal from 4 [20 21)
thread idx 6 steal from 4 [28 29)
thread idx 3 steal from 4 [36 37)
thread idx 6 steal from 4 [44 45)
thread idx 3 steal from 4 [52 53)
thread idx 1 steal from 2 [34 35)
thread idx 6 steal from 4 [60 61)
thread idx 3 steal from 5 [5 6)
thread idx 1 steal from 5 [13 14)
thread idx 3 steal from 5 [29 30)
thread idx 6 steal from 5 [21 22)
thread idx 1 steal from 5 [37 38)
thread idx 3 steal from 5 [45 46)
thread idx 1 steal from 5 [53 54)
thread idx 3 steal from 5 [61 62)
threadid 3 done 1 task, taskid 82, remainingTaksNum 317
thread idx 83, Get A workFromWaitingQueue, taskId64, num_total_tasks 0 deped_has_not_been_done_num 64
thread idx 3 steal from 4 [4 5)
thread idx 3 steal from 4 [12 13)
thread idx 3 steal from 4 [20 21)
thread idx 3 steal from 4 [28 29)
thread idx 3 steal from 4 [36 37)
thread idx 3 steal from 4 [44 45)
thread idx 3 steal from 4 [52 53)
thread idx 3 steal from 4 [60 61)
thread idx 3 steal from 5 [5 6)
thread idx 3 steal from 5 [13 14)
thread idx 3 steal from 5 [21 22)
thread idx 3 steal from 5 [29 30)
thread idx 3 steal from 5 [37 38)
thread idx 3 steal from 5 [45 46)
thread idx 3 steal from 5 [61 62)
thread idx 5 steal from 6 [6 7)
thread idx 3 steal from 6 [14 15)
thread idx 5 steal from 6 [22 23)
thread idx 3 steal from 6 [30 31)
thread idx 5 steal from 6 [38 39)
thread idx 3 steal from 6 [46 47)
thread idx 5 steal from 6 [54 55)
thread idx 3 steal from 6 [62 63)
thread idx 5 steal from 7 [7 8)
thread idx 3 steal from 7 [15 16)
thread idx 3 steal from 7 [23 24)
thread idx 5 steal from 7 [31 32)
thread idx 3 steal from 7 [39 40)
thread idx 5 steal from 7 [47 48)
thread idx 3 steal from 7 [55 56)
thread idx 5 steal from 7 [63 64)
thread idx 3 steal from 0 [0 1)
thread idx 5 steal from 0 [8 9)
thread idx 3 steal from 0 [16 17)
thread idx 5 steal from 0 [24 25)
thread idx 3 steal from 0 [32 33)
thread idx 5 steal from 0 [40 41)
thread idx 3 steal from 0 [48 49)
thread idx 5 steal from 0 [56 57)
thread idx 3 steal from 1 [1 2)
thread idx 5 steal from 1 [9 10)
thread idx 3 steal from 1 [17 18)
thread idx 3 steal from 1 [33 34)
thread idx 3 steal from 1 [41 42)
thread idx 2 steal from 1 [49 50)
thread idx 3 steal from 1 [57 58)
thread idx 5 steal from 1 [25 26)
threadid 5 done 1 task, taskid 83, remainingTaksNum 316
thread idx 84, Get A workFromWaitingQueue, taskId64, num_total_tasks 0 deped_has_not_been_done_num 64
thread idx 5 steal from 6 [6 7)
thread idx 5 steal from 6 [14 15)
thread idx 5 steal from 6 [22 23)
thread idx 5 steal from 6 [30 31)
thread idx 5 steal from 6 [38 39)
thread idx 5 steal from 6 [46 47)
thread idx 5 steal from 6 [54 55)
thread idx 5 steal from 6 [62 63)
thread idx 5 steal from 7 [7 8)
thread idx 5 steal from 7 [15 16)
thread idx 5 steal from 7 [23 24)
thread idx 5 steal from 7 [31 32)
thread idx 5 steal from 7 [39 40)
thread idx 5 steal from 7 [47 48)
thread idx 5 steal from 7 [55 56)
thread idx 5 steal from 7 [63 64)
thread idx 5 steal from 0 [0 1)
thread idx 5 steal from 0 [8 9)
thread idx 5 steal from 0 [16 17)
thread idx 2 steal from 3 [3 4)
thread idx 2 steal from 3 [11 12)
thread idx 5 steal from 0 [24 25)
thread idx 2 steal from 3 [19 20)
thread idx 5 steal from 0 [32 33)
thread idx 2 steal from 3 [27 28)
thread idx 5 steal from 0 [40 41)
thread idx 2 steal from 3 [35 36)
thread idx 5 steal from 0 [48 49)
thread idx 2 steal from 3 [43 44)
thread idx 5 steal from 0 [56 57)
thread idx 2 steal from 3 [51 52)
thread idx 5 steal from 1 [1 2)
thread idx 2 steal from 3 [59 60)
thread idx 5 steal from 1 [9 10)
thread idx 2 steal from 4 [4 5)
thread idx 5 steal from 1 [17 18)
thread idx 2 steal from 4 [12 13)
thread idx 5 steal from 1 [25 26)
thread idx 2 steal from 4 [20 21)
thread idx 5 steal from 1 [33 34)
thread idx 5 steal from 1 [41 42)
thread idx 2 steal from 4 [28 29)
thread idx 5 steal from 1 [49 50)
thread idx 2 steal from 4 [36 37)
thread idx 5 steal from 1 [57 58)
thread idx 2 steal from 4 [44 45)
thread idx 5 steal from 4 [52 53)
thread idx 2 steal from 4 [60 61)
threadid 2 done 1 task, taskid 84, remainingTaksNum 315
thread idx 85, Get A workFromWaitingQueue, taskId64, num_total_tasks 0 deped_has_not_been_done_num 64
thread idx 4 steal from 5 [5 6)
thread idx 4 steal from 5 [13 14)
thread idx 4 steal from 5 [21 22)
thread idx 4 steal from 5 [29 30)
thread idx 4 steal from 5 [37 38)
thread idx 4 steal from 5 [45 46)
thread idx 4 steal from 5 [53 54)
thread idx 4 steal from 6 [6 7)
thread idx 5 steal from 6 [14 15)
thread idx 4 steal from 6 [22 23)
thread idx 5 steal from 6 [30 31)
thread idx 4 steal from 6 [38 39)
thread idx 5 steal from 6 [46 47)
thread idx 4 steal from 6 [54 55)
thread idx 5 steal from 6 [62 63)
thread idx 4 steal from 7 [7 8)
thread idx 5 steal from 7 [15 16)
thread idx 4 steal from 7 [23 24)
thread idx 5 steal from 7 [31 32)
thread idx 4 steal from 7 [39 40)
thread idx 5 steal from 7 [47 48)
thread idx 4 steal from 7 [55 56)
thread idx 5 steal from 7 [63 64)
thread idx 4 steal from 0 [0 1)
thread idx 5 steal from 0 [8 9)
thread idx 4 steal from 0 [16 17)
thread idx 5 steal from 0 [24 25)
thread idx 4 steal from 0 [32 33)
thread idx 5 steal from 0 [40 41)
thread idx 4 steal from 0 [48 49)
thread idx 5 steal from 0 [56 57)
thread idx 4 steal from 1 [1 2)
thread idx 5 steal from 1 [9 10)
thread idx 4 steal from 1 [17 18)
thread idx 5 steal from 1 [25 26)
thread idx 4 steal from 1 [33 34)
thread idx 5 steal from 1 [41 42)
thread idx 4 steal from 1 [49 50)
thread idx 5 steal from 1 [57 58)
thread idx 4 steal from 2 [2 3)
thread idx 5 steal from 2 [10 11)
thread idx 4 steal from 2 [18 19)
thread idx 5 steal from 2 [26 27)
thread idx 4 steal from 2 [34 35)
thread idx 5 steal from 2 [42 43)
thread idx 4 steal from 2 [50 51)
thread idx 5 steal from 2 [58 59)
thread idx 4 steal from 3 [3 4)
thread idx 5 steal from 3 [11 12)
thread idx 4 steal from 3 [19 20)
thread idx 5 steal from 3 [27 28)
thread idx 4 steal from 3 [35 36)
thread idx 5 steal from 3 [43 44)
thread idx 6 steal from 3 [59 60)
thread idx 4 steal from 3 [51 52)
threadid 4 done 1 task, taskid 85, remainingTaksNum 314
thread idx 86, Get A workFromWaitingQueue, taskId64, num_total_tasks 0 deped_has_not_been_done_num 64
thread idx 5 steal from 6 [6 7)
thread idx 5 steal from 6 [14 15)
thread idx 5 steal from 6 [22 23)
thread idx 5 steal from 6 [30 31)
thread idx 5 steal from 6 [38 39)
thread idx 5 steal from 6 [46 47)
thread idx 5 steal from 6 [54 55)
thread idx 5 steal from 6 [62 63)
thread idx 5 steal from 7 [7 8)
thread idx 5 steal from 7 [15 16)
thread idx 5 steal from 7 [23 24)
thread idx 5 steal from 7 [31 32)
thread idx 5 steal from 7 [39 40)
thread idx 5 steal from 7 [47 48)
thread idx 5 steal from 7 [55 56)
thread idx 5 steal from 7 [63 64)
thread idx 5 steal from 0 [0 1)
thread idx 5 steal from 0 [8 9)
thread idx 5 steal from 0 [16 17)
thread idx 5 steal from 0 [24 25)
thread idx 5 steal from 0 [32 33)
thread idx 5 steal from 0 [40 41)
thread idx 5 steal from 0 [48 49)
thread idx 5 steal from 0 [56 57)
thread idx 5 steal from 1 [1 2)
thread idx 5 steal from 1 [9 10)
thread idx 5 steal from 1 [17 18)
thread idx 5 steal from 1 [25 26)
thread idx 5 steal from 1 [33 34)
thread idx 5 steal from 1 [41 42)
thread idx 5 steal from 1 [49 50)
thread idx 5 steal from 1 [57 58)
thread idx 5 steal from 2 [2 3)
thread idx 5 steal from 2 [10 11)
thread idx 5 steal from 2 [18 19)
thread idx 5 steal from 2 [26 27)
thread idx 5 steal from 2 [34 35)
thread idx 5 steal from 2 [42 43)
thread idx 5 steal from 2 [50 51)
thread idx 5 steal from 2 [58 59)
thread idx 5 steal from 3 [3 4)
thread idx 5 steal from 3 [11 12)
thread idx 5 steal from 3 [19 20)
thread idx 5 steal from 3 [43 44)
thread idx 5 steal from 4 [4 5)
thread idx 3 steal from 4 [12 13)
thread idx 5 steal from 4 [20 21)
thread idx 3 steal from 4 [28 29)
thread idx 5 steal from 4 [36 37)
thread idx 3 steal from 4 [44 45)
thread idx 5 steal from 4 [52 53)
thread idx 3 steal from 4 [60 61)
threadid 3 done 1 task, taskid 86, remainingTaksNum 313
thread idx 87, Get A workFromWaitingQueue, taskId64, num_total_tasks 0 deped_has_not_been_done_num 64
thread idx 5 steal from 6 [6 7)
thread idx 5 steal from 6 [14 15)
thread idx 5 steal from 6 [22 23)
thread idx 5 steal from 6 [30 31)
thread idx 5 steal from 6 [38 39)
thread idx 5 steal from 6 [46 47)
thread idx 5 steal from 6 [54 55)
thread idx 5 steal from 6 [62 63)
thread idx 5 steal from 7 [7 8)
thread idx 5 steal from 7 [15 16)
thread idx 5 steal from 7 [23 24)
thread idx 5 steal from 7 [31 32)
thread idx 5 steal from 7 [39 40)
thread idx 5 steal from 7 [47 48)
thread idx 5 steal from 7 [55 56)
thread idx 5 steal from 7 [63 64)
thread idx 5 steal from 0 [0 1)
thread idx 5 steal from 0 [8 9)
thread idx 5 steal from 0 [16 17)
thread idx 5 steal from 0 [24 25)
thread idx 5 steal from 0 [32 33)
thread idx 5 steal from 0 [40 41)
thread idx 5 steal from 0 [48 49)
thread idx 5 steal from 0 [56 57)
thread idx 5 steal from 1 [1 2)
thread idx 5 steal from 1 [9 10)
thread idx 5 steal from 1 [17 18)
thread idx 5 steal from 1 [25 26)
thread idx 5 steal from 1 [33 34)
thread idx 5 steal from 1 [41 42)
thread idx 5 steal from 1 [49 50)
thread idx 5 steal from 1 [57 58)
thread idx 5 steal from 2 [2 3)
thread idx 5 steal from 2 [10 11)
thread idx 5 steal from 2 [18 19)
thread idx 5 steal from 2 [26 27)
thread idx 5 steal from 2 [34 35)
thread idx 5 steal from 2 [42 43)
thread idx 5 steal from 2 [50 51)
thread idx 5 steal from 2 [58 59)
thread idx 5 steal from 3 [3 4)
thread idx 5 steal from 3 [11 12)
thread idx 5 steal from 3 [19 20)
thread idx 5 steal from 3 [27 28)
thread idx 5 steal from 3 [35 36)
thread idx 5 steal from 3 [43 44)
thread idx 5 steal from 3 [51 52)
thread idx 5 steal from 3 [59 60)
thread idx 5 steal from 4 [4 5)
thread idx 5 steal from 4 [12 13)
thread idx 5 steal from 4 [20 21)
thread idx 5 steal from 4 [28 29)
thread idx 5 steal from 4 [36 37)
thread idx 5 steal from 4 [44 45)
thread idx 5 steal from 4 [52 53)
thread idx 2 steal from 4 [60 61)
threadid 2 done 1 task, taskid 87, remainingTaksNum 312
thread idx 88, Get A workFromWaitingQueue, taskId64, num_total_tasks 0 deped_has_not_been_done_num 64
thread idx 1 steal from 2 [2 3)
thread idx 1 steal from 2 [10 11)
thread idx 1 steal from 2 [18 19)
thread idx 1 steal from 2 [26 27)
thread idx 1 steal from 2 [34 35)
thread idx 1 steal from 2 [42 43)
thread idx 1 steal from 2 [50 51)
thread idx 1 steal from 2 [58 59)
thread idx 5 steal from 6 [6 7)
thread idx 1 steal from 3 [3 4)
thread idx 1 steal from 3 [11 12)
thread idx 5 steal from 6 [14 15)
thread idx 1 steal from 3 [19 20)
thread idx 5 steal from 6 [22 23)
thread idx 1 steal from 3 [27 28)
thread idx 5 steal from 6 [30 31)
thread idx 1 steal from 3 [35 36)
thread idx 5 steal from 6 [38 39)
thread idx 1 steal from 3 [43 44)
thread idx 5 steal from 6 [46 47)
thread idx 5 steal from 6 [54 55)
thread idx 1 steal from 3 [51 52)
thread idx 5 steal from 6 [62 63)
thread idx 5 steal from 7 [7 8)
thread idx 1 steal from 3 [59 60)
thread idx 5 steal from 7 [15 16)
thread idx 1 steal from 4 [4 5)
thread idx 5 steal from 7 [23 24)
thread idx 1 steal from 4 [12 13)
thread idx 5 steal from 7 [31 32)
thread idx 1 steal from 4 [20 21)
thread idx 5 steal from 7 [39 40)
thread idx 1 steal from 4 [28 29)
thread idx 5 steal from 7 [47 48)
thread idx 1 steal from 4 [36 37)
thread idx 5 steal from 7 [55 56)
thread idx 1 steal from 4 [44 45)
thread idx 5 steal from 7 [63 64)
thread idx 5 steal from 0 [0 1)
thread idx 1 steal from 4 [52 53)
thread idx 5 steal from 0 [8 9)
thread idx 5 steal from 0 [16 17)
thread idx 1 steal from 4 [60 61)
thread idx 5 steal from 0 [24 25)
thread idx 1 steal from 0 [32 33)
thread idx 5 steal from 0 [40 41)
thread idx 1 steal from 0 [48 49)
thread idx 5 steal from 0 [56 57)
threadid 1 done 1 task, taskid 88, remainingTaksNum 311
thread idx 89, Get A workFromWaitingQueue, taskId64, num_total_tasks 0 deped_has_not_been_done_num 64
thread idx 5 steal from 6 [14 15)
thread idx 5 steal from 6 [22 23)
thread idx 5 steal from 6 [30 31)
thread idx 5 steal from 6 [38 39)
thread idx 5 steal from 6 [46 47)
thread idx 5 steal from 6 [54 55)
thread idx 5 steal from 6 [62 63)
thread idx 5 steal from 7 [7 8)
thread idx 5 steal from 7 [15 16)
thread idx 5 steal from 7 [23 24)
thread idx 5 steal from 7 [31 32)
thread idx 5 steal from 7 [39 40)
thread idx 5 steal from 7 [47 48)
thread idx 5 steal from 7 [55 56)
thread idx 5 steal from 7 [63 64)
thread idx 5 steal from 0 [0 1)
thread idx 5 steal from 0 [8 9)
thread idx 5 steal from 0 [16 17)
thread idx 5 steal from 0 [24 25)
thread idx 5 steal from 0 [32 33)
thread idx 5 steal from 0 [40 41)
thread idx 5 steal from 0 [48 49)
thread idx 5 steal from 0 [56 57)
thread idx 5 steal from 1 [57 58)
thread idx 1 steal from 2 [2 3)
thread idx 5 steal from 2 [10 11)
thread idx 5 steal from 2 [18 19)
thread idx 1 steal from 2 [26 27)
thread idx 5 steal from 2 [34 35)
thread idx 1 steal from 2 [42 43)
thread idx 5 steal from 2 [50 51)
thread idx 1 steal from 2 [58 59)
thread idx 5 steal from 3 [3 4)
thread idx 6 steal from 3 [11 12)
thread idx 1 steal from 3 [59 60)
thread idx 3 steal from 4 [4 5)
thread idx 6 steal from 4 [12 13)
thread idx 1 steal from 4 [20 21)
thread idx 3 steal from 4 [28 29)
thread idx 6 steal from 4 [36 37)
thread idx 5 steal from 3 [19 20)
thread idx 3 steal from 4 [52 53)
thread idx 6 steal from 4 [60 61)
thread idx 1 steal from 4 [44 45)
threadid 1 done 1 task, taskid 89, remainingTaksNum 310
thread idx 90, Get A workFromWaitingQueue, taskId64, num_total_tasks 0 deped_has_not_been_done_num 64
thread idx 1 steal from 2 [2 3)
thread idx 1 steal from 2 [10 11)
thread idx 1 steal from 2 [18 19)
thread idx 1 steal from 2 [26 27)
thread idx 1 steal from 2 [34 35)
thread idx 1 steal from 2 [42 43)
thread idx 1 steal from 2 [50 51)
thread idx 1 steal from 2 [58 59)
thread idx 1 steal from 3 [3 4)
thread idx 1 steal from 3 [11 12)
thread idx 1 steal from 3 [19 20)
thread idx 1 steal from 3 [27 28)
thread idx 1 steal from 3 [35 36)
thread idx 1 steal from 3 [43 44)
thread idx 1 steal from 3 [51 52)
thread idx 1 steal from 3 [59 60)
thread idx 1 steal from 4 [4 5)
thread idx 1 steal from 4 [12 13)
thread idx 5 steal from 6 [6 7)
thread idx 1 steal from 4 [20 21)
thread idx 5 steal from 6 [14 15)
thread idx 1 steal from 4 [28 29)
thread idx 5 steal from 6 [22 23)
thread idx 5 steal from 6 [30 31)
thread idx 5 steal from 6 [38 39)
thread idx 5 steal from 6 [46 47)
thread idx 5 steal from 6 [54 55)
thread idx 5 steal from 6 [62 63)
thread idx 5 steal from 7 [7 8)
thread idx 5 steal from 7 [15 16)
thread idx 5 steal from 7 [23 24)
thread idx 5 steal from 7 [31 32)
thread idx 5 steal from 7 [39 40)
thread idx 5 steal from 7 [47 48)
thread idx 5 steal from 7 [55 56)
thread idx 1 steal from 4 [36 37)
thread idx 5 steal from 7 [63 64)
thread idx 2 steal from 4 [44 45)
thread idx 5 steal from 0 [0 1)
thread idx 5 steal from 0 [8 9)
thread idx 5 steal from 0 [16 17)
thread idx 5 steal from 0 [24 25)
thread idx 2 steal from 4 [60 61)
thread idx 5 steal from 0 [32 33)
thread idx 2 steal from 0 [40 41)
thread idx 1 steal from 4 [52 53)
thread idx 5 steal from 0 [48 49)
thread idx 2 steal from 0 [56 57)
threadid 5 done 1 task, taskid 90, remainingTaksNum 309
thread idx 91, Get A workFromWaitingQueue, taskId64, num_total_tasks 0 deped_has_not_been_done_num 64
thread idx 1 steal from 2 [2 3)
thread idx 1 steal from 2 [10 11)
thread idx 1 steal from 2 [18 19)
thread idx 1 steal from 2 [26 27)
thread idx 1 steal from 2 [34 35)
thread idx 1 steal from 2 [42 43)
thread idx 1 steal from 2 [50 51)
thread idx 1 steal from 2 [58 59)
thread idx 1 steal from 3 [3 4)
thread idx 1 steal from 3 [11 12)
thread idx 1 steal from 3 [19 20)
thread idx 1 steal from 3 [27 28)
thread idx 1 steal from 3 [35 36)
thread idx 1 steal from 3 [43 44)
thread idx 1 steal from 3 [51 52)
thread idx 1 steal from 3 [59 60)
thread idx 1 steal from 4 [4 5)
thread idx 1 steal from 4 [12 13)
thread idx 1 steal from 4 [20 21)
thread idx 1 steal from 4 [28 29)
thread idx 1 steal from 4 [36 37)
thread idx 1 steal from 4 [44 45)
thread idx 1 steal from 4 [52 53)
thread idx 1 steal from 4 [60 61)
thread idx 1 steal from 5 [5 6)
thread idx 1 steal from 5 [13 14)
thread idx 1 steal from 5 [21 22)
thread idx 1 steal from 5 [29 30)
thread idx 1 steal from 5 [37 38)
thread idx 1 steal from 5 [45 46)
thread idx 1 steal from 5 [53 54)
thread idx 1 steal from 5 [61 62)
thread idx 1 steal from 6 [6 7)
thread idx 1 steal from 6 [14 15)
thread idx 1 steal from 6 [22 23)
thread idx 1 steal from 6 [30 31)
thread idx 1 steal from 6 [38 39)
thread idx 1 steal from 6 [46 47)
thread idx 1 steal from 6 [54 55)
thread idx 1 steal from 6 [62 63)
thread idx 1 steal from 7 [7 8)
thread idx 1 steal from 7 [15 16)
thread idx 1 steal from 7 [23 24)
thread idx 1 steal from 7 [31 32)
thread idx 1 steal from 7 [39 40)
thread idx 1 steal from 7 [47 48)
thread idx 1 steal from 7 [55 56)
thread idx 1 steal from 7 [63 64)
thread idx 1 steal from 0 [0 1)
thread idx 1 steal from 0 [8 9)
thread idx 1 steal from 0 [16 17)
thread idx 1 steal from 0 [24 25)
thread idx 1 steal from 0 [32 33)
thread idx 1 steal from 0 [40 41)
thread idx 1 steal from 0 [48 49)
thread idx 1 steal from 0 [56 57)
threadid 1 done 1 task, taskid 91, remainingTaksNum 308
thread idx 92, Get A workFromWaitingQueue, taskId64, num_total_tasks 0 deped_has_not_been_done_num 64
thread idx 1 steal from 2 [2 3)
thread idx 1 steal from 2 [10 11)
thread idx 7 steal from 0 [0 1)
thread idx 7 steal from 0 [8 9)
thread idx 7 steal from 0 [16 17)
thread idx 7 steal from 0 [24 25)
thread idx 1 steal from 2 [18 19)
thread idx 7 steal from 0 [32 33)
thread idx 1 steal from 2 [26 27)
thread idx 7 steal from 0 [40 41)
thread idx 1 steal from 2 [34 35)
thread idx 7 steal from 0 [48 49)
thread idx 1 steal from 2 [42 43)
thread idx 7 steal from 0 [56 57)
thread idx 1 steal from 2 [50 51)
thread idx 7 steal from 2 [58 59)
thread idx 1 steal from 3 [3 4)
thread idx 7 steal from 3 [11 12)
thread idx 1 steal from 3 [19 20)
thread idx 7 steal from 3 [27 28)
thread idx 1 steal from 3 [35 36)
thread idx 7 steal from 3 [43 44)
thread idx 1 steal from 3 [51 52)
thread idx 7 steal from 3 [59 60)
thread idx 1 steal from 4 [4 5)
thread idx 7 steal from 4 [12 13)
thread idx 1 steal from 4 [20 21)
thread idx 7 steal from 4 [28 29)
thread idx 1 steal from 4 [36 37)
thread idx 7 steal from 4 [44 45)
thread idx 1 steal from 4 [52 53)
thread idx 1 steal from 4 [60 61)
thread idx 6 steal from 5 [13 14)
thread idx 6 steal from 5 [21 22)
thread idx 6 steal from 5 [29 30)
thread idx 6 steal from 5 [37 38)
thread idx 6 steal from 5 [45 46)
thread idx 6 steal from 5 [53 54)
thread idx 6 steal from 5 [61 62)
thread idx 7 steal from 5 [5 6)
threadid 7 done 1 task, taskid 92, remainingTaksNum 307
thread idx 93, Get A workFromWaitingQueue, taskId64, num_total_tasks 0 deped_has_not_been_done_num 64
thread idx 7 steal from 0 [0 1)
thread idx 7 steal from 0 [8 9)
thread idx 7 steal from 0 [16 17)
thread idx 7 steal from 0 [24 25)
thread idx 7 steal from 0 [32 33)
thread idx 7 steal from 0 [40 41)
thread idx 7 steal from 0 [48 49)
thread idx 7 steal from 0 [56 57)
thread idx 7 steal from 1 [1 2)
thread idx 7 steal from 1 [9 10)
thread idx 7 steal from 1 [17 18)
thread idx 7 steal from 1 [25 26)
thread idx 7 steal from 1 [33 34)
thread idx 7 steal from 1 [41 42)
thread idx 7 steal from 1 [49 50)
thread idx 7 steal from 1 [57 58)
thread idx 7 steal from 2 [2 3)
thread idx 7 steal from 2 [10 11)
thread idx 7 steal from 2 [18 19)
thread idx 7 steal from 2 [26 27)
thread idx 7 steal from 2 [34 35)
thread idx 7 steal from 2 [42 43)
thread idx 7 steal from 2 [50 51)
thread idx 7 steal from 2 [58 59)
thread idx 7 steal from 3 [3 4)
thread idx 7 steal from 3 [11 12)
thread idx 6 steal from 3 [19 20)
thread idx 7 steal from 3 [27 28)
thread idx 7 steal from 3 [35 36)
thread idx 6 steal from 3 [43 44)
thread idx 7 steal from 3 [51 52)
thread idx 6 steal from 3 [59 60)
thread idx 7 steal from 4 [4 5)
thread idx 6 steal from 4 [12 13)
thread idx 7 steal from 4 [20 21)
thread idx 6 steal from 4 [28 29)
thread idx 7 steal from 4 [36 37)
thread idx 6 steal from 4 [44 45)
thread idx 7 steal from 4 [52 53)
thread idx 6 steal from 4 [60 61)
thread idx 7 steal from 5 [5 6)
thread idx 6 steal from 5 [13 14)
thread idx 7 steal from 5 [21 22)
thread idx 6 steal from 5 [29 30)
thread idx 7 steal from 5 [37 38)
thread idx 6 steal from 5 [45 46)
thread idx 6 steal from 5 [53 54)
thread idx 7 steal from 5 [61 62)
threadid 7 done 1 task, taskid 93, remainingTaksNum 306
thread idx 94, Get A workFromWaitingQueue, taskId64, num_total_tasks 0 deped_has_not_been_done_num 64
thread idx 0 steal from 1 [1 2)
thread idx 0 steal from 1 [9 10)
thread idx 0 steal from 1 [17 18)
thread idx 0 steal from 1 [25 26)
thread idx 0 steal from 1 [33 34)
thread idx 0 steal from 1 [41 42)
thread idx 0 steal from 1 [49 50)
thread idx 0 steal from 1 [57 58)
thread idx 0 steal from 2 [2 3)
thread idx 0 steal from 2 [10 11)
thread idx 0 steal from 2 [18 19)
thread idx 0 steal from 2 [26 27)
thread idx 0 steal from 2 [34 35)
thread idx 0 steal from 2 [42 43)
thread idx 0 steal from 2 [50 51)
thread idx 0 steal from 2 [58 59)
thread idx 0 steal from 3 [3 4)
thread idx 0 steal from 3 [11 12)
thread idx 0 steal from 3 [19 20)
thread idx 0 steal from 3 [27 28)
thread idx 0 steal from 3 [35 36)
thread idx 0 steal from 3 [43 44)
thread idx 0 steal from 3 [51 52)
thread idx 0 steal from 3 [59 60)
thread idx 0 steal from 4 [4 5)
thread idx 0 steal from 4 [12 13)
thread idx 0 steal from 4 [20 21)
thread idx 2 steal from 4 [28 29)
thread idx 0 steal from 4 [36 37)
thread idx 2 steal from 4 [44 45)
thread idx 0 steal from 4 [52 53)
thread idx 2 steal from 4 [60 61)
thread idx 0 steal from 5 [5 6)
thread idx 2 steal from 5 [13 14)
thread idx 0 steal from 5 [21 22)
thread idx 2 steal from 5 [29 30)
thread idx 0 steal from 5 [37 38)
thread idx 2 steal from 5 [45 46)
thread idx 0 steal from 5 [53 54)
thread idx 2 steal from 5 [61 62)
thread idx 0 steal from 6 [6 7)
thread idx 2 steal from 6 [14 15)
thread idx 0 steal from 6 [22 23)
thread idx 2 steal from 6 [30 31)
thread idx 0 steal from 6 [38 39)
thread idx 2 steal from 6 [46 47)
thread idx 2 steal from 6 [54 55)
thread idx 0 steal from 6 [62 63)
thread idx 2 steal from 7 [7 8)
thread idx 0 steal from 7 [15 16)
thread idx 2 steal from 7 [23 24)
thread idx 0 steal from 7 [31 32)
thread idx 2 steal from 7 [39 40)
thread idx 2 steal from 7 [47 48)
thread idx 0 steal from 7 [55 56)
thread idx 2 steal from 7 [63 64)
threadid 2 done 1 task, taskid 94, remainingTaksNum 305
thread idx 95, Get A workFromWaitingQueue, taskId64, num_total_tasks 0 deped_has_not_been_done_num 64
thread idx 5 steal from 6 [6 7)
thread idx 5 steal from 6 [14 15)
thread idx 5 steal from 6 [22 23)
thread idx 5 steal from 6 [30 31)
thread idx 5 steal from 6 [38 39)
thread idx 5 steal from 6 [46 47)
thread idx 5 steal from 6 [54 55)
thread idx 5 steal from 6 [62 63)
thread idx 5 steal from 7 [7 8)
thread idx 5 steal from 7 [15 16)
thread idx 5 steal from 7 [23 24)
thread idx 5 steal from 7 [31 32)
thread idx 5 steal from 7 [39 40)
thread idx 5 steal from 7 [47 48)
thread idx 5 steal from 7 [55 56)
thread idx 5 steal from 7 [63 64)
thread idx 0 steal from 1 [1 2)
thread idx 5 steal from 1 [9 10)
thread idx 0 steal from 1 [17 18)
thread idx 5 steal from 1 [25 26)
thread idx 0 steal from 1 [33 34)
thread idx 5 steal from 1 [41 42)
thread idx 0 steal from 1 [49 50)
thread idx 5 steal from 1 [57 58)
thread idx 5 steal from 2 [2 3)
thread idx 0 steal from 2 [10 11)
thread idx 5 steal from 2 [18 19)
thread idx 0 steal from 2 [26 27)
thread idx 5 steal from 2 [34 35)
thread idx 0 steal from 2 [42 43)
thread idx 5 steal from 2 [50 51)
thread idx 0 steal from 2 [58 59)
thread idx 5 steal from 3 [3 4)
thread idx 0 steal from 3 [11 12)
thread idx 5 steal from 3 [19 20)
thread idx 0 steal from 3 [27 28)
thread idx 5 steal from 3 [35 36)
thread idx 0 steal from 3 [43 44)
thread idx 5 steal from 3 [51 52)
thread idx 0 steal from 3 [59 60)
thread idx 5 steal from 4 [4 5)
thread idx 0 steal from 4 [12 13)
thread idx 5 steal from 4 [20 21)
thread idx 0 steal from 4 [36 37)
thread idx 0 steal from 4 [60 61)
thread idx 5 steal from 4 [52 53)
threadid 5 done 1 task, taskid 95, remainingTaksNum 304
thread idx 96, Get A workFromWaitingQueue, taskId64, num_total_tasks 0 deped_has_not_been_done_num 64
thread idx 4 steal from 5 [5 6)
thread idx 4 steal from 5 [13 14)
thread idx 4 steal from 5 [21 22)
thread idx 4 steal from 5 [29 30)
thread idx 4 steal from 5 [37 38)
thread idx 4 steal from 5 [45 46)
thread idx 4 steal from 5 [53 54)
thread idx 4 steal from 5 [61 62)
thread idx 4 steal from 6 [6 7)
thread idx 4 steal from 6 [14 15)
thread idx 4 steal from 6 [22 23)
thread idx 4 steal from 6 [30 31)
thread idx 4 steal from 6 [38 39)
thread idx 4 steal from 6 [46 47)
thread idx 4 steal from 6 [54 55)
thread idx 4 steal from 6 [62 63)
thread idx 4 steal from 7 [7 8)
thread idx 4 steal from 7 [15 16)
thread idx 4 steal from 7 [23 24)
thread idx 4 steal from 7 [31 32)
thread idx 4 steal from 7 [39 40)
thread idx 4 steal from 7 [47 48)
thread idx 4 steal from 7 [55 56)
thread idx 4 steal from 7 [63 64)
thread idx 4 steal from 0 [0 1)
thread idx 4 steal from 0 [8 9)
thread idx 4 steal from 0 [16 17)
thread idx 4 steal from 0 [24 25)
thread idx 4 steal from 0 [32 33)
thread idx 4 steal from 0 [40 41)
thread idx 4 steal from 0 [48 49)
thread idx 4 steal from 0 [56 57)
thread idx 4 steal from 1 [1 2)
thread idx 4 steal from 1 [9 10)
thread idx 7 steal from 1 [17 18)
thread idx 4 steal from 1 [25 26)
thread idx 7 steal from 1 [33 34)
thread idx 4 steal from 1 [41 42)
thread idx 7 steal from 1 [49 50)
thread idx 7 steal from 1 [57 58)
thread idx 4 steal from 2 [2 3)
thread idx 7 steal from 2 [10 11)
thread idx 4 steal from 2 [18 19)
thread idx 4 steal from 2 [58 59)
thread idx 2 steal from 3 [3 4)
thread idx 4 steal from 3 [11 12)
thread idx 2 steal from 3 [19 20)
thread idx 4 steal from 3 [27 28)
thread idx 2 steal from 3 [35 36)
thread idx 4 steal from 3 [43 44)
thread idx 2 steal from 3 [51 52)
thread idx 4 steal from 3 [59 60)
thread idx 7 steal from 2 [26 27)
threadid 7 done 1 task, taskid 96, remainingTaksNum 303
thread idx 97, Get A workFromWaitingQueue, taskId64, num_total_tasks 0 deped_has_not_been_done_num 64
thread idx 3 steal from 4 [4 5)
thread idx 3 steal from 4 [12 13)
thread idx 3 steal from 4 [20 21)
thread idx 3 steal from 4 [28 29)
thread idx 3 steal from 4 [36 37)
thread idx 3 steal from 4 [44 45)
thread idx 3 steal from 4 [52 53)
thread idx 3 steal from 4 [60 61)
thread idx 3 steal from 5 [5 6)
thread idx 3 steal from 5 [13 14)
thread idx 3 steal from 5 [21 22)
thread idx 3 steal from 5 [29 30)
thread idx 3 steal from 5 [37 38)
thread idx 3 steal from 5 [45 46)
thread idx 3 steal from 5 [53 54)
thread idx 3 steal from 5 [61 62)
thread idx 3 steal from 6 [6 7)
thread idx 3 steal from 6 [14 15)
thread idx 3 steal from 6 [22 23)
thread idx 3 steal from 6 [30 31)
thread idx 3 steal from 6 [38 39)
thread idx 3 steal from 6 [46 47)
thread idx 3 steal from 6 [54 55)
thread idx 3 steal from 6 [62 63)
thread idx 3 steal from 7 [7 8)
thread idx 3 steal from 7 [15 16)
thread idx 3 steal from 7 [23 24)
thread idx 3 steal from 7 [31 32)
thread idx 3 steal from 7 [39 40)
thread idx 3 steal from 7 [47 48)
thread idx 3 steal from 7 [55 56)
thread idx 3 steal from 7 [63 64)
thread idx 3 steal from 0 [0 1)
thread idx 3 steal from 0 [8 9)
thread idx 3 steal from 0 [16 17)
thread idx 3 steal from 0 [24 25)
thread idx 3 steal from 0 [32 33)
thread idx 3 steal from 0 [40 41)
thread idx 3 steal from 0 [48 49)
thread idx 3 steal from 0 [56 57)
thread idx 3 steal from 1 [1 2)
thread idx 3 steal from 1 [9 10)
thread idx 3 steal from 1 [17 18)
thread idx 3 steal from 1 [25 26)
thread idx 3 steal from 1 [33 34)
thread idx 3 steal from 1 [41 42)
thread idx 3 steal from 1 [49 50)
thread idx 3 steal from 1 [57 58)
thread idx 0 steal from 2 [2 3)
thread idx 5 steal from 2 [18 19)
thread idx 0 steal from 2 [26 27)
thread idx 5 steal from 2 [34 35)
thread idx 0 steal from 2 [42 43)
thread idx 5 steal from 2 [50 51)
thread idx 0 steal from 2 [58 59)
thread idx 3 steal from 2 [10 11)
threadid 3 done 1 task, taskid 97, remainingTaksNum 302
thread idx 98, Get A workFromWaitingQueue, taskId64, num_total_tasks 0 deped_has_not_been_done_num 64
thread idx 3 steal from 4 [4 5)
thread idx 5 steal from 6 [6 7)
thread idx 5 steal from 6 [14 15)
thread idx 5 steal from 6 [22 23)
thread idx 5 steal from 6 [30 31)
thread idx 5 steal from 6 [38 39)
thread idx 3 steal from 4 [12 13)
thread idx 5 steal from 6 [46 47)
thread idx 3 steal from 4 [20 21)
thread idx 5 steal from 6 [54 55)
thread idx 3 steal from 4 [28 29)
thread idx 5 steal from 6 [62 63)
thread idx 3 steal from 4 [36 37)
thread idx 3 steal from 4 [44 45)
thread idx 5 steal from 7 [7 8)
thread idx 3 steal from 4 [52 53)
thread idx 5 steal from 7 [15 16)
thread idx 5 steal from 7 [23 24)
thread idx 5 steal from 7 [31 32)
thread idx 5 steal from 7 [39 40)
thread idx 5 steal from 7 [47 48)
thread idx 5 steal from 7 [55 56)
thread idx 5 steal from 7 [63 64)
thread idx 5 steal from 0 [0 1)
thread idx 5 steal from 0 [8 9)
thread idx 5 steal from 0 [16 17)
thread idx 5 steal from 0 [24 25)
thread idx 5 steal from 0 [32 33)
thread idx 5 steal from 0 [40 41)
thread idx 5 steal from 0 [48 49)
thread idx 3 steal from 4 [60 61)
thread idx 5 steal from 0 [56 57)
thread idx 5 steal from 1 [1 2)
thread idx 3 steal from 1 [9 10)
thread idx 5 steal from 1 [25 26)
thread idx 3 steal from 1 [33 34)
thread idx 5 steal from 1 [49 50)
thread idx 3 steal from 2 [2 3)
thread idx 1 steal from 2 [10 11)
thread idx 3 steal from 2 [26 27)
thread idx 3 steal from 2 [34 35)
thread idx 3 steal from 2 [42 43)
thread idx 3 steal from 2 [50 51)
thread idx 3 steal from 2 [58 59)
thread idx 5 steal from 2 [18 19)
threadid 5 done 1 task, taskid 98, remainingTaksNum 301
thread idx 99, Get A workFromWaitingQueue, taskId64, num_total_tasks 0 deped_has_not_been_done_num 64
thread idx 4 steal from 5 [5 6)
thread idx 4 steal from 5 [13 14)
thread idx 4 steal from 5 [21 22)
thread idx 4 steal from 5 [29 30)
thread idx 4 steal from 5 [37 38)
thread idx 4 steal from 5 [45 46)
thread idx 4 steal from 5 [53 54)
thread idx 4 steal from 5 [61 62)
thread idx 4 steal from 6 [6 7)
thread idx 4 steal from 6 [14 15)
thread idx 4 steal from 6 [22 23)
thread idx 4 steal from 6 [30 31)
thread idx 4 steal from 6 [38 39)
thread idx 5 steal from 6 [46 47)
thread idx 4 steal from 6 [54 55)
thread idx 5 steal from 6 [62 63)
thread idx 4 steal from 7 [7 8)
thread idx 5 steal from 7 [15 16)
thread idx 4 steal from 7 [23 24)
thread idx 2 steal from 3 [3 4)
thread idx 2 steal from 3 [11 12)
thread idx 2 steal from 3 [19 20)
thread idx 2 steal from 3 [27 28)
thread idx 2 steal from 3 [35 36)
thread idx 2 steal from 3 [43 44)
thread idx 2 steal from 3 [51 52)
thread idx 2 steal from 3 [59 60)
thread idx 2 steal from 7 [39 40)
thread idx 2 steal from 7 [47 48)
thread idx 2 steal from 7 [55 56)
thread idx 0 steal from 1 [1 2)
thread idx 2 steal from 7 [63 64)
thread idx 0 steal from 1 [9 10)
thread idx 4 steal from 1 [17 18)
thread idx 2 steal from 1 [33 34)
thread idx 4 steal from 1 [41 42)
thread idx 4 steal from 1 [49 50)
thread idx 4 steal from 1 [57 58)
thread idx 5 steal from 7 [31 32)
thread idx 0 steal from 1 [25 26)
threadid 0 done 1 task, taskid 99, remainingTaksNum 300
thread idx 100, Get A workFromWaitingQueue, taskId64, num_total_tasks 0 deped_has_not_been_done_num 64
thread idx 1 steal from 2 [2 3)
thread idx 1 steal from 2 [10 11)
thread idx 1 steal from 2 [18 19)
thread idx 1 steal from 2 [26 27)
thread idx 1 steal from 2 [34 35)
thread idx 1 steal from 2 [42 43)
thread idx 1 steal from 2 [50 51)
thread idx 1 steal from 2 [58 59)
thread idx 1 steal from 3 [3 4)
thread idx 2 steal from 3 [11 12)
thread idx 1 steal from 3 [19 20)
thread idx 2 steal from 3 [27 28)
thread idx 1 steal from 3 [35 36)
thread idx 2 steal from 3 [43 44)
thread idx 1 steal from 3 [51 52)
thread idx 2 steal from 3 [59 60)
thread idx 1 steal from 4 [4 5)
thread idx 2 steal from 4 [12 13)
thread idx 2 steal from 4 [20 21)
thread idx 1 steal from 4 [28 29)
thread idx 2 steal from 4 [36 37)
thread idx 1 steal from 4 [44 45)
thread idx 2 steal from 4 [52 53)
thread idx 1 steal from 4 [60 61)
thread idx 2 steal from 5 [5 6)
thread idx 1 steal from 5 [13 14)
thread idx 2 steal from 5 [21 22)
thread idx 1 steal from 5 [29 30)
thread idx 2 steal from 5 [37 38)
thread idx 2 steal from 5 [45 46)
thread idx 1 steal from 5 [53 54)
thread idx 2 steal from 5 [61 62)
thread idx 1 steal from 6 [6 7)
thread idx 2 steal from 6 [14 15)
thread idx 4 steal from 6 [22 23)
thread idx 7 steal from 0 [0 1)
thread idx 7 steal from 0 [8 9)
thread idx 6 steal from 0 [16 17)
thread idx 7 steal from 0 [24 25)
thread idx 7 steal from 0 [32 33)
thread idx 6 steal from 0 [40 41)
thread idx 7 steal from 0 [48 49)
thread idx 7 steal from 0 [56 57)
threadid 4 done 1 task, taskid 100, remainingTaksNum 299
thread idx 101, Get A workFromWaitingQueue, taskId64, num_total_tasks 0 deped_has_not_been_done_num 64
thread idx 1 steal from 2 [2 3)
thread idx 1 steal from 2 [10 11)
thread idx 1 steal from 2 [18 19)
thread idx 1 steal from 2 [26 27)
thread idx 1 steal from 2 [34 35)
thread idx 1 steal from 2 [42 43)
thread idx 1 steal from 2 [50 51)
thread idx 1 steal from 2 [58 59)
thread idx 5 steal from 6 [6 7)
thread idx 5 steal from 6 [14 15)
thread idx 5 steal from 6 [22 23)
thread idx 5 steal from 6 [30 31)
thread idx 5 steal from 6 [38 39)
thread idx 5 steal from 6 [46 47)
thread idx 5 steal from 6 [54 55)
thread idx 5 steal from 6 [62 63)
thread idx 1 steal from 3 [3 4)
thread idx 5 steal from 7 [7 8)
thread idx 1 steal from 3 [11 12)
thread idx 5 steal from 7 [15 16)
thread idx 1 steal from 3 [19 20)
thread idx 5 steal from 7 [39 40)
thread idx 1 steal from 3 [27 28)
thread idx 5 steal from 7 [55 56)
thread idx 1 steal from 3 [35 36)
thread idx 5 steal from 0 [0 1)
thread idx 1 steal from 3 [43 44)
thread idx 5 steal from 0 [16 17)
thread idx 5 steal from 0 [24 25)
thread idx 5 steal from 0 [32 33)
thread idx 5 steal from 0 [40 41)
thread idx 1 steal from 3 [51 52)
thread idx 5 steal from 0 [48 49)
thread idx 1 steal from 3 [59 60)
thread idx 1 steal from 4 [4 5)
thread idx 5 steal from 0 [56 57)
thread idx 5 steal from 4 [12 13)
thread idx 5 steal from 4 [20 21)
thread idx 5 steal from 4 [28 29)
thread idx 1 steal from 4 [36 37)
thread idx 5 steal from 4 [44 45)
thread idx 1 steal from 4 [52 53)
thread idx 5 steal from 4 [60 61)
thread idx 7 steal from 0 [8 9)
threadid 7 done 1 task, taskid 101, remainingTaksNum 298
thread idx 102, Get A workFromWaitingQueue, taskId64, num_total_tasks 0 deped_has_not_been_done_num 64
thread idx 0 steal from 1 [1 2)
thread idx 7 steal from 1 [9 10)
thread idx 7 steal from 1 [17 18)
thread idx 7 steal from 1 [25 26)
thread idx 7 steal from 1 [33 34)
thread idx 7 steal from 1 [41 42)
thread idx 7 steal from 1 [49 50)
thread idx 0 steal from 1 [57 58)
thread idx 7 steal from 3 [11 12)
thread idx 0 steal from 3 [19 20)
thread idx 7 steal from 3 [27 28)
thread idx 0 steal from 3 [35 36)
thread idx 7 steal from 3 [43 44)
thread idx 0 steal from 3 [51 52)
thread idx 7 steal from 3 [59 60)
thread idx 0 steal from 4 [4 5)
thread idx 7 steal from 4 [12 13)
thread idx 0 steal from 4 [20 21)
thread idx 7 steal from 4 [28 29)
thread idx 0 steal from 4 [36 37)
thread idx 0 steal from 4 [44 45)
thread idx 7 steal from 4 [52 53)
thread idx 0 steal from 4 [60 61)
thread idx 7 steal from 5 [5 6)
thread idx 0 steal from 5 [13 14)
thread idx 2 steal from 3 [3 4)
thread idx 0 steal from 5 [29 30)
thread idx 0 steal from 5 [37 38)
thread idx 0 steal from 5 [45 46)
thread idx 6 steal from 5 [53 54)
thread idx 7 steal from 5 [21 22)
thread idx 0 steal from 5 [61 62)
threadid 0 done 1 task, taskid 102, remainingTaksNum 297
thread idx 103, Get A workFromWaitingQueue, taskId64, num_total_tasks 0 deped_has_not_been_done_num 64
thread idx 2 steal from 3 [3 4)
thread idx 2 steal from 3 [11 12)
thread idx 2 steal from 3 [19 20)
thread idx 2 steal from 3 [27 28)
thread idx 2 steal from 3 [35 36)
thread idx 2 steal from 3 [43 44)
thread idx 2 steal from 3 [51 52)
thread idx 2 steal from 3 [59 60)
thread idx 2 steal from 4 [4 5)
thread idx 2 steal from 4 [12 13)
thread idx 2 steal from 4 [20 21)
thread idx 2 steal from 4 [28 29)
thread idx 2 steal from 4 [36 37)
thread idx 2 steal from 4 [44 45)
thread idx 2 steal from 4 [52 53)
thread idx 2 steal from 4 [60 61)
thread idx 2 steal from 5 [5 6)
thread idx 2 steal from 5 [13 14)
thread idx 2 steal from 5 [21 22)
thread idx 2 steal from 5 [29 30)
thread idx 2 steal from 5 [37 38)
thread idx 2 steal from 5 [45 46)
thread idx 2 steal from 5 [53 54)
thread idx 2 steal from 5 [61 62)
thread idx 2 steal from 6 [6 7)
thread idx 2 steal from 6 [14 15)
thread idx 2 steal from 6 [22 23)
thread idx 2 steal from 6 [30 31)
thread idx 2 steal from 6 [38 39)
thread idx 2 steal from 6 [46 47)
thread idx 2 steal from 6 [54 55)
thread idx 2 steal from 6 [62 63)
thread idx 2 steal from 7 [7 8)
thread idx 2 steal from 7 [15 16)
thread idx 2 steal from 7 [23 24)
thread idx 2 steal from 7 [31 32)
thread idx 2 steal from 7 [39 40)
thread idx 2 steal from 7 [47 48)
thread idx 2 steal from 7 [55 56)
thread idx 2 steal from 7 [63 64)
thread idx 2 steal from 0 [0 1)
thread idx 2 steal from 0 [8 9)
thread idx 2 steal from 0 [16 17)
thread idx 2 steal from 0 [24 25)
thread idx 2 steal from 0 [32 33)
thread idx 2 steal from 0 [40 41)
thread idx 2 steal from 0 [48 49)
thread idx 2 steal from 0 [56 57)
thread idx 2 steal from 1 [1 2)
thread idx 2 steal from 1 [9 10)
thread idx 2 steal from 1 [17 18)
thread idx 2 steal from 1 [25 26)
thread idx 2 steal from 1 [33 34)
thread idx 2 steal from 1 [41 42)
thread idx 2 steal from 1 [49 50)
thread idx 2 steal from 1 [57 58)
threadid 2 done 1 task, taskid 103, remainingTaksNum 296
thread idx 104, Get A workFromWaitingQueue, taskId64, num_total_tasks 0 deped_has_not_been_done_num 64
thread idx 2 steal from 3 [3 4)
thread idx 2 steal from 3 [11 12)
thread idx 2 steal from 3 [19 20)
thread idx 2 steal from 3 [27 28)
thread idx 2 steal from 3 [35 36)
thread idx 2 steal from 3 [43 44)
thread idx 2 steal from 3 [51 52)
thread idx 2 steal from 3 [59 60)
thread idx 2 steal from 4 [4 5)
thread idx 2 steal from 4 [12 13)
thread idx 2 steal from 4 [20 21)
thread idx 2 steal from 4 [28 29)
thread idx 2 steal from 4 [36 37)
thread idx 2 steal from 4 [44 45)
thread idx 2 steal from 4 [52 53)
thread idx 2 steal from 4 [60 61)
thread idx 5 steal from 6 [6 7)
thread idx 2 steal from 6 [14 15)
thread idx 5 steal from 6 [22 23)
thread idx 2 steal from 6 [30 31)
thread idx 5 steal from 6 [38 39)
thread idx 2 steal from 6 [46 47)
thread idx 5 steal from 6 [54 55)
thread idx 2 steal from 6 [62 63)
thread idx 3 steal from 7 [15 16)
thread idx 3 steal from 7 [23 24)
thread idx 3 steal from 7 [31 32)
thread idx 3 steal from 7 [39 40)
thread idx 3 steal from 7 [47 48)
thread idx 3 steal from 7 [55 56)
thread idx 3 steal from 7 [63 64)
thread idx 3 steal from 0 [0 1)
thread idx 3 steal from 0 [8 9)
thread idx 3 steal from 0 [16 17)
thread idx 3 steal from 0 [24 25)
thread idx 3 steal from 0 [32 33)
thread idx 3 steal from 0 [40 41)
thread idx 3 steal from 0 [48 49)
thread idx 3 steal from 0 [56 57)
thread idx 3 steal from 1 [1 2)
thread idx 3 steal from 1 [9 10)
thread idx 3 steal from 1 [17 18)
thread idx 3 steal from 1 [25 26)
thread idx 3 steal from 1 [33 34)
thread idx 3 steal from 1 [41 42)
thread idx 2 steal from 1 [49 50)
thread idx 3 steal from 1 [57 58)
thread idx 5 steal from 7 [7 8)
threadid 5 done 1 task, taskid 104, remainingTaksNum 295
thread idx 105, Get A workFromWaitingQueue, taskId64, num_total_tasks 0 deped_has_not_been_done_num 64
thread idx 5 steal from 6 [6 7)
thread idx 5 steal from 6 [14 15)
thread idx 5 steal from 6 [22 23)
thread idx 5 steal from 6 [30 31)
thread idx 5 steal from 6 [38 39)
thread idx 5 steal from 6 [46 47)
thread idx 5 steal from 6 [54 55)
thread idx 5 steal from 6 [62 63)
thread idx 5 steal from 7 [7 8)
thread idx 5 steal from 7 [15 16)
thread idx 5 steal from 7 [31 32)
thread idx 4 steal from 7 [23 24)
thread idx 4 steal from 7 [47 48)
thread idx 4 steal from 7 [55 56)
thread idx 4 steal from 7 [63 64)
thread idx 5 steal from 7 [39 40)
thread idx 4 steal from 0 [0 1)
thread idx 5 steal from 0 [8 9)
thread idx 4 steal from 0 [16 17)
thread idx 5 steal from 0 [24 25)
thread idx 4 steal from 0 [32 33)
thread idx 5 steal from 0 [40 41)
thread idx 4 steal from 0 [48 49)
thread idx 5 steal from 0 [56 57)
thread idx 4 steal from 1 [1 2)
thread idx 4 steal from 1 [17 18)
thread idx 4 steal from 1 [25 26)
thread idx 4 steal from 1 [33 34)
thread idx 4 steal from 1 [41 42)
thread idx 5 steal from 1 [9 10)
thread idx 4 steal from 1 [49 50)
thread idx 5 steal from 1 [57 58)
thread idx 4 steal from 2 [2 3)
thread idx 5 steal from 2 [10 11)
thread idx 5 steal from 2 [18 19)
thread idx 4 steal from 2 [26 27)
thread idx 7 steal from 2 [42 43)
thread idx 4 steal from 2 [50 51)
thread idx 5 steal from 2 [34 35)
thread idx 4 steal from 3 [3 4)
thread idx 4 steal from 3 [11 12)
thread idx 4 steal from 3 [19 20)
thread idx 5 steal from 3 [27 28)
thread idx 4 steal from 3 [35 36)
thread idx 5 steal from 3 [43 44)
thread idx 4 steal from 3 [51 52)
thread idx 5 steal from 3 [59 60)
thread idx 7 steal from 2 [58 59)
threadid 7 done 1 task, taskid 105, remainingTaksNum 294
thread idx 106, Get A workFromWaitingQueue, taskId64, num_total_tasks 0 deped_has_not_been_done_num 64
thread idx 5 steal from 6 [6 7)
thread idx 5 steal from 6 [14 15)
thread idx 5 steal from 6 [22 23)
thread idx 5 steal from 6 [30 31)
thread idx 5 steal from 6 [38 39)
thread idx 5 steal from 6 [46 47)
thread idx 5 steal from 6 [54 55)
thread idx 5 steal from 6 [62 63)
thread idx 5 steal from 7 [7 8)
thread idx 5 steal from 7 [15 16)
thread idx 5 steal from 7 [23 24)
thread idx 5 steal from 7 [31 32)
thread idx 5 steal from 7 [39 40)
thread idx 5 steal from 7 [47 48)
thread idx 5 steal from 7 [55 56)
thread idx 5 steal from 7 [63 64)
thread idx 5 steal from 0 [0 1)
thread idx 5 steal from 0 [8 9)
thread idx 5 steal from 0 [16 17)
thread idx 5 steal from 0 [24 25)
thread idx 5 steal from 0 [32 33)
thread idx 5 steal from 0 [40 41)
thread idx 5 steal from 0 [48 49)
thread idx 5 steal from 0 [56 57)
thread idx 5 steal from 1 [1 2)
thread idx 5 steal from 1 [9 10)
thread idx 5 steal from 1 [17 18)
thread idx 5 steal from 1 [25 26)
thread idx 5 steal from 1 [33 34)
thread idx 5 steal from 1 [41 42)
thread idx 5 steal from 1 [57 58)
thread idx 1 steal from 2 [2 3)
thread idx 5 steal from 2 [10 11)
thread idx 1 steal from 2 [18 19)
thread idx 5 steal from 2 [26 27)
thread idx 1 steal from 2 [34 35)
thread idx 5 steal from 2 [42 43)
thread idx 1 steal from 2 [50 51)
thread idx 5 steal from 2 [58 59)
thread idx 1 steal from 3 [3 4)
thread idx 1 steal from 3 [19 20)
thread idx 1 steal from 3 [27 28)
thread idx 0 steal from 3 [35 36)
thread idx 1 steal from 3 [43 44)
thread idx 0 steal from 3 [51 52)
thread idx 1 steal from 3 [59 60)
thread idx 0 steal from 4 [4 5)
thread idx 1 steal from 4 [12 13)
thread idx 0 steal from 4 [20 21)
thread idx 1 steal from 4 [28 29)
thread idx 0 steal from 4 [36 37)
thread idx 1 steal from 4 [44 45)
thread idx 0 steal from 4 [52 53)
thread idx 1 steal from 4 [60 61)
thread idx 5 steal from 3 [11 12)
threadid 5 done 1 task, taskid 106, remainingTaksNum 293
thread idx 107, Get A workFromWaitingQueue, taskId64, num_total_tasks 0 deped_has_not_been_done_num 64
thread idx 0 steal from 1 [1 2)
thread idx 0 steal from 1 [9 10)
thread idx 0 steal from 1 [17 18)
thread idx 0 steal from 1 [25 26)
thread idx 0 steal from 1 [33 34)
thread idx 0 steal from 1 [41 42)
thread idx 0 steal from 1 [49 50)
thread idx 0 steal from 1 [57 58)
thread idx 0 steal from 2 [2 3)
thread idx 0 steal from 2 [10 11)
thread idx 0 steal from 2 [18 19)
thread idx 0 steal from 2 [26 27)
thread idx 0 steal from 2 [34 35)
thread idx 0 steal from 2 [42 43)
thread idx 0 steal from 2 [50 51)
thread idx 0 steal from 2 [58 59)
thread idx 0 steal from 3 [3 4)
thread idx 0 steal from 3 [11 12)
thread idx 0 steal from 3 [19 20)
thread idx 0 steal from 3 [27 28)
thread idx 0 steal from 3 [35 36)
thread idx 0 steal from 3 [43 44)
thread idx 0 steal from 3 [51 52)
thread idx 0 steal from 3 [59 60)
thread idx 0 steal from 4 [4 5)
thread idx 0 steal from 4 [12 13)
thread idx 0 steal from 4 [20 21)
thread idx 0 steal from 4 [28 29)
thread idx 0 steal from 4 [36 37)
thread idx 0 steal from 4 [44 45)
thread idx 0 steal from 4 [52 53)
thread idx 0 steal from 4 [60 61)
thread idx 0 steal from 5 [5 6)
thread idx 0 steal from 5 [13 14)
thread idx 0 steal from 5 [21 22)
thread idx 0 steal from 5 [29 30)
thread idx 0 steal from 5 [37 38)
thread idx 0 steal from 5 [45 46)
thread idx 0 steal from 5 [53 54)
thread idx 0 steal from 5 [61 62)
thread idx 0 steal from 6 [6 7)
thread idx 0 steal from 6 [14 15)
thread idx 0 steal from 6 [22 23)
thread idx 0 steal from 6 [30 31)
thread idx 0 steal from 6 [38 39)
thread idx 0 steal from 6 [46 47)
thread idx 0 steal from 6 [54 55)
thread idx 0 steal from 6 [62 63)
thread idx 0 steal from 7 [7 8)
thread idx 0 steal from 7 [15 16)
thread idx 0 steal from 7 [23 24)
thread idx 0 steal from 7 [31 32)
thread idx 0 steal from 7 [39 40)
thread idx 0 steal from 7 [47 48)
thread idx 0 steal from 7 [55 56)
thread idx 0 steal from 7 [63 64)
threadid 0 done 1 task, taskid 107, remainingTaksNum 292
thread idx 108, Get A workFromWaitingQueue, taskId64, num_total_tasks 0 deped_has_not_been_done_num 63
thread idx 0 steal from 1 [1 2)
thread idx 0 steal from 1 [9 10)
thread idx 2 steal from 3 [3 4)
thread idx 2 steal from 3 [11 12)
thread idx 2 steal from 3 [19 20)
thread idx 2 steal from 3 [27 28)
thread idx 2 steal from 3 [35 36)
thread idx 2 steal from 3 [43 44)
thread idx 2 steal from 3 [51 52)
thread idx 2 steal from 3 [59 60)
thread idx 2 steal from 4 [4 5)
thread idx 2 steal from 4 [12 13)
thread idx 2 steal from 4 [20 21)
thread idx 2 steal from 4 [28 29)
thread idx 2 steal from 4 [36 37)
thread idx 2 steal from 4 [44 45)
thread idx 0 steal from 1 [17 18)
thread idx 4 steal from 5 [5 6)
thread idx 0 steal from 1 [25 26)
thread idx 4 steal from 5 [13 14)
thread idx 0 steal from 1 [33 34)
thread idx 4 steal from 5 [21 22)
thread idx 0 steal from 1 [41 42)
thread idx 4 steal from 5 [29 30)
thread idx 0 steal from 1 [49 50)
thread idx 4 steal from 5 [37 38)
thread idx 0 steal from 1 [57 58)
thread idx 4 steal from 5 [45 46)
thread idx 0 steal from 5 [53 54)
thread idx 2 steal from 4 [52 53)
thread idx 0 steal from 6 [6 7)
thread idx 0 steal from 6 [14 15)
thread idx 0 steal from 6 [22 23)
thread idx 2 steal from 6 [30 31)
thread idx 2 steal from 6 [38 39)
thread idx 0 steal from 6 [46 47)
thread idx 2 steal from 6 [54 55)
thread idx 2 steal from 6 [62 63)
thread idx 2 steal from 7 [7 8)
thread idx 2 steal from 7 [15 16)
thread idx 2 steal from 7 [23 24)
thread idx 2 steal from 7 [39 40)
thread idx 2 steal from 7 [47 48)
thread idx 2 steal from 7 [55 56)
thread idx 2 steal from 7 [63 64)
thread idx 0 steal from 7 [31 32)
thread idx 4 steal from 5 [61 62)
threadid 4 done 1 task, taskid 108, remainingTaksNum 291
thread idx 109, Get A workFromWaitingQueue, taskId64, num_total_tasks 0 deped_has_not_been_done_num 64
thread idx 0 steal from 1 [1 2)
thread idx 0 steal from 1 [9 10)
thread idx 0 steal from 1 [17 18)
thread idx 0 steal from 1 [25 26)
thread idx 2 steal from 3 [3 4)
thread idx 0 steal from 1 [33 34)
thread idx 2 steal from 3 [11 12)
thread idx 0 steal from 1 [41 42)
thread idx 2 steal from 3 [19 20)
thread idx 0 steal from 1 [49 50)
thread idx 2 steal from 3 [27 28)
thread idx 0 steal from 1 [57 58)
thread idx 2 steal from 3 [35 36)
thread idx 0 steal from 3 [43 44)
thread idx 2 steal from 3 [51 52)
thread idx 0 steal from 3 [59 60)
thread idx 2 steal from 4 [4 5)
thread idx 0 steal from 4 [12 13)
thread idx 2 steal from 4 [20 21)
thread idx 0 steal from 4 [28 29)
thread idx 2 steal from 4 [36 37)
thread idx 0 steal from 4 [44 45)
thread idx 2 steal from 4 [52 53)
thread idx 0 steal from 4 [60 61)
thread idx 2 steal from 5 [5 6)
thread idx 0 steal from 5 [13 14)
thread idx 2 steal from 5 [21 22)
thread idx 0 steal from 5 [29 30)
thread idx 2 steal from 5 [37 38)
thread idx 0 steal from 5 [45 46)
thread idx 2 steal from 5 [53 54)
thread idx 0 steal from 5 [61 62)
thread idx 2 steal from 6 [6 7)
thread idx 0 steal from 6 [14 15)
thread idx 2 steal from 6 [22 23)
thread idx 0 steal from 6 [30 31)
thread idx 2 steal from 6 [38 39)
thread idx 0 steal from 6 [46 47)
thread idx 2 steal from 6 [54 55)
thread idx 0 steal from 6 [62 63)
thread idx 2 steal from 7 [7 8)
thread idx 0 steal from 7 [15 16)
thread idx 2 steal from 7 [23 24)
thread idx 0 steal from 7 [31 32)
thread idx 2 steal from 7 [39 40)
thread idx 0 steal from 7 [47 48)
thread idx 2 steal from 7 [55 56)
thread idx 0 steal from 7 [63 64)
threadid 0 done 1 task, taskid 109, remainingTaksNum 290
thread idx 110, Get A workFromWaitingQueue, taskId64, num_total_tasks 0 deped_has_not_been_done_num 64
thread idx 2 steal from 3 [3 4)
thread idx 2 steal from 3 [11 12)
thread idx 2 steal from 3 [19 20)
thread idx 2 steal from 3 [27 28)
thread idx 2 steal from 3 [35 36)
thread idx 2 steal from 3 [43 44)
thread idx 2 steal from 3 [51 52)
thread idx 2 steal from 3 [59 60)
thread idx 2 steal from 4 [4 5)
thread idx 2 steal from 4 [12 13)
thread idx 2 steal from 4 [20 21)
thread idx 2 steal from 4 [28 29)
thread idx 7 steal from 0 [0 1)
thread idx 2 steal from 4 [36 37)
thread idx 7 steal from 0 [8 9)
thread idx 2 steal from 4 [44 45)
thread idx 7 steal from 0 [16 17)
thread idx 2 steal from 4 [52 53)
thread idx 7 steal from 0 [24 25)
thread idx 2 steal from 4 [60 61)
thread idx 7 steal from 0 [32 33)
thread idx 2 steal from 5 [5 6)
thread idx 7 steal from 0 [40 41)
thread idx 2 steal from 5 [13 14)
thread idx 7 steal from 0 [48 49)
thread idx 2 steal from 5 [21 22)
thread idx 7 steal from 0 [56 57)
thread idx 2 steal from 5 [29 30)
thread idx 7 steal from 1 [1 2)
thread idx 2 steal from 5 [37 38)
thread idx 7 steal from 1 [9 10)
thread idx 2 steal from 5 [45 46)
thread idx 7 steal from 1 [17 18)
thread idx 2 steal from 5 [53 54)
thread idx 7 steal from 1 [25 26)
thread idx 2 steal from 5 [61 62)
thread idx 7 steal from 1 [33 34)
thread idx 2 steal from 6 [6 7)
thread idx 7 steal from 1 [41 42)
thread idx 2 steal from 6 [14 15)
thread idx 7 steal from 1 [49 50)
thread idx 2 steal from 6 [22 23)
thread idx 7 steal from 1 [57 58)
thread idx 2 steal from 6 [30 31)
thread idx 7 steal from 6 [38 39)
thread idx 2 steal from 6 [46 47)
thread idx 7 steal from 6 [54 55)
thread idx 2 steal from 6 [62 63)
threadid 2 done 1 task, taskid 110, remainingTaksNum 289
thread idx 111, Get A workFromWaitingQueue, taskId64, num_total_tasks 0 deped_has_not_been_done_num 64
thread idx 4 steal from 5 [5 6)
thread idx 4 steal from 5 [13 14)
thread idx 4 steal from 5 [21 22)
thread idx 4 steal from 5 [29 30)
thread idx 4 steal from 5 [37 38)
thread idx 4 steal from 5 [45 46)
thread idx 4 steal from 5 [53 54)
thread idx 4 steal from 5 [61 62)
thread idx 4 steal from 6 [6 7)
thread idx 1 steal from 2 [2 3)
thread idx 4 steal from 6 [14 15)
thread idx 1 steal from 2 [10 11)
thread idx 1 steal from 2 [18 19)
thread idx 4 steal from 6 [46 47)
thread idx 6 steal from 7 [7 8)
thread idx 1 steal from 2 [26 27)
thread idx 4 steal from 7 [15 16)
thread idx 1 steal from 2 [34 35)
thread idx 1 steal from 2 [42 43)
thread idx 1 steal from 2 [50 51)
thread idx 4 steal from 7 [31 32)
thread idx 1 steal from 2 [58 59)
thread idx 4 steal from 7 [39 40)
thread idx 4 steal from 7 [47 48)
thread idx 4 steal from 7 [55 56)
thread idx 4 steal from 7 [63 64)
thread idx 4 steal from 0 [0 1)
thread idx 4 steal from 0 [8 9)
thread idx 4 steal from 0 [16 17)
thread idx 4 steal from 0 [24 25)
thread idx 4 steal from 0 [32 33)
thread idx 4 steal from 0 [40 41)
thread idx 4 steal from 0 [48 49)
thread idx 4 steal from 0 [56 57)
thread idx 0 steal from 3 [3 4)
thread idx 4 steal from 3 [11 12)
thread idx 0 steal from 3 [19 20)
thread idx 4 steal from 3 [27 28)
thread idx 0 steal from 3 [35 36)
thread idx 4 steal from 3 [43 44)
thread idx 0 steal from 3 [51 52)
thread idx 6 steal from 7 [23 24)
threadid 6 done 1 task, taskid 111, remainingTaksNum 288
thread idx 112, Get A workFromWaitingQueue, taskId64, num_total_tasks 0 deped_has_not_been_done_num 64
thread idx 3 steal from 4 [4 5)
thread idx 3 steal from 4 [12 13)
thread idx 3 steal from 4 [20 21)
thread idx 3 steal from 4 [28 29)
thread idx 3 steal from 4 [36 37)
thread idx 3 steal from 4 [44 45)
thread idx 3 steal from 4 [52 53)
thread idx 3 steal from 4 [60 61)
thread idx 5 steal from 6 [6 7)
thread idx 5 steal from 6 [22 23)
thread idx 5 steal from 6 [30 31)
thread idx 5 steal from 6 [38 39)
thread idx 5 steal from 6 [46 47)
thread idx 5 steal from 6 [54 55)
thread idx 2 steal from 6 [62 63)
thread idx 5 steal from 7 [7 8)
thread idx 2 steal from 7 [15 16)
thread idx 5 steal from 7 [23 24)
thread idx 2 steal from 7 [31 32)
thread idx 5 steal from 7 [39 40)
thread idx 2 steal from 7 [47 48)
thread idx 5 steal from 7 [55 56)
thread idx 2 steal from 7 [63 64)
thread idx 5 steal from 0 [0 1)
thread idx 2 steal from 0 [8 9)
thread idx 5 steal from 0 [16 17)
thread idx 2 steal from 0 [24 25)
thread idx 5 steal from 0 [32 33)
thread idx 2 steal from 0 [40 41)
thread idx 5 steal from 0 [48 49)
thread idx 2 steal from 0 [56 57)
thread idx 5 steal from 1 [1 2)
thread idx 2 steal from 1 [9 10)
thread idx 5 steal from 1 [17 18)
thread idx 2 steal from 1 [25 26)
thread idx 5 steal from 1 [33 34)
thread idx 2 steal from 1 [41 42)
thread idx 5 steal from 1 [49 50)
thread idx 2 steal from 1 [57 58)
thread idx 3 steal from 6 [14 15)
threadid 3 done 1 task, taskid 112, remainingTaksNum 287
thread idx 113, Get A workFromWaitingQueue, taskId64, num_total_tasks 0 deped_has_not_been_done_num 64
thread idx 1 steal from 2 [2 3)
thread idx 1 steal from 2 [10 11)
thread idx 1 steal from 2 [18 19)
thread idx 1 steal from 2 [26 27)
thread idx 1 steal from 2 [34 35)
thread idx 1 steal from 2 [42 43)
thread idx 1 steal from 2 [50 51)
thread idx 1 steal from 2 [58 59)
thread idx 1 steal from 3 [3 4)
thread idx 1 steal from 3 [11 12)
thread idx 1 steal from 3 [19 20)
thread idx 1 steal from 3 [27 28)
thread idx 1 steal from 3 [35 36)
thread idx 1 steal from 3 [43 44)
thread idx 1 steal from 3 [51 52)
thread idx 1 steal from 3 [59 60)
thread idx 1 steal from 4 [4 5)
thread idx 1 steal from 4 [12 13)
thread idx 1 steal from 4 [20 21)
thread idx 1 steal from 4 [28 29)
thread idx 1 steal from 4 [36 37)
thread idx 1 steal from 4 [44 45)
thread idx 1 steal from 4 [52 53)
thread idx 1 steal from 4 [60 61)
thread idx 1 steal from 5 [5 6)
thread idx 1 steal from 5 [13 14)
thread idx 1 steal from 5 [21 22)
thread idx 1 steal from 5 [29 30)
thread idx 1 steal from 5 [37 38)
thread idx 1 steal from 5 [45 46)
thread idx 1 steal from 5 [53 54)
thread idx 1 steal from 5 [61 62)
thread idx 1 steal from 6 [6 7)
thread idx 1 steal from 6 [14 15)
thread idx 1 steal from 6 [22 23)
thread idx 1 steal from 6 [38 39)
thread idx 1 steal from 6 [46 47)
thread idx 1 steal from 6 [54 55)
thread idx 1 steal from 6 [62 63)
thread idx 1 steal from 7 [7 8)
thread idx 1 steal from 7 [15 16)
thread idx 1 steal from 7 [23 24)
thread idx 1 steal from 7 [31 32)
thread idx 1 steal from 7 [39 40)
thread idx 1 steal from 7 [47 48)
thread idx 2 steal from 6 [30 31)
thread idx 2 steal from 7 [63 64)
thread idx 2 steal from 0 [0 1)
thread idx 2 steal from 0 [8 9)
thread idx 1 steal from 7 [55 56)
thread idx 1 steal from 0 [24 25)
thread idx 2 steal from 0 [16 17)
thread idx 2 steal from 0 [40 41)
thread idx 1 steal from 0 [48 49)
threadid 1 done 1 task, taskid 113, remainingTaksNum 286
thread idx 114, Get A workFromWaitingQueue, taskId64, num_total_tasks 0 deped_has_not_been_done_num 64
thread idx 2 steal from 3 [3 4)
thread idx 2 steal from 3 [11 12)
thread idx 2 steal from 3 [19 20)
thread idx 2 steal from 3 [27 28)
thread idx 2 steal from 3 [35 36)
thread idx 2 steal from 3 [43 44)
thread idx 2 steal from 3 [51 52)
thread idx 2 steal from 3 [59 60)
thread idx 2 steal from 4 [4 5)
thread idx 2 steal from 4 [12 13)
thread idx 2 steal from 4 [20 21)
thread idx 2 steal from 4 [28 29)
thread idx 2 steal from 4 [36 37)
thread idx 2 steal from 4 [44 45)
thread idx 2 steal from 4 [52 53)
thread idx 2 steal from 4 [60 61)
thread idx 2 steal from 5 [5 6)
thread idx 2 steal from 5 [13 14)
thread idx 2 steal from 5 [21 22)
thread idx 2 steal from 5 [29 30)
thread idx 2 steal from 5 [37 38)
thread idx 2 steal from 5 [45 46)
thread idx 2 steal from 5 [53 54)
thread idx 2 steal from 5 [61 62)
thread idx 2 steal from 6 [6 7)
thread idx 2 steal from 6 [14 15)
thread idx 2 steal from 6 [22 23)
thread idx 2 steal from 6 [30 31)
thread idx 2 steal from 6 [38 39)
thread idx 2 steal from 6 [46 47)
thread idx 2 steal from 6 [54 55)
thread idx 2 steal from 6 [62 63)
thread idx 2 steal from 7 [7 8)
thread idx 2 steal from 7 [15 16)
thread idx 2 steal from 7 [23 24)
thread idx 2 steal from 7 [31 32)
thread idx 2 steal from 7 [47 48)
thread idx 2 steal from 7 [55 56)
thread idx 2 steal from 0 [0 1)
thread idx 7 steal from 0 [8 9)
thread idx 2 steal from 0 [16 17)
thread idx 2 steal from 0 [24 25)
thread idx 7 steal from 0 [32 33)
thread idx 2 steal from 0 [40 41)
thread idx 7 steal from 0 [48 49)
thread idx 2 steal from 0 [56 57)
thread idx 7 steal from 1 [1 2)
thread idx 2 steal from 1 [9 10)
thread idx 7 steal from 1 [17 18)
thread idx 2 steal from 1 [25 26)
thread idx 7 steal from 1 [33 34)
thread idx 2 steal from 1 [41 42)
thread idx 7 steal from 1 [49 50)
thread idx 2 steal from 1 [57 58)
threadid 2 done 1 task, taskid 114, remainingTaksNum 285
thread idx 115, Get A workFromWaitingQueue, taskId64, num_total_tasks 0 deped_has_not_been_done_num 64
thread idx 5 steal from 6 [6 7)
thread idx 5 steal from 6 [14 15)
thread idx 5 steal from 6 [22 23)
thread idx 5 steal from 6 [30 31)
thread idx 5 steal from 6 [38 39)
thread idx 5 steal from 6 [46 47)
thread idx 5 steal from 6 [54 55)
thread idx 5 steal from 6 [62 63)
thread idx 5 steal from 7 [7 8)
thread idx 5 steal from 7 [15 16)
thread idx 5 steal from 7 [23 24)
thread idx 5 steal from 7 [31 32)
thread idx 5 steal from 7 [39 40)
thread idx 5 steal from 7 [47 48)
thread idx 5 steal from 7 [55 56)
thread idx 5 steal from 7 [63 64)
thread idx 5 steal from 0 [0 1)
thread idx 5 steal from 0 [8 9)
thread idx 5 steal from 0 [16 17)
thread idx 5 steal from 0 [24 25)
thread idx 5 steal from 0 [32 33)
thread idx 5 steal from 0 [40 41)
thread idx 5 steal from 0 [48 49)
thread idx 5 steal from 0 [56 57)
thread idx 5 steal from 1 [1 2)
thread idx 5 steal from 1 [9 10)
thread idx 5 steal from 1 [17 18)
thread idx 5 steal from 1 [25 26)
thread idx 5 steal from 1 [33 34)
thread idx 5 steal from 1 [41 42)
thread idx 5 steal from 1 [49 50)
thread idx 5 steal from 1 [57 58)
thread idx 5 steal from 2 [2 3)
thread idx 5 steal from 2 [10 11)
thread idx 5 steal from 2 [18 19)
thread idx 5 steal from 2 [26 27)
thread idx 5 steal from 2 [34 35)
thread idx 5 steal from 2 [42 43)
thread idx 5 steal from 2 [50 51)
thread idx 5 steal from 2 [58 59)
thread idx 5 steal from 3 [3 4)
thread idx 5 steal from 3 [11 12)
thread idx 4 steal from 3 [19 20)
thread idx 5 steal from 3 [27 28)
thread idx 4 steal from 3 [35 36)
thread idx 5 steal from 3 [43 44)
thread idx 4 steal from 3 [51 52)
thread idx 5 steal from 3 [59 60)
threadid 4 done 1 task, taskid 115, remainingTaksNum 284
thread idx 116, Get A workFromWaitingQueue, taskId64, num_total_tasks 0 deped_has_not_been_done_num 64
thread idx 0 steal from 1 [1 2)
thread idx 0 steal from 1 [9 10)
thread idx 0 steal from 1 [17 18)
thread idx 0 steal from 1 [25 26)
thread idx 0 steal from 1 [33 34)
thread idx 0 steal from 1 [41 42)
thread idx 0 steal from 1 [49 50)
thread idx 0 steal from 1 [57 58)
thread idx 0 steal from 2 [2 3)
thread idx 0 steal from 2 [10 11)
thread idx 0 steal from 2 [18 19)
thread idx 0 steal from 2 [26 27)
thread idx 0 steal from 2 [34 35)
thread idx 0 steal from 2 [42 43)
thread idx 0 steal from 2 [50 51)
thread idx 0 steal from 2 [58 59)
thread idx 1 steal from 3 [3 4)
thread idx 1 steal from 3 [19 20)
thread idx 1 steal from 3 [27 28)
thread idx 0 steal from 3 [11 12)
thread idx 1 steal from 3 [35 36)
thread idx 0 steal from 3 [43 44)
thread idx 1 steal from 3 [51 52)
thread idx 0 steal from 3 [59 60)
thread idx 1 steal from 4 [4 5)
thread idx 0 steal from 4 [12 13)
thread idx 1 steal from 4 [20 21)
thread idx 0 steal from 4 [28 29)
thread idx 1 steal from 4 [36 37)
thread idx 0 steal from 4 [44 45)
thread idx 1 steal from 4 [52 53)
thread idx 0 steal from 4 [60 61)
thread idx 1 steal from 5 [5 6)
thread idx 0 steal from 5 [13 14)
thread idx 1 steal from 5 [21 22)
thread idx 0 steal from 5 [29 30)
thread idx 1 steal from 5 [37 38)
thread idx 0 steal from 5 [45 46)
thread idx 1 steal from 5 [53 54)
thread idx 0 steal from 5 [61 62)
thread idx 1 steal from 6 [6 7)
thread idx 0 steal from 6 [14 15)
thread idx 1 steal from 6 [22 23)
thread idx 0 steal from 6 [30 31)
thread idx 1 steal from 6 [38 39)
thread idx 0 steal from 6 [46 47)
thread idx 1 steal from 6 [54 55)
thread idx 0 steal from 6 [62 63)
thread idx 1 steal from 7 [7 8)
thread idx 0 steal from 7 [15 16)
thread idx 1 steal from 7 [23 24)
thread idx 0 steal from 7 [31 32)
thread idx 1 steal from 7 [39 40)
thread idx 0 steal from 7 [47 48)
thread idx 1 steal from 7 [55 56)
thread idx 0 steal from 7 [63 64)
threadid 0 done 1 task, taskid 116, remainingTaksNum 283
thread idx 117, Get A workFromWaitingQueue, taskId64, num_total_tasks 0 deped_has_not_been_done_num 64
thread idx 1 steal from 2 [2 3)
thread idx 1 steal from 2 [10 11)
thread idx 1 steal from 2 [18 19)
thread idx 1 steal from 2 [26 27)
thread idx 1 steal from 2 [34 35)
thread idx 1 steal from 2 [42 43)
thread idx 1 steal from 2 [50 51)
thread idx 1 steal from 2 [58 59)
thread idx 1 steal from 3 [3 4)
thread idx 1 steal from 3 [11 12)
thread idx 1 steal from 3 [19 20)
thread idx 1 steal from 3 [27 28)
thread idx 1 steal from 3 [35 36)
thread idx 1 steal from 3 [43 44)
thread idx 1 steal from 3 [51 52)
thread idx 1 steal from 3 [59 60)
thread idx 1 steal from 4 [4 5)
thread idx 1 steal from 4 [12 13)
thread idx 1 steal from 4 [20 21)
thread idx 1 steal from 4 [28 29)
thread idx 1 steal from 4 [36 37)
thread idx 1 steal from 4 [44 45)
thread idx 1 steal from 4 [52 53)
thread idx 1 steal from 4 [60 61)
thread idx 1 steal from 5 [5 6)
thread idx 1 steal from 5 [13 14)
thread idx 1 steal from 5 [21 22)
thread idx 1 steal from 5 [29 30)
thread idx 1 steal from 5 [37 38)
thread idx 1 steal from 5 [45 46)
thread idx 1 steal from 5 [53 54)
thread idx 1 steal from 5 [61 62)
thread idx 1 steal from 6 [6 7)
thread idx 1 steal from 6 [14 15)
thread idx 1 steal from 6 [22 23)
thread idx 1 steal from 6 [30 31)
thread idx 1 steal from 6 [38 39)
thread idx 1 steal from 6 [46 47)
thread idx 1 steal from 6 [54 55)
thread idx 1 steal from 6 [62 63)
thread idx 1 steal from 7 [47 48)
thread idx 1 steal from 7 [63 64)
thread idx 7 steal from 0 [0 1)
thread idx 7 steal from 0 [16 17)
thread idx 7 steal from 0 [24 25)
thread idx 7 steal from 0 [32 33)
thread idx 7 steal from 0 [40 41)
thread idx 7 steal from 0 [56 57)
thread idx 1 steal from 0 [8 9)
thread idx 6 steal from 0 [48 49)
threadid 6 done 1 task, taskid 117, remainingTaksNum 282
thread idx 6 steal from 0 [0 1)
thread idx 5 steal from 6 [6 7)
thread idx 5 steal from 6 [14 15)
thread idx 5 steal from 6 [22 23)
thread idx 5 steal from 6 [30 31)
thread idx 118, Get A workFromWaitingQueue, taskId64, num_total_tasks 0 deped_has_not_been_done_num 53
thread idx 5 steal from 6 [38 39)
thread idx 6 steal from 7 [7 8)
thread idx 5 steal from 7 [15 16)
thread idx 6 steal from 7 [23 24)
thread idx 5 steal from 7 [31 32)
thread idx 6 steal from 7 [39 40)
thread idx 5 steal from 7 [47 48)
thread idx 6 steal from 7 [55 56)
thread idx 5 steal from 7 [63 64)
thread idx 6 steal from 0 [8 9)
thread idx 5 steal from 0 [16 17)
thread idx 6 steal from 0 [24 25)
thread idx 5 steal from 0 [32 33)
thread idx 6 steal from 0 [40 41)
thread idx 5 steal from 0 [48 49)
thread idx 6 steal from 0 [56 57)
thread idx 5 steal from 1 [1 2)
thread idx 6 steal from 1 [9 10)
thread idx 5 steal from 1 [17 18)
thread idx 6 steal from 1 [25 26)
thread idx 5 steal from 1 [33 34)
thread idx 6 steal from 1 [41 42)
thread idx 5 steal from 1 [49 50)
thread idx 6 steal from 1 [57 58)
thread idx 6 steal from 2 [10 11)
thread idx 7 steal from 2 [2 3)
thread idx 5 steal from 2 [18 19)
thread idx 7 steal from 2 [34 35)
thread idx 7 steal from 2 [42 43)
thread idx 7 steal from 2 [50 51)
thread idx 7 steal from 2 [58 59)
thread idx 5 steal from 3 [3 4)
thread idx 7 steal from 3 [11 12)
thread idx 5 steal from 3 [19 20)
thread idx 6 steal from 2 [26 27)
thread idx 7 steal from 3 [27 28)
thread idx 5 steal from 3 [35 36)
thread idx 6 steal from 3 [43 44)
thread idx 7 steal from 3 [51 52)
thread idx 6 steal from 3 [59 60)
thread idx 5 steal from 4 [4 5)
thread idx 6 steal from 4 [20 21)
thread idx 5 steal from 4 [28 29)
thread idx 5 steal from 4 [36 37)
thread idx 5 steal from 4 [44 45)
thread idx 6 steal from 4 [52 53)
thread idx 5 steal from 4 [60 61)
thread idx 7 steal from 4 [12 13)
threadid 7 done 1 task, taskid 118, remainingTaksNum 281
thread idx 119, Get A workFromWaitingQueue, taskId64, num_total_tasks 0 deped_has_not_been_done_num 64
thread idx 2 steal from 3 [3 4)
thread idx 2 steal from 3 [11 12)
thread idx 2 steal from 3 [19 20)
thread idx 2 steal from 3 [27 28)
thread idx 2 steal from 3 [35 36)
thread idx 2 steal from 3 [43 44)
thread idx 2 steal from 3 [51 52)
thread idx 2 steal from 3 [59 60)
thread idx 2 steal from 4 [4 5)
thread idx 2 steal from 4 [12 13)
thread idx 6 steal from 7 [7 8)
thread idx 2 steal from 4 [20 21)
thread idx 6 steal from 7 [15 16)
thread idx 2 steal from 4 [28 29)
thread idx 6 steal from 7 [23 24)
thread idx 2 steal from 4 [36 37)
thread idx 6 steal from 7 [31 32)
thread idx 2 steal from 4 [44 45)
thread idx 6 steal from 7 [39 40)
thread idx 2 steal from 4 [52 53)
thread idx 6 steal from 7 [47 48)
thread idx 2 steal from 4 [60 61)
thread idx 6 steal from 7 [55 56)
thread idx 2 steal from 5 [5 6)
thread idx 6 steal from 7 [63 64)
thread idx 2 steal from 5 [13 14)
thread idx 6 steal from 0 [0 1)
thread idx 2 steal from 5 [21 22)
thread idx 6 steal from 0 [8 9)
thread idx 2 steal from 5 [29 30)
thread idx 6 steal from 0 [16 17)
thread idx 2 steal from 5 [37 38)
thread idx 6 steal from 0 [24 25)
thread idx 2 steal from 5 [45 46)
thread idx 6 steal from 0 [32 33)
thread idx 2 steal from 5 [53 54)
thread idx 6 steal from 0 [40 41)
thread idx 2 steal from 5 [61 62)
thread idx 6 steal from 0 [48 49)
thread idx 2 steal from 0 [56 57)
thread idx 6 steal from 1 [1 2)
thread idx 2 steal from 1 [9 10)
thread idx 6 steal from 1 [17 18)
thread idx 2 steal from 1 [25 26)
thread idx 6 steal from 1 [33 34)
thread idx 2 steal from 1 [41 42)
thread idx 6 steal from 1 [49 50)
thread idx 2 steal from 1 [57 58)
threadid 2 done 1 task, taskid 119, remainingTaksNum 280
thread idx 120, Get A workFromWaitingQueue, taskId64, num_total_tasks 0 deped_has_not_been_done_num 64
thread idx 6 steal from 7 [7 8)
thread idx 6 steal from 7 [15 16)
thread idx 6 steal from 7 [23 24)
thread idx 6 steal from 7 [31 32)
thread idx 6 steal from 7 [39 40)
thread idx 6 steal from 7 [47 48)
thread idx 6 steal from 7 [55 56)
thread idx 6 steal from 7 [63 64)
thread idx 6 steal from 1 [1 2)
thread idx 0 steal from 1 [9 10)
thread idx 0 steal from 1 [25 26)
thread idx 4 steal from 5 [5 6)
thread idx 6 steal from 1 [17 18)
thread idx 6 steal from 1 [41 42)
thread idx 4 steal from 5 [13 14)
thread idx 6 steal from 1 [49 50)
thread idx 4 steal from 5 [21 22)
thread idx 4 steal from 5 [29 30)
thread idx 7 steal from 1 [57 58)
thread idx 6 steal from 2 [2 3)
thread idx 6 steal from 2 [10 11)
thread idx 6 steal from 2 [18 19)
thread idx 7 steal from 2 [26 27)
thread idx 0 steal from 1 [33 34)
thread idx 6 steal from 2 [34 35)
thread idx 0 steal from 2 [50 51)
thread idx 4 steal from 5 [37 38)
thread idx 5 steal from 2 [58 59)
thread idx 6 steal from 3 [19 20)
thread idx 1 steal from 3 [27 28)
thread idx 1 steal from 3 [35 36)
thread idx 1 steal from 3 [43 44)
thread idx 1 steal from 3 [51 52)
thread idx 1 steal from 3 [59 60)
thread idx 7 steal from 2 [42 43)
thread idx 4 steal from 3 [11 12)
thread idx 0 steal from 3 [3 4)
threadid 0 done 1 task, taskid 120, remainingTaksNum 279
thread idx 121, Get A workFromWaitingQueue, taskId64, num_total_tasks 0 deped_has_not_been_done_num 64
thread idx 1 steal from 2 [2 3)
thread idx 1 steal from 2 [18 19)
thread idx 1 steal from 2 [42 43)
thread idx 1 steal from 2 [58 59)
thread idx 2 steal from 3 [3 4)
thread idx 1 steal from 3 [11 12)
thread idx 2 steal from 3 [19 20)
thread idx 1 steal from 3 [35 36)
thread idx 2 steal from 3 [43 44)
thread idx 1 steal from 3 [59 60)
thread idx 3 steal from 4 [4 5)
thread idx 1 steal from 4 [12 13)
thread idx 2 steal from 4 [20 21)
thread idx 3 steal from 4 [28 29)
thread idx 2 steal from 4 [44 45)
thread idx 2 steal from 4 [52 53)
thread idx 2 steal from 4 [60 61)
thread idx 3 steal from 5 [5 6)
thread idx 2 steal from 5 [13 14)
thread idx 3 steal from 5 [21 22)
thread idx 2 steal from 5 [29 30)
thread idx 3 steal from 5 [37 38)
thread idx 2 steal from 5 [45 46)
thread idx 1 steal from 4 [36 37)
thread idx 2 steal from 5 [61 62)
thread idx 2 steal from 6 [6 7)
thread idx 2 steal from 6 [14 15)
thread idx 1 steal from 6 [22 23)
thread idx 2 steal from 6 [30 31)
thread idx 1 steal from 6 [38 39)
thread idx 2 steal from 6 [46 47)
thread idx 1 steal from 6 [54 55)
thread idx 2 steal from 6 [62 63)
thread idx 1 steal from 7 [7 8)
thread idx 2 steal from 7 [15 16)
thread idx 1 steal from 7 [23 24)
thread idx 1 steal from 7 [31 32)
thread idx 1 steal from 7 [39 40)
thread idx 2 steal from 7 [47 48)
thread idx 1 steal from 7 [55 56)
thread idx 2 steal from 7 [63 64)
thread idx 1 steal from 0 [0 1)
thread idx 2 steal from 0 [8 9)
thread idx 1 steal from 0 [16 17)
thread idx 2 steal from 0 [24 25)
thread idx 3 steal from 5 [53 54)
thread idx 1 steal from 0 [32 33)
thread idx 2 steal from 0 [40 41)
thread idx 1 steal from 0 [48 49)
thread idx 3 steal from 0 [56 57)
threadid 3 done 1 task, taskid 121, remainingTaksNum 278
thread idx 122, Get A workFromWaitingQueue, taskId64, num_total_tasks 0 deped_has_not_been_done_num 64
thread idx 2 steal from 3 [3 4)
thread idx 2 steal from 3 [11 12)
thread idx 2 steal from 3 [19 20)
thread idx 2 steal from 3 [27 28)
thread idx 2 steal from 3 [35 36)
thread idx 2 steal from 3 [43 44)
thread idx 2 steal from 3 [51 52)
thread idx 2 steal from 3 [59 60)
thread idx 6 steal from 7 [7 8)
thread idx 2 steal from 4 [4 5)
thread idx 6 steal from 7 [15 16)
thread idx 2 steal from 4 [12 13)
thread idx 6 steal from 7 [23 24)
thread idx 2 steal from 4 [20 21)
thread idx 6 steal from 7 [31 32)
thread idx 2 steal from 4 [28 29)
thread idx 6 steal from 7 [39 40)
thread idx 2 steal from 4 [36 37)
thread idx 6 steal from 7 [47 48)
thread idx 2 steal from 4 [44 45)
thread idx 6 steal from 7 [55 56)
thread idx 2 steal from 4 [52 53)
thread idx 6 steal from 7 [63 64)
thread idx 2 steal from 4 [60 61)
thread idx 6 steal from 0 [0 1)
thread idx 2 steal from 5 [5 6)
thread idx 6 steal from 0 [8 9)
thread idx 2 steal from 5 [13 14)
thread idx 6 steal from 0 [16 17)
thread idx 0 steal from 1 [1 2)
thread idx 0 steal from 1 [9 10)
thread idx 0 steal from 1 [17 18)
thread idx 0 steal from 1 [25 26)
thread idx 0 steal from 1 [33 34)
thread idx 0 steal from 1 [41 42)
thread idx 0 steal from 1 [49 50)
thread idx 0 steal from 1 [57 58)
thread idx 0 steal from 5 [29 30)
thread idx 0 steal from 5 [37 38)
thread idx 0 steal from 5 [45 46)
thread idx 0 steal from 5 [53 54)
thread idx 0 steal from 5 [61 62)
thread idx 2 steal from 5 [21 22)
threadid 2 done 1 task, taskid 122, remainingTaksNum 277
thread idx 123, Get A workFromWaitingQueue, taskId64, num_total_tasks 0 deped_has_not_been_done_num 64
thread idx 2 steal from 3 [3 4)
thread idx 2 steal from 3 [11 12)
thread idx 2 steal from 3 [19 20)
thread idx 2 steal from 3 [27 28)
thread idx 2 steal from 3 [35 36)
thread idx 4 steal from 5 [5 6)
thread idx 0 steal from 1 [1 2)
thread idx 2 steal from 3 [43 44)
thread idx 2 steal from 3 [51 52)
thread idx 2 steal from 3 [59 60)
thread idx 2 steal from 5 [21 22)
thread idx 2 steal from 5 [29 30)
thread idx 2 steal from 5 [37 38)
thread idx 2 steal from 5 [45 46)
thread idx 2 steal from 5 [53 54)
thread idx 2 steal from 5 [61 62)
thread idx 2 steal from 6 [6 7)
thread idx 2 steal from 6 [14 15)
thread idx 2 steal from 6 [22 23)
thread idx 2 steal from 6 [30 31)
thread idx 2 steal from 6 [38 39)
thread idx 2 steal from 6 [46 47)
thread idx 2 steal from 6 [54 55)
thread idx 2 steal from 6 [62 63)
thread idx 2 steal from 7 [7 8)
thread idx 2 steal from 7 [15 16)
thread idx 0 steal from 1 [9 10)
thread idx 2 steal from 7 [23 24)
thread idx 0 steal from 1 [17 18)
thread idx 0 steal from 1 [25 26)
thread idx 0 steal from 1 [33 34)
thread idx 0 steal from 1 [41 42)
thread idx 4 steal from 5 [13 14)
thread idx 1 steal from 7 [39 40)
thread idx 1 steal from 7 [47 48)
thread idx 1 steal from 7 [55 56)
thread idx 4 steal from 7 [63 64)
thread idx 0 steal from 1 [49 50)
thread idx 2 steal from 7 [31 32)
threadid 2 done 1 task, taskid 123, remainingTaksNum 276
thread idx 124, Get A workFromWaitingQueue, taskId64, num_total_tasks 0 deped_has_not_been_done_num 64
thread idx 1 steal from 2 [2 3)
thread idx 1 steal from 2 [10 11)
thread idx 0 steal from 2 [18 19)
thread idx 1 steal from 2 [26 27)
thread idx 0 steal from 2 [34 35)
thread idx 1 steal from 2 [42 43)
thread idx 0 steal from 2 [50 51)
thread idx 1 steal from 2 [58 59)
thread idx 0 steal from 3 [3 4)
thread idx 0 steal from 3 [19 20)
thread idx 0 steal from 3 [27 28)
thread idx 1 steal from 3 [11 12)
thread idx 0 steal from 3 [35 36)
thread idx 1 steal from 3 [43 44)
thread idx 0 steal from 3 [51 52)
thread idx 1 steal from 3 [59 60)
thread idx 0 steal from 4 [4 5)
thread idx 1 steal from 4 [12 13)
thread idx 0 steal from 4 [20 21)
thread idx 1 steal from 4 [28 29)
thread idx 0 steal from 4 [36 37)
thread idx 1 steal from 4 [44 45)
thread idx 0 steal from 4 [52 53)
thread idx 1 steal from 4 [60 61)
thread idx 0 steal from 5 [5 6)
thread idx 1 steal from 5 [13 14)
thread idx 0 steal from 5 [21 22)
thread idx 1 steal from 5 [29 30)
thread idx 0 steal from 5 [37 38)
thread idx 1 steal from 5 [45 46)
thread idx 0 steal from 5 [53 54)
thread idx 1 steal from 5 [61 62)
thread idx 0 steal from 6 [6 7)
thread idx 1 steal from 6 [14 15)
thread idx 0 steal from 6 [22 23)
thread idx 1 steal from 6 [30 31)
thread idx 0 steal from 6 [38 39)
thread idx 1 steal from 6 [46 47)
thread idx 1 steal from 6 [54 55)
thread idx 7 steal from 6 [62 63)
threadid 7 done 1 task, taskid 124, remainingTaksNum 275
thread idx 125, Get A workFromWaitingQueue, taskId64, num_total_tasks 0 deped_has_not_been_done_num 64
thread idx 3 steal from 4 [4 5)
thread idx 3 steal from 4 [12 13)
thread idx 3 steal from 4 [20 21)
thread idx 3 steal from 4 [28 29)
thread idx 3 steal from 4 [36 37)
thread idx 3 steal from 4 [44 45)
thread idx 3 steal from 4 [52 53)
thread idx 3 steal from 4 [60 61)
thread idx 3 steal from 5 [5 6)
thread idx 3 steal from 5 [13 14)
thread idx 3 steal from 5 [21 22)
thread idx 3 steal from 5 [29 30)
thread idx 3 steal from 5 [37 38)
thread idx 3 steal from 5 [45 46)
thread idx 3 steal from 5 [61 62)
thread idx 3 steal from 6 [6 7)
thread idx 3 steal from 6 [14 15)
thread idx 3 steal from 6 [22 23)
thread idx 3 steal from 6 [30 31)
thread idx 3 steal from 6 [38 39)
thread idx 3 steal from 6 [46 47)
thread idx 3 steal from 6 [54 55)
thread idx 3 steal from 6 [62 63)
thread idx 3 steal from 7 [7 8)
thread idx 3 steal from 7 [15 16)
thread idx 3 steal from 7 [23 24)
thread idx 3 steal from 7 [31 32)
thread idx 5 steal from 7 [39 40)
thread idx 5 steal from 7 [55 56)
thread idx 5 steal from 7 [63 64)
thread idx 4 steal from 5 [53 54)
thread idx 3 steal from 7 [47 48)
thread idx 3 steal from 0 [8 9)
thread idx 3 steal from 0 [16 17)
thread idx 3 steal from 0 [24 25)
thread idx 4 steal from 0 [32 33)
thread idx 3 steal from 0 [40 41)
thread idx 4 steal from 0 [48 49)
thread idx 3 steal from 0 [56 57)
thread idx 4 steal from 1 [1 2)
thread idx 5 steal from 0 [0 1)
thread idx 3 steal from 1 [9 10)
thread idx 4 steal from 1 [17 18)
thread idx 5 steal from 1 [25 26)
thread idx 4 steal from 1 [41 42)
thread idx 3 steal from 1 [33 34)
thread idx 5 steal from 1 [49 50)
thread idx 4 steal from 1 [57 58)
thread idx 3 steal from 2 [2 3)
thread idx 5 steal from 2 [10 11)
thread idx 4 steal from 2 [18 19)
thread idx 3 steal from 2 [26 27)
thread idx 5 steal from 2 [34 35)
thread idx 4 steal from 2 [42 43)
thread idx 3 steal from 2 [50 51)
thread idx 5 steal from 2 [58 59)
threadid 5 done 1 task, taskid 125, remainingTaksNum 274
thread idx 126, Get A workFromWaitingQueue, taskId64, num_total_tasks 0 deped_has_not_been_done_num 64
thread idx 2 steal from 3 [3 4)
thread idx 2 steal from 3 [11 12)
thread idx 2 steal from 3 [19 20)
thread idx 2 steal from 3 [27 28)
thread idx 2 steal from 3 [35 36)
thread idx 2 steal from 3 [43 44)
thread idx 2 steal from 3 [51 52)
thread idx 2 steal from 4 [4 5)
thread idx 3 steal from 4 [12 13)
thread idx 2 steal from 4 [20 21)
thread idx 3 steal from 4 [28 29)
thread idx 2 steal from 4 [36 37)
thread idx 3 steal from 4 [44 45)
thread idx 2 steal from 4 [52 53)
thread idx 3 steal from 4 [60 61)
thread idx 2 steal from 5 [5 6)
thread idx 3 steal from 5 [13 14)
thread idx 3 steal from 5 [29 30)
thread idx 3 steal from 5 [37 38)
thread idx 3 steal from 5 [45 46)
thread idx 3 steal from 5 [53 54)
thread idx 6 steal from 7 [7 8)
thread idx 6 steal from 7 [15 16)
thread idx 6 steal from 7 [23 24)
thread idx 6 steal from 7 [31 32)
thread idx 3 steal from 5 [61 62)
thread idx 6 steal from 7 [39 40)
thread idx 3 steal from 7 [47 48)
thread idx 6 steal from 7 [55 56)
thread idx 3 steal from 7 [63 64)
thread idx 6 steal from 0 [0 1)
thread idx 3 steal from 0 [8 9)
thread idx 6 steal from 0 [16 17)
thread idx 3 steal from 0 [24 25)
thread idx 6 steal from 0 [32 33)
thread idx 6 steal from 0 [40 41)
thread idx 3 steal from 0 [48 49)
thread idx 6 steal from 0 [56 57)
thread idx 3 steal from 1 [1 2)
thread idx 6 steal from 1 [9 10)
thread idx 3 steal from 1 [17 18)
thread idx 6 steal from 1 [25 26)
thread idx 3 steal from 1 [33 34)
thread idx 6 steal from 1 [41 42)
thread idx 3 steal from 1 [49 50)
thread idx 6 steal from 1 [57 58)
thread idx 2 steal from 5 [21 22)
threadid 2 done 1 task, taskid 126, remainingTaksNum 273
thread idx 127, Get A workFromWaitingQueue, taskId64, num_total_tasks 0 deped_has_not_been_done_num 64
thread idx 2 steal from 3 [3 4)
thread idx 2 steal from 3 [11 12)
thread idx 2 steal from 3 [19 20)
thread idx 2 steal from 3 [27 28)
thread idx 2 steal from 3 [35 36)
thread idx 2 steal from 3 [43 44)
thread idx 2 steal from 3 [51 52)
thread idx 2 steal from 3 [59 60)
thread idx 2 steal from 4 [4 5)
thread idx 2 steal from 4 [12 13)
thread idx 2 steal from 4 [20 21)
thread idx 2 steal from 4 [28 29)
thread idx 2 steal from 4 [36 37)
thread idx 2 steal from 4 [44 45)
thread idx 2 steal from 4 [52 53)
thread idx 2 steal from 4 [60 61)
thread idx 2 steal from 5 [5 6)
thread idx 2 steal from 5 [13 14)
thread idx 2 steal from 5 [21 22)
thread idx 2 steal from 5 [29 30)
thread idx 2 steal from 5 [37 38)
thread idx 7 steal from 0 [0 1)
thread idx 6 steal from 0 [8 9)
thread idx 5 steal from 0 [24 25)
thread idx 5 steal from 0 [32 33)
thread idx 5 steal from 0 [40 41)
thread idx 5 steal from 0 [48 49)
thread idx 5 steal from 0 [56 57)
thread idx 5 steal from 1 [1 2)
thread idx 5 steal from 1 [9 10)
thread idx 5 steal from 1 [17 18)
thread idx 5 steal from 1 [25 26)
thread idx 5 steal from 1 [33 34)
thread idx 5 steal from 1 [41 42)
thread idx 5 steal from 1 [49 50)
thread idx 5 steal from 1 [57 58)
thread idx 7 steal from 0 [16 17)
thread idx 2 steal from 5 [45 46)
threadid 2 done 1 task, taskid 127, remainingTaksNum 272
thread idx 3 steal from 0 [0 1)
thread idx 128, Get A workFromWaitingQueue, taskId64, num_total_tasks 0 deped_has_not_been_done_num 63
thread idx 2 steal from 3 [11 12)
thread idx 1 steal from 3 [19 20)
thread idx 3 steal from 4 [4 5)
thread idx 3 steal from 4 [12 13)
thread idx 1 steal from 4 [20 21)
thread idx 3 steal from 4 [28 29)
thread idx 1 steal from 4 [36 37)
thread idx 3 steal from 4 [44 45)
thread idx 1 steal from 4 [52 53)
thread idx 3 steal from 4 [60 61)
thread idx 1 steal from 5 [5 6)
thread idx 3 steal from 5 [13 14)
thread idx 2 steal from 3 [35 36)
thread idx 1 steal from 5 [21 22)
thread idx 3 steal from 5 [29 30)
thread idx 2 steal from 5 [37 38)
thread idx 1 steal from 5 [45 46)
thread idx 3 steal from 5 [53 54)
thread idx 1 steal from 6 [6 7)
thread idx 1 steal from 6 [14 15)
thread idx 1 steal from 6 [22 23)
thread idx 3 steal from 6 [30 31)
thread idx 1 steal from 6 [38 39)
thread idx 3 steal from 6 [46 47)
thread idx 3 steal from 6 [54 55)
thread idx 1 steal from 6 [62 63)
thread idx 3 steal from 7 [7 8)
thread idx 1 steal from 7 [15 16)
thread idx 3 steal from 7 [23 24)
thread idx 1 steal from 7 [31 32)
thread idx 2 steal from 5 [61 62)
thread idx 1 steal from 7 [47 48)
thread idx 2 steal from 7 [55 56)
thread idx 2 steal from 7 [63 64)
thread idx 1 steal from 0 [8 9)
thread idx 2 steal from 0 [16 17)
thread idx 2 steal from 0 [24 25)
thread idx 3 steal from 7 [39 40)
thread idx 2 steal from 0 [40 41)
thread idx 2 steal from 0 [48 49)
thread idx 2 steal from 0 [56 57)
thread idx 1 steal from 0 [32 33)
threadid 1 done 1 task, taskid 128, remainingTaksNum 271
thread idx 129, Get A workFromWaitingQueue, taskId64, num_total_tasks 0 deped_has_not_been_done_num 64
thread idx 0 steal from 1 [1 2)
thread idx 0 steal from 1 [9 10)
thread idx 0 steal from 1 [17 18)
thread idx 0 steal from 1 [25 26)
thread idx 0 steal from 1 [33 34)
thread idx 0 steal from 1 [41 42)
thread idx 0 steal from 1 [49 50)
thread idx 0 steal from 1 [57 58)
thread idx 0 steal from 2 [2 3)
thread idx 0 steal from 2 [10 11)
thread idx 0 steal from 2 [18 19)
thread idx 0 steal from 2 [26 27)
thread idx 0 steal from 2 [34 35)
thread idx 3 steal from 4 [4 5)
thread idx 3 steal from 4 [12 13)
thread idx 3 steal from 4 [20 21)
thread idx 3 steal from 4 [28 29)
thread idx 0 steal from 2 [42 43)
thread idx 3 steal from 4 [36 37)
thread idx 0 steal from 2 [50 51)
thread idx 3 steal from 4 [44 45)
thread idx 0 steal from 2 [58 59)
thread idx 3 steal from 4 [52 53)
thread idx 0 steal from 4 [60 61)
thread idx 3 steal from 5 [5 6)
thread idx 0 steal from 5 [13 14)
thread idx 3 steal from 5 [21 22)
thread idx 0 steal from 5 [29 30)
thread idx 3 steal from 5 [37 38)
thread idx 0 steal from 5 [45 46)
thread idx 3 steal from 5 [53 54)
thread idx 0 steal from 5 [61 62)
thread idx 3 steal from 6 [6 7)
thread idx 0 steal from 6 [14 15)
thread idx 3 steal from 6 [22 23)
thread idx 5 steal from 6 [30 31)
thread idx 0 steal from 6 [38 39)
thread idx 3 steal from 6 [46 47)
thread idx 0 steal from 6 [62 63)
thread idx 5 steal from 6 [54 55)
thread idx 3 steal from 7 [7 8)
thread idx 5 steal from 7 [15 16)
thread idx 0 steal from 7 [23 24)
thread idx 5 steal from 7 [39 40)
thread idx 5 steal from 7 [47 48)
thread idx 5 steal from 7 [55 56)
thread idx 5 steal from 7 [63 64)
thread idx 3 steal from 7 [31 32)
threadid 3 done 1 task, taskid 129, remainingTaksNum 270
thread idx 130, Get A workFromWaitingQueue, taskId64, num_total_tasks 0 deped_has_not_been_done_num 64
thread idx 5 steal from 6 [6 7)
thread idx 5 steal from 6 [14 15)
thread idx 5 steal from 6 [22 23)
thread idx 5 steal from 6 [30 31)
thread idx 5 steal from 6 [38 39)
thread idx 4 steal from 6 [46 47)
thread idx 4 steal from 6 [62 63)
thread idx 4 steal from 7 [7 8)
thread idx 5 steal from 6 [54 55)
thread idx 4 steal from 7 [15 16)
thread idx 4 steal from 7 [23 24)
thread idx 5 steal from 7 [31 32)
thread idx 4 steal from 7 [39 40)
thread idx 5 steal from 7 [47 48)
thread idx 4 steal from 7 [55 56)
thread idx 5 steal from 7 [63 64)
thread idx 5 steal from 0 [0 1)
thread idx 4 steal from 0 [8 9)
thread idx 5 steal from 0 [16 17)
thread idx 4 steal from 0 [24 25)
thread idx 5 steal from 0 [32 33)
thread idx 5 steal from 0 [40 41)
thread idx 5 steal from 0 [48 49)
thread idx 5 steal from 0 [56 57)
thread idx 5 steal from 1 [1 2)
thread idx 5 steal from 1 [9 10)
thread idx 5 steal from 1 [17 18)
thread idx 5 steal from 1 [25 26)
thread idx 5 steal from 1 [33 34)
thread idx 5 steal from 1 [41 42)
thread idx 5 steal from 1 [49 50)
thread idx 5 steal from 1 [57 58)
thread idx 5 steal from 2 [2 3)
thread idx 4 steal from 2 [10 11)
thread idx 5 steal from 2 [18 19)
thread idx 4 steal from 2 [26 27)
thread idx 5 steal from 2 [34 35)
thread idx 4 steal from 2 [42 43)
thread idx 5 steal from 2 [50 51)
thread idx 4 steal from 2 [58 59)
thread idx 5 steal from 3 [3 4)
thread idx 4 steal from 3 [11 12)
thread idx 5 steal from 3 [19 20)
thread idx 4 steal from 3 [27 28)
thread idx 5 steal from 3 [35 36)
thread idx 4 steal from 3 [43 44)
thread idx 5 steal from 3 [51 52)
thread idx 4 steal from 3 [59 60)
threadid 4 done 1 task, taskid 130, remainingTaksNum 269
thread idx 131, Get A workFromWaitingQueue, taskId64, num_total_tasks 0 deped_has_not_been_done_num 64
thread idx 0 steal from 1 [1 2)
thread idx 0 steal from 1 [9 10)
thread idx 0 steal from 1 [17 18)
thread idx 0 steal from 1 [25 26)
thread idx 0 steal from 1 [33 34)
thread idx 0 steal from 1 [41 42)
thread idx 0 steal from 1 [49 50)
thread idx 0 steal from 1 [57 58)
thread idx 5 steal from 6 [6 7)
thread idx 5 steal from 6 [14 15)
thread idx 5 steal from 6 [22 23)
thread idx 5 steal from 6 [30 31)
thread idx 5 steal from 6 [38 39)
thread idx 5 steal from 6 [46 47)
thread idx 5 steal from 6 [54 55)
thread idx 0 steal from 2 [2 3)
thread idx 5 steal from 6 [62 63)
thread idx 0 steal from 2 [10 11)
thread idx 5 steal from 7 [7 8)
thread idx 0 steal from 2 [18 19)
thread idx 5 steal from 7 [23 24)
thread idx 0 steal from 2 [26 27)
thread idx 0 steal from 2 [34 35)
thread idx 5 steal from 7 [47 48)
thread idx 7 steal from 2 [42 43)
thread idx 0 steal from 2 [50 51)
thread idx 5 steal from 2 [58 59)
thread idx 7 steal from 3 [3 4)
thread idx 0 steal from 3 [11 12)
thread idx 6 steal from 3 [19 20)
thread idx 0 steal from 3 [43 44)
thread idx 6 steal from 3 [51 52)
thread idx 6 steal from 3 [59 60)
thread idx 6 steal from 4 [4 5)
thread idx 6 steal from 4 [12 13)
thread idx 5 steal from 3 [27 28)
thread idx 6 steal from 4 [20 21)
thread idx 5 steal from 4 [28 29)
thread idx 6 steal from 4 [36 37)
thread idx 5 steal from 4 [44 45)
thread idx 6 steal from 4 [52 53)
thread idx 6 steal from 4 [60 61)
thread idx 7 steal from 3 [35 36)
threadid 7 done 1 task, taskid 131, remainingTaksNum 268
thread idx 132, Get A workFromWaitingQueue, taskId64, num_total_tasks 0 deped_has_not_been_done_num 64
thread idx 1 steal from 2 [2 3)
thread idx 1 steal from 2 [10 11)
thread idx 1 steal from 2 [18 19)
thread idx 1 steal from 2 [26 27)
thread idx 1 steal from 2 [34 35)
thread idx 1 steal from 2 [42 43)
thread idx 1 steal from 2 [50 51)
thread idx 1 steal from 2 [58 59)
thread idx 1 steal from 3 [3 4)
thread idx 1 steal from 3 [11 12)
thread idx 0 steal from 3 [19 20)
thread idx 1 steal from 3 [27 28)
thread idx 0 steal from 3 [35 36)
thread idx 1 steal from 3 [43 44)
thread idx 0 steal from 3 [51 52)
thread idx 1 steal from 3 [59 60)
thread idx 0 steal from 4 [4 5)
thread idx 1 steal from 4 [12 13)
thread idx 0 steal from 4 [20 21)
thread idx 1 steal from 4 [28 29)
thread idx 0 steal from 4 [36 37)
thread idx 1 steal from 4 [44 45)
thread idx 4 steal from 5 [5 6)
thread idx 4 steal from 5 [13 14)
thread idx 4 steal from 5 [21 22)
thread idx 4 steal from 5 [29 30)
thread idx 4 steal from 5 [37 38)
thread idx 3 steal from 5 [45 46)
thread idx 2 steal from 5 [61 62)
thread idx 3 steal from 6 [6 7)
thread idx 2 steal from 6 [14 15)
thread idx 3 steal from 6 [22 23)
thread idx 2 steal from 6 [30 31)
thread idx 3 steal from 6 [38 39)
thread idx 2 steal from 6 [46 47)
thread idx 3 steal from 6 [54 55)
thread idx 4 steal from 5 [53 54)
thread idx 2 steal from 6 [62 63)
thread idx 3 steal from 7 [7 8)
thread idx 4 steal from 7 [15 16)
thread idx 2 steal from 7 [23 24)
thread idx 3 steal from 7 [31 32)
thread idx 4 steal from 7 [39 40)
thread idx 1 steal from 7 [47 48)
thread idx 4 steal from 7 [63 64)
thread idx 2 steal from 7 [55 56)
thread idx 0 steal from 4 [52 53)
threadid 0 done 1 task, taskid 132, remainingTaksNum 267
thread idx 133, Get A workFromWaitingQueue, taskId64, num_total_tasks 0 deped_has_not_been_done_num 64
thread idx 5 steal from 6 [6 7)
thread idx 5 steal from 6 [14 15)
thread idx 5 steal from 6 [22 23)
thread idx 5 steal from 6 [30 31)
thread idx 4 steal from 6 [38 39)
thread idx 4 steal from 6 [54 55)
thread idx 4 steal from 6 [62 63)
thread idx 4 steal from 7 [7 8)
thread idx 4 steal from 7 [15 16)
thread idx 4 steal from 7 [23 24)
thread idx 4 steal from 7 [31 32)
thread idx 4 steal from 7 [39 40)
thread idx 4 steal from 7 [47 48)
thread idx 4 steal from 7 [55 56)
thread idx 4 steal from 7 [63 64)
thread idx 4 steal from 0 [0 1)
thread idx 4 steal from 0 [8 9)
thread idx 3 steal from 0 [16 17)
thread idx 4 steal from 0 [24 25)
thread idx 3 steal from 0 [32 33)
thread idx 4 steal from 0 [40 41)
thread idx 3 steal from 0 [48 49)
thread idx 4 steal from 0 [56 57)
thread idx 3 steal from 1 [1 2)
thread idx 4 steal from 1 [9 10)
thread idx 3 steal from 1 [17 18)
thread idx 4 steal from 1 [25 26)
thread idx 3 steal from 1 [33 34)
thread idx 4 steal from 1 [41 42)
thread idx 3 steal from 1 [49 50)
thread idx 4 steal from 1 [57 58)
thread idx 3 steal from 2 [2 3)
thread idx 4 steal from 2 [10 11)
thread idx 3 steal from 2 [18 19)
thread idx 4 steal from 2 [26 27)
thread idx 3 steal from 2 [34 35)
thread idx 4 steal from 2 [42 43)
thread idx 3 steal from 2 [50 51)
thread idx 4 steal from 2 [58 59)
thread idx 5 steal from 6 [46 47)
threadid 5 done 1 task, taskid 133, remainingTaksNum 266
thread idx 134, Get A workFromWaitingQueue, taskId64, num_total_tasks 0 deped_has_not_been_done_num 64
thread idx 5 steal from 6 [6 7)
thread idx 5 steal from 6 [14 15)
thread idx 5 steal from 6 [22 23)
thread idx 5 steal from 6 [30 31)
thread idx 5 steal from 6 [38 39)
thread idx 5 steal from 6 [46 47)
thread idx 5 steal from 6 [54 55)
thread idx 5 steal from 6 [62 63)
thread idx 5 steal from 7 [7 8)
thread idx 5 steal from 7 [15 16)
thread idx 5 steal from 7 [23 24)
thread idx 5 steal from 7 [31 32)
thread idx 6 steal from 7 [39 40)
thread idx 2 steal from 3 [3 4)
thread idx 6 steal from 7 [55 56)
thread idx 2 steal from 3 [11 12)
thread idx 6 steal from 7 [63 64)
thread idx 6 steal from 0 [48 49)
thread idx 0 steal from 1 [1 2)
thread idx 5 steal from 7 [47 48)
thread idx 0 steal from 1 [17 18)
thread idx 0 steal from 1 [25 26)
thread idx 0 steal from 1 [33 34)
thread idx 0 steal from 1 [41 42)
thread idx 0 steal from 1 [49 50)
thread idx 0 steal from 1 [57 58)
thread idx 0 steal from 3 [27 28)
thread idx 6 steal from 1 [9 10)
thread idx 0 steal from 3 [35 36)
thread idx 6 steal from 3 [43 44)
thread idx 0 steal from 3 [51 52)
thread idx 6 steal from 3 [59 60)
thread idx 0 steal from 4 [4 5)
thread idx 6 steal from 4 [12 13)
thread idx 0 steal from 4 [20 21)
thread idx 6 steal from 4 [28 29)
thread idx 0 steal from 4 [36 37)
thread idx 0 steal from 4 [44 45)
thread idx 6 steal from 4 [52 53)
thread idx 0 steal from 4 [60 61)
thread idx 2 steal from 3 [19 20)
threadid 2 done 1 task, taskid 134, remainingTaksNum 265
thread idx 135, Get A workFromWaitingQueue, taskId64, num_total_tasks 0 deped_has_not_been_done_num 64
thread idx 6 steal from 7 [7 8)
thread idx 6 steal from 7 [15 16)
thread idx 3 steal from 4 [4 5)
thread idx 3 steal from 4 [12 13)
thread idx 6 steal from 7 [23 24)
thread idx 6 steal from 7 [31 32)
thread idx 6 steal from 7 [39 40)
thread idx 6 steal from 7 [47 48)
thread idx 6 steal from 7 [55 56)
thread idx 6 steal from 7 [63 64)
thread idx 6 steal from 0 [8 9)
thread idx 6 steal from 0 [24 25)
thread idx 6 steal from 0 [48 49)
thread idx 3 steal from 4 [20 21)
thread idx 0 steal from 1 [1 2)
thread idx 3 steal from 4 [28 29)
thread idx 2 steal from 3 [3 4)
thread idx 0 steal from 1 [17 18)
thread idx 0 steal from 1 [25 26)
thread idx 6 steal from 1 [9 10)
thread idx 0 steal from 1 [33 34)
thread idx 4 steal from 5 [5 6)
thread idx 2 steal from 5 [13 14)
thread idx 2 steal from 5 [21 22)
thread idx 4 steal from 5 [29 30)
thread idx 2 steal from 5 [37 38)
thread idx 4 steal from 5 [45 46)
thread idx 2 steal from 5 [53 54)
thread idx 4 steal from 5 [61 62)
thread idx 6 steal from 1 [41 42)
thread idx 2 steal from 1 [57 58)
thread idx 0 steal from 1 [49 50)
thread idx 3 steal from 4 [36 37)
threadid 3 done 1 task, taskid 135, remainingTaksNum 264
thread idx 136, Get A workFromWaitingQueue, taskId64, num_total_tasks 0 deped_has_not_been_done_num 64
thread idx 7 steal from 0 [0 1)
thread idx 7 steal from 0 [8 9)
thread idx 7 steal from 0 [16 17)
thread idx 7 steal from 0 [24 25)
thread idx 7 steal from 0 [32 33)
thread idx 7 steal from 0 [40 41)
thread idx 7 steal from 0 [48 49)
thread idx 7 steal from 0 [56 57)
thread idx 1 steal from 2 [2 3)
thread idx 7 steal from 2 [10 11)
thread idx 1 steal from 2 [18 19)
thread idx 7 steal from 2 [26 27)
thread idx 1 steal from 2 [34 35)
thread idx 7 steal from 2 [42 43)
thread idx 1 steal from 2 [50 51)
thread idx 7 steal from 2 [58 59)
thread idx 1 steal from 3 [3 4)
thread idx 1 steal from 3 [11 12)
thread idx 1 steal from 3 [19 20)
thread idx 1 steal from 3 [27 28)
thread idx 1 steal from 3 [35 36)
thread idx 1 steal from 3 [43 44)
thread idx 1 steal from 3 [51 52)
thread idx 1 steal from 3 [59 60)
thread idx 1 steal from 4 [4 5)
thread idx 1 steal from 4 [12 13)
thread idx 1 steal from 4 [20 21)
thread idx 1 steal from 4 [28 29)
thread idx 1 steal from 4 [36 37)
thread idx 1 steal from 4 [44 45)
thread idx 1 steal from 4 [52 53)
thread idx 1 steal from 4 [60 61)
thread idx 1 steal from 5 [5 6)
thread idx 7 steal from 5 [13 14)
thread idx 2 steal from 5 [21 22)
thread idx 1 steal from 5 [37 38)
thread idx 2 steal from 5 [45 46)
thread idx 4 steal from 5 [53 54)
thread idx 2 steal from 5 [61 62)
thread idx 4 steal from 6 [6 7)
thread idx 2 steal from 6 [14 15)
thread idx 4 steal from 6 [30 31)
thread idx 7 steal from 5 [29 30)
thread idx 4 steal from 6 [38 39)
thread idx 4 steal from 6 [46 47)
thread idx 7 steal from 6 [54 55)
thread idx 4 steal from 6 [62 63)
thread idx 1 steal from 6 [22 23)
threadid 1 done 1 task, taskid 136, remainingTaksNum 263
thread idx 137, Get A workFromWaitingQueue, taskId64, num_total_tasks 0 deped_has_not_been_done_num 64
thread idx 1 steal from 2 [2 3)
thread idx 1 steal from 2 [10 11)
thread idx 1 steal from 2 [18 19)
thread idx 1 steal from 2 [26 27)
thread idx 1 steal from 2 [34 35)
thread idx 1 steal from 2 [42 43)
thread idx 1 steal from 2 [50 51)
thread idx 1 steal from 2 [58 59)
thread idx 1 steal from 3 [3 4)
thread idx 1 steal from 3 [11 12)
thread idx 1 steal from 3 [19 20)
thread idx 1 steal from 3 [27 28)
thread idx 1 steal from 3 [35 36)
thread idx 1 steal from 3 [43 44)
thread idx 1 steal from 3 [51 52)
thread idx 1 steal from 3 [59 60)
thread idx 1 steal from 4 [4 5)
thread idx 1 steal from 4 [12 13)
thread idx 1 steal from 4 [20 21)
thread idx 1 steal from 4 [28 29)
thread idx 1 steal from 4 [36 37)
thread idx 1 steal from 4 [44 45)
thread idx 2 steal from 4 [52 53)
thread idx 2 steal from 5 [5 6)
thread idx 1 steal from 4 [60 61)
thread idx 2 steal from 5 [13 14)
thread idx 1 steal from 5 [21 22)
thread idx 2 steal from 5 [29 30)
thread idx 1 steal from 5 [37 38)
thread idx 2 steal from 5 [45 46)
thread idx 1 steal from 5 [53 54)
thread idx 2 steal from 5 [61 62)
thread idx 3 steal from 6 [6 7)
thread idx 6 steal from 7 [7 8)
thread idx 6 steal from 7 [15 16)
thread idx 6 steal from 7 [23 24)
thread idx 6 steal from 7 [31 32)
thread idx 6 steal from 7 [39 40)
thread idx 6 steal from 7 [47 48)
thread idx 6 steal from 7 [55 56)
thread idx 6 steal from 7 [63 64)
thread idx 6 steal from 0 [0 1)
thread idx 6 steal from 0 [8 9)
thread idx 6 steal from 0 [16 17)
thread idx 6 steal from 0 [24 25)
thread idx 6 steal from 0 [32 33)
thread idx 6 steal from 0 [40 41)
thread idx 6 steal from 0 [48 49)
thread idx 6 steal from 0 [56 57)
thread idx 1 steal from 6 [14 15)
thread idx 2 steal from 6 [22 23)
threadid 2 done 1 task, taskid 137, remainingTaksNum 262
thread idx 138, Get A workFromWaitingQueue, taskId64, num_total_tasks 0 deped_has_not_been_done_num 64
thread idx 4 steal from 5 [5 6)
thread idx 4 steal from 5 [13 14)
thread idx 4 steal from 5 [21 22)
thread idx 4 steal from 5 [29 30)
thread idx 4 steal from 5 [37 38)
thread idx 4 steal from 5 [45 46)
thread idx 4 steal from 5 [53 54)
thread idx 4 steal from 5 [61 62)
thread idx 3 steal from 6 [6 7)
thread idx 4 steal from 6 [22 23)
thread idx 3 steal from 6 [30 31)
thread idx 4 steal from 6 [46 47)
thread idx 3 steal from 6 [62 63)
thread idx 4 steal from 7 [7 8)
thread idx 6 steal from 7 [15 16)
thread idx 4 steal from 7 [31 32)
thread idx 4 steal from 7 [39 40)
thread idx 4 steal from 7 [47 48)
thread idx 4 steal from 7 [55 56)
thread idx 6 steal from 7 [63 64)
thread idx 3 steal from 7 [23 24)
thread idx 6 steal from 0 [8 9)
thread idx 4 steal from 0 [0 1)
thread idx 3 steal from 0 [16 17)
thread idx 6 steal from 0 [24 25)
thread idx 4 steal from 0 [32 33)
thread idx 3 steal from 0 [40 41)
thread idx 5 steal from 0 [48 49)
thread idx 3 steal from 1 [9 10)
thread idx 3 steal from 1 [17 18)
thread idx 3 steal from 1 [25 26)
thread idx 3 steal from 1 [33 34)
thread idx 5 steal from 1 [41 42)
thread idx 3 steal from 1 [49 50)
thread idx 5 steal from 1 [57 58)
thread idx 3 steal from 2 [2 3)
thread idx 5 steal from 2 [10 11)
thread idx 6 steal from 0 [56 57)
thread idx 5 steal from 2 [18 19)
thread idx 3 steal from 2 [26 27)
thread idx 6 steal from 2 [34 35)
thread idx 5 steal from 2 [42 43)
thread idx 3 steal from 2 [50 51)
thread idx 6 steal from 2 [58 59)
thread idx 4 steal from 1 [1 2)
threadid 4 done 1 task, taskid 138, remainingTaksNum 261
thread idx 139, Get A workFromWaitingQueue, taskId64, num_total_tasks 0 deped_has_not_been_done_num 64
thread idx 3 steal from 4 [4 5)
thread idx 3 steal from 4 [12 13)
thread idx 3 steal from 4 [20 21)
thread idx 3 steal from 4 [28 29)
thread idx 3 steal from 4 [36 37)
thread idx 3 steal from 4 [44 45)
thread idx 6 steal from 7 [7 8)
thread idx 3 steal from 4 [52 53)
thread idx 6 steal from 7 [15 16)
thread idx 3 steal from 4 [60 61)
thread idx 6 steal from 7 [23 24)
thread idx 3 steal from 5 [5 6)
thread idx 3 steal from 5 [13 14)
thread idx 3 steal from 5 [21 22)
thread idx 0 steal from 1 [1 2)
thread idx 3 steal from 5 [29 30)
thread idx 0 steal from 1 [9 10)
thread idx 6 steal from 7 [31 32)
thread idx 3 steal from 5 [37 38)
thread idx 0 steal from 1 [17 18)
thread idx 3 steal from 5 [45 46)
thread idx 3 steal from 5 [53 54)
thread idx 3 steal from 5 [61 62)
thread idx 0 steal from 1 [25 26)
thread idx 3 steal from 7 [47 48)
thread idx 0 steal from 1 [33 34)
thread idx 3 steal from 7 [55 56)
thread idx 0 steal from 1 [41 42)
thread idx 3 steal from 7 [63 64)
thread idx 6 steal from 7 [39 40)
thread idx 0 steal from 1 [49 50)
thread idx 3 steal from 1 [57 58)
thread idx 6 steal from 2 [2 3)
thread idx 0 steal from 2 [10 11)
thread idx 3 steal from 2 [18 19)
thread idx 0 steal from 2 [26 27)
thread idx 3 steal from 2 [34 35)
thread idx 0 steal from 2 [42 43)
thread idx 3 steal from 2 [50 51)
thread idx 6 steal from 2 [58 59)
threadid 6 done 1 task, taskid 139, remainingTaksNum 260
thread idx 140, Get A workFromWaitingQueue, taskId64, num_total_tasks 0 deped_has_not_been_done_num 64
thread idx 4 steal from 5 [5 6)
thread idx 4 steal from 5 [13 14)
thread idx 4 steal from 5 [21 22)
thread idx 4 steal from 5 [29 30)
thread idx 2 steal from 3 [3 4)
thread idx 2 steal from 3 [11 12)
thread idx 4 steal from 5 [37 38)
thread idx 2 steal from 3 [19 20)
thread idx 2 steal from 3 [27 28)
thread idx 2 steal from 3 [35 36)
thread idx 2 steal from 3 [43 44)
thread idx 2 steal from 3 [51 52)
thread idx 2 steal from 3 [59 60)
thread idx 2 steal from 5 [45 46)
thread idx 2 steal from 5 [53 54)
thread idx 2 steal from 5 [61 62)
thread idx 2 steal from 6 [6 7)
thread idx 0 steal from 1 [1 2)
thread idx 2 steal from 6 [14 15)
thread idx 3 steal from 6 [22 23)
thread idx 0 steal from 1 [17 18)
thread idx 2 steal from 6 [30 31)
thread idx 0 steal from 1 [25 26)
thread idx 3 steal from 6 [38 39)
thread idx 0 steal from 1 [33 34)
thread idx 2 steal from 6 [46 47)
thread idx 3 steal from 6 [54 55)
thread idx 0 steal from 1 [41 42)
thread idx 2 steal from 6 [62 63)
thread idx 3 steal from 1 [49 50)
thread idx 0 steal from 1 [57 58)
thread idx 7 steal from 1 [9 10)
threadid 7 done 1 task, taskid 140, remainingTaksNum 259
thread idx 141, Get A workFromWaitingQueue, taskId64, num_total_tasks 0 deped_has_not_been_done_num 64
thread idx 2 steal from 3 [3 4)
thread idx 2 steal from 3 [11 12)
thread idx 2 steal from 3 [19 20)
thread idx 2 steal from 3 [27 28)
thread idx 2 steal from 3 [35 36)
thread idx 2 steal from 3 [43 44)
thread idx 2 steal from 3 [51 52)
thread idx 2 steal from 3 [59 60)
thread idx 2 steal from 4 [4 5)
thread idx 2 steal from 4 [12 13)
thread idx 2 steal from 4 [20 21)
thread idx 2 steal from 4 [28 29)
thread idx 2 steal from 4 [36 37)
thread idx 2 steal from 4 [44 45)
thread idx 2 steal from 4 [52 53)
thread idx 2 steal from 4 [60 61)
thread idx 2 steal from 5 [5 6)
thread idx 2 steal from 5 [13 14)
thread idx 2 steal from 5 [21 22)
thread idx 2 steal from 5 [29 30)
thread idx 2 steal from 5 [37 38)
thread idx 2 steal from 5 [45 46)
thread idx 2 steal from 5 [53 54)
thread idx 2 steal from 5 [61 62)
thread idx 2 steal from 6 [6 7)
thread idx 2 steal from 6 [14 15)
thread idx 5 steal from 6 [22 23)
thread idx 5 steal from 6 [38 39)
thread idx 2 steal from 6 [30 31)
thread idx 5 steal from 6 [46 47)
thread idx 2 steal from 6 [54 55)
thread idx 5 steal from 6 [62 63)
thread idx 2 steal from 7 [7 8)
thread idx 5 steal from 7 [15 16)
thread idx 2 steal from 7 [23 24)
thread idx 2 steal from 7 [31 32)
thread idx 5 steal from 7 [39 40)
thread idx 2 steal from 7 [47 48)
thread idx 5 steal from 7 [55 56)
thread idx 2 steal from 7 [63 64)
thread idx 2 steal from 0 [0 1)
thread idx 5 steal from 0 [8 9)
thread idx 2 steal from 0 [16 17)
thread idx 5 steal from 0 [24 25)
thread idx 2 steal from 0 [32 33)
thread idx 2 steal from 0 [40 41)
thread idx 5 steal from 0 [48 49)
thread idx 2 steal from 0 [56 57)
thread idx 3 steal from 1 [1 2)
thread idx 4 steal from 1 [9 10)
thread idx 3 steal from 1 [33 34)
thread idx 2 steal from 1 [25 26)
thread idx 3 steal from 1 [41 42)
thread idx 2 steal from 1 [49 50)
thread idx 3 steal from 1 [57 58)
thread idx 5 steal from 1 [17 18)
threadid 5 done 1 task, taskid 141, remainingTaksNum 258
thread idx 142, Get A workFromWaitingQueue, taskId64, num_total_tasks 0 deped_has_not_been_done_num 64
thread idx 4 steal from 5 [5 6)
thread idx 4 steal from 5 [13 14)
thread idx 4 steal from 5 [21 22)
thread idx 4 steal from 5 [29 30)
thread idx 4 steal from 5 [37 38)
thread idx 4 steal from 5 [45 46)
thread idx 4 steal from 5 [53 54)
thread idx 0 steal from 1 [1 2)
thread idx 4 steal from 5 [61 62)
thread idx 0 steal from 1 [9 10)
thread idx 4 steal from 6 [6 7)
thread idx 0 steal from 1 [17 18)
thread idx 4 steal from 6 [14 15)
thread idx 4 steal from 6 [22 23)
thread idx 0 steal from 1 [25 26)
thread idx 4 steal from 6 [30 31)
thread idx 0 steal from 1 [33 34)
thread idx 0 steal from 1 [41 42)
thread idx 0 steal from 1 [49 50)
thread idx 0 steal from 2 [2 3)
thread idx 1 steal from 2 [10 11)
thread idx 0 steal from 2 [18 19)
thread idx 1 steal from 2 [26 27)
thread idx 0 steal from 2 [34 35)
thread idx 1 steal from 2 [42 43)
thread idx 0 steal from 2 [50 51)
thread idx 1 steal from 2 [58 59)
thread idx 0 steal from 3 [3 4)
thread idx 2 steal from 3 [19 20)
thread idx 2 steal from 3 [27 28)
thread idx 2 steal from 3 [35 36)
thread idx 2 steal from 3 [43 44)
thread idx 2 steal from 3 [51 52)
thread idx 2 steal from 3 [59 60)
thread idx 2 steal from 7 [15 16)
thread idx 2 steal from 7 [23 24)
thread idx 2 steal from 7 [31 32)
thread idx 0 steal from 7 [39 40)
thread idx 2 steal from 7 [47 48)
thread idx 0 steal from 7 [55 56)
thread idx 2 steal from 7 [63 64)
thread idx 1 steal from 3 [11 12)
thread idx 4 steal from 6 [38 39)
thread idx 6 steal from 7 [7 8)
threadid 6 done 1 task, taskid 142, remainingTaksNum 257
thread idx 143, Get A workFromWaitingQueue, taskId64, num_total_tasks 0 deped_has_not_been_done_num 64
thread idx 6 steal from 7 [7 8)
thread idx 6 steal from 7 [15 16)
thread idx 6 steal from 7 [23 24)
thread idx 6 steal from 7 [31 32)
thread idx 6 steal from 7 [39 40)
thread idx 6 steal from 7 [47 48)
thread idx 6 steal from 7 [55 56)
thread idx 6 steal from 7 [63 64)
thread idx 6 steal from 0 [0 1)
thread idx 6 steal from 0 [8 9)
thread idx 6 steal from 0 [16 17)
thread idx 6 steal from 0 [24 25)
thread idx 6 steal from 0 [32 33)
thread idx 6 steal from 0 [40 41)
thread idx 6 steal from 0 [48 49)
thread idx 6 steal from 0 [56 57)
thread idx 6 steal from 1 [1 2)
thread idx 6 steal from 1 [9 10)
thread idx 6 steal from 1 [17 18)
thread idx 6 steal from 1 [25 26)
thread idx 5 steal from 1 [33 34)
thread idx 5 steal from 1 [49 50)
thread idx 5 steal from 1 [57 58)
thread idx 5 steal from 2 [2 3)
thread idx 5 steal from 2 [10 11)
thread idx 6 steal from 1 [41 42)
thread idx 5 steal from 2 [18 19)
thread idx 6 steal from 2 [26 27)
thread idx 5 steal from 2 [34 35)
thread idx 6 steal from 2 [42 43)
thread idx 5 steal from 2 [50 51)
thread idx 6 steal from 2 [58 59)
thread idx 5 steal from 3 [3 4)
thread idx 6 steal from 3 [11 12)
thread idx 5 steal from 3 [19 20)
thread idx 6 steal from 3 [27 28)
thread idx 5 steal from 3 [35 36)
thread idx 6 steal from 3 [43 44)
thread idx 5 steal from 3 [51 52)
thread idx 5 steal from 4 [4 5)
thread idx 5 steal from 4 [12 13)
thread idx 5 steal from 4 [20 21)
thread idx 5 steal from 4 [28 29)
thread idx 5 steal from 4 [36 37)
thread idx 5 steal from 4 [44 45)
thread idx 5 steal from 4 [52 53)
thread idx 5 steal from 4 [60 61)
thread idx 6 steal from 3 [59 60)
threadid 6 done 1 task, taskid 143, remainingTaksNum 256
thread idx 144, Get A workFromWaitingQueue, taskId64, num_total_tasks 0 deped_has_not_been_done_num 64
thread idx 3 steal from 4 [4 5)
thread idx 3 steal from 4 [12 13)
thread idx 3 steal from 4 [20 21)
thread idx 3 steal from 4 [28 29)
thread idx 3 steal from 4 [36 37)
thread idx 3 steal from 4 [44 45)
thread idx 3 steal from 4 [52 53)
thread idx 3 steal from 4 [60 61)
thread idx 3 steal from 5 [13 14)
thread idx 3 steal from 5 [29 30)
thread idx 3 steal from 5 [53 54)
thread idx 3 steal from 6 [6 7)
thread idx 5 steal from 6 [14 15)
thread idx 3 steal from 6 [22 23)
thread idx 5 steal from 6 [30 31)
thread idx 3 steal from 6 [38 39)
thread idx 5 steal from 6 [46 47)
thread idx 3 steal from 6 [54 55)
thread idx 5 steal from 6 [62 63)
thread idx 3 steal from 7 [7 8)
thread idx 5 steal from 7 [15 16)
thread idx 3 steal from 7 [23 24)
thread idx 5 steal from 7 [31 32)
thread idx 3 steal from 7 [39 40)
thread idx 5 steal from 7 [47 48)
thread idx 3 steal from 7 [55 56)
thread idx 5 steal from 7 [63 64)
thread idx 3 steal from 0 [0 1)
thread idx 5 steal from 0 [8 9)
thread idx 3 steal from 0 [16 17)
thread idx 5 steal from 0 [24 25)
thread idx 3 steal from 0 [32 33)
thread idx 5 steal from 0 [40 41)
thread idx 3 steal from 0 [48 49)
thread idx 5 steal from 0 [56 57)
thread idx 3 steal from 1 [1 2)
thread idx 5 steal from 1 [9 10)
thread idx 3 steal from 1 [17 18)
thread idx 5 steal from 1 [25 26)
thread idx 3 steal from 1 [33 34)
thread idx 5 steal from 1 [41 42)
thread idx 3 steal from 1 [49 50)
thread idx 5 steal from 1 [57 58)
thread idx 3 steal from 2 [2 3)
thread idx 5 steal from 2 [10 11)
thread idx 3 steal from 2 [18 19)
thread idx 5 steal from 2 [26 27)
thread idx 5 steal from 2 [42 43)
thread idx 5 steal from 2 [58 59)
thread idx 3 steal from 2 [34 35)
thread idx 1 steal from 2 [50 51)
threadid 1 done 1 task, taskid 144, remainingTaksNum 255
thread idx 145, Get A workFromWaitingQueue, taskId64, num_total_tasks 0 deped_has_not_been_done_num 64
thread idx 0 steal from 1 [1 2)
thread idx 0 steal from 1 [9 10)
thread idx 0 steal from 1 [17 18)
thread idx 0 steal from 1 [25 26)
thread idx 0 steal from 1 [33 34)
thread idx 0 steal from 1 [41 42)
thread idx 0 steal from 1 [49 50)
thread idx 0 steal from 1 [57 58)
thread idx 0 steal from 2 [2 3)
thread idx 0 steal from 2 [10 11)
thread idx 4 steal from 5 [5 6)
thread idx 0 steal from 2 [18 19)
thread idx 4 steal from 5 [13 14)
thread idx 0 steal from 2 [26 27)
thread idx 4 steal from 5 [21 22)
thread idx 0 steal from 2 [34 35)
thread idx 4 steal from 5 [29 30)
thread idx 0 steal from 2 [42 43)
thread idx 4 steal from 5 [37 38)
thread idx 0 steal from 2 [50 51)
thread idx 4 steal from 5 [45 46)
thread idx 0 steal from 2 [58 59)
thread idx 4 steal from 5 [53 54)
thread idx 0 steal from 3 [3 4)
thread idx 4 steal from 5 [61 62)
thread idx 0 steal from 3 [11 12)
thread idx 4 steal from 6 [6 7)
thread idx 0 steal from 3 [19 20)
thread idx 4 steal from 6 [14 15)
thread idx 0 steal from 3 [27 28)
thread idx 4 steal from 6 [22 23)
thread idx 0 steal from 3 [35 36)
thread idx 4 steal from 6 [30 31)
thread idx 4 steal from 6 [38 39)
thread idx 7 steal from 3 [43 44)
thread idx 0 steal from 3 [51 52)
thread idx 0 steal from 3 [59 60)
thread idx 0 steal from 6 [54 55)
thread idx 2 steal from 6 [62 63)
thread idx 4 steal from 6 [46 47)
threadid 4 done 1 task, taskid 145, remainingTaksNum 254
thread idx 146, Get A workFromWaitingQueue, taskId64, num_total_tasks 0 deped_has_not_been_done_num 64
thread idx 7 steal from 0 [0 1)
thread idx 7 steal from 0 [8 9)
thread idx 7 steal from 0 [16 17)
thread idx 7 steal from 0 [24 25)
thread idx 7 steal from 0 [32 33)
thread idx 7 steal from 0 [40 41)
thread idx 7 steal from 0 [48 49)
thread idx 7 steal from 0 [56 57)
thread idx 7 steal from 1 [1 2)
thread idx 7 steal from 1 [9 10)
thread idx 7 steal from 1 [17 18)
thread idx 7 steal from 1 [25 26)
thread idx 7 steal from 1 [33 34)
thread idx 7 steal from 1 [41 42)
thread idx 7 steal from 1 [49 50)
thread idx 7 steal from 1 [57 58)
thread idx 7 steal from 2 [2 3)
thread idx 7 steal from 2 [10 11)
thread idx 7 steal from 2 [18 19)
thread idx 7 steal from 2 [26 27)
thread idx 7 steal from 2 [34 35)
thread idx 7 steal from 2 [42 43)
thread idx 7 steal from 2 [50 51)
thread idx 7 steal from 2 [58 59)
thread idx 7 steal from 3 [3 4)
thread idx 7 steal from 3 [11 12)
thread idx 7 steal from 3 [19 20)
thread idx 1 steal from 3 [27 28)
thread idx 7 steal from 3 [35 36)
thread idx 1 steal from 3 [43 44)
thread idx 7 steal from 3 [51 52)
thread idx 1 steal from 3 [59 60)
thread idx 7 steal from 4 [4 5)
thread idx 1 steal from 4 [12 13)
thread idx 7 steal from 4 [20 21)
thread idx 1 steal from 4 [28 29)
thread idx 7 steal from 4 [36 37)
thread idx 1 steal from 4 [44 45)
thread idx 7 steal from 4 [52 53)
thread idx 1 steal from 4 [60 61)
thread idx 7 steal from 5 [5 6)
thread idx 1 steal from 5 [13 14)
thread idx 7 steal from 5 [21 22)
thread idx 1 steal from 5 [29 30)
thread idx 7 steal from 5 [37 38)
thread idx 1 steal from 5 [45 46)
thread idx 7 steal from 5 [53 54)
thread idx 1 steal from 5 [61 62)
thread idx 7 steal from 6 [6 7)
thread idx 1 steal from 6 [14 15)
thread idx 7 steal from 6 [22 23)
thread idx 1 steal from 6 [30 31)
thread idx 7 steal from 6 [38 39)
thread idx 1 steal from 6 [46 47)
thread idx 7 steal from 6 [54 55)
thread idx 5 steal from 6 [62 63)
threadid 5 done 1 task, taskid 146, remainingTaksNum 253
thread idx 1 steal from 0 [0 1)
thread idx 6 steal from 7 [7 8)
thread idx 6 steal from 7 [15 16)
thread idx 6 steal from 7 [23 24)
thread idx 6 steal from 7 [31 32)
thread idx 6 steal from 7 [39 40)
thread idx 6 steal from 7 [47 48)
thread idx 6 steal from 7 [55 56)
thread idx 6 steal from 7 [63 64)
thread idx 6 steal from 0 [8 9)
thread idx 6 steal from 0 [16 17)
thread idx 6 steal from 0 [24 25)
thread idx 6 steal from 0 [32 33)
thread idx 6 steal from 0 [40 41)
thread idx 6 steal from 0 [48 49)
thread idx 6 steal from 0 [56 57)
thread idx 6 steal from 2 [10 11)
thread idx 6 steal from 2 [18 19)
thread idx 6 steal from 2 [26 27)
thread idx 147, Get A workFromWaitingQueue, taskId64, num_total_tasks 0 deped_has_not_been_done_num 46
thread idx 1 steal from 2 [2 3)
thread idx 0 steal from 2 [42 43)
thread idx 0 steal from 2 [50 51)
thread idx 0 steal from 2 [58 59)
thread idx 0 steal from 3 [3 4)
thread idx 0 steal from 3 [11 12)
thread idx 0 steal from 3 [19 20)
thread idx 0 steal from 3 [27 28)
thread idx 0 steal from 3 [35 36)
thread idx 0 steal from 3 [43 44)
thread idx 0 steal from 3 [51 52)
thread idx 0 steal from 3 [59 60)
thread idx 0 steal from 4 [4 5)
thread idx 0 steal from 4 [12 13)
thread idx 0 steal from 4 [20 21)
thread idx 1 steal from 4 [28 29)
thread idx 0 steal from 4 [36 37)
thread idx 1 steal from 4 [44 45)
thread idx 0 steal from 4 [52 53)
thread idx 1 steal from 4 [60 61)
thread idx 0 steal from 5 [5 6)
thread idx 1 steal from 5 [13 14)
thread idx 0 steal from 5 [21 22)
thread idx 0 steal from 5 [29 30)
thread idx 1 steal from 5 [37 38)
thread idx 0 steal from 5 [45 46)
thread idx 1 steal from 5 [53 54)
thread idx 0 steal from 5 [61 62)
thread idx 6 steal from 2 [34 35)
threadid 6 done 1 task, taskid 147, remainingTaksNum 252
thread idx 148, Get A workFromWaitingQueue, taskId64, num_total_tasks 0 deped_has_not_been_done_num 64
thread idx 4 steal from 5 [5 6)
thread idx 6 steal from 7 [7 8)
thread idx 4 steal from 5 [13 14)
thread idx 6 steal from 7 [15 16)
thread idx 4 steal from 5 [21 22)
thread idx 6 steal from 7 [23 24)
thread idx 4 steal from 5 [29 30)
thread idx 6 steal from 7 [31 32)
thread idx 4 steal from 5 [37 38)
thread idx 6 steal from 7 [39 40)
thread idx 4 steal from 5 [45 46)
thread idx 6 steal from 7 [47 48)
thread idx 4 steal from 5 [53 54)
thread idx 6 steal from 7 [55 56)
thread idx 4 steal from 5 [61 62)
thread idx 6 steal from 7 [63 64)
thread idx 4 steal from 0 [0 1)
thread idx 6 steal from 0 [8 9)
thread idx 4 steal from 0 [16 17)
thread idx 6 steal from 0 [24 25)
thread idx 4 steal from 0 [32 33)
thread idx 6 steal from 0 [40 41)
thread idx 4 steal from 0 [48 49)
thread idx 6 steal from 0 [56 57)
thread idx 4 steal from 1 [1 2)
thread idx 6 steal from 1 [9 10)
thread idx 4 steal from 1 [17 18)
thread idx 6 steal from 1 [25 26)
thread idx 4 steal from 1 [33 34)
thread idx 6 steal from 1 [41 42)
thread idx 4 steal from 1 [49 50)
thread idx 6 steal from 1 [57 58)
thread idx 4 steal from 2 [2 3)
thread idx 6 steal from 2 [10 11)
thread idx 4 steal from 2 [18 19)
thread idx 4 steal from 2 [26 27)
thread idx 6 steal from 2 [34 35)
thread idx 4 steal from 2 [42 43)
thread idx 6 steal from 2 [50 51)
thread idx 4 steal from 2 [58 59)
thread idx 6 steal from 3 [3 4)
thread idx 4 steal from 3 [11 12)
thread idx 6 steal from 3 [19 20)
thread idx 4 steal from 3 [27 28)
thread idx 4 steal from 3 [35 36)
thread idx 4 steal from 3 [51 52)
threadid 6 done 1 task, taskid 148, remainingTaksNum 251
thread idx 149, Get A workFromWaitingQueue, taskId64, num_total_tasks 0 deped_has_not_been_done_num 64
thread idx 4 steal from 5 [13 14)
thread idx 4 steal from 5 [37 38)
thread idx 4 steal from 5 [53 54)
thread idx 5 steal from 6 [6 7)
thread idx 5 steal from 6 [22 23)
thread idx 5 steal from 6 [30 31)
thread idx 4 steal from 6 [14 15)
thread idx 5 steal from 6 [38 39)
thread idx 4 steal from 6 [46 47)
thread idx 5 steal from 6 [54 55)
thread idx 4 steal from 6 [62 63)
thread idx 5 steal from 7 [7 8)
thread idx 4 steal from 7 [15 16)
thread idx 5 steal from 7 [23 24)
thread idx 4 steal from 7 [31 32)
thread idx 5 steal from 7 [39 40)
thread idx 4 steal from 7 [47 48)
thread idx 5 steal from 7 [55 56)
thread idx 4 steal from 7 [63 64)
thread idx 5 steal from 0 [0 1)
thread idx 4 steal from 0 [8 9)
thread idx 5 steal from 0 [16 17)
thread idx 4 steal from 0 [24 25)
thread idx 5 steal from 0 [32 33)
thread idx 4 steal from 0 [40 41)
thread idx 5 steal from 0 [48 49)
thread idx 4 steal from 0 [56 57)
thread idx 4 steal from 1 [9 10)
thread idx 4 steal from 1 [17 18)
thread idx 4 steal from 1 [25 26)
thread idx 5 steal from 1 [1 2)
thread idx 0 steal from 1 [41 42)
thread idx 0 steal from 1 [49 50)
thread idx 0 steal from 1 [57 58)
thread idx 5 steal from 3 [11 12)
thread idx 0 steal from 3 [19 20)
thread idx 0 steal from 3 [27 28)
thread idx 0 steal from 3 [35 36)
thread idx 0 steal from 3 [43 44)
thread idx 0 steal from 3 [51 52)
thread idx 0 steal from 3 [59 60)
thread idx 2 steal from 3 [3 4)
thread idx 4 steal from 1 [33 34)
threadid 4 done 1 task, taskid 149, remainingTaksNum 250
thread idx 150, Get A workFromWaitingQueue, taskId64, num_total_tasks 0 deped_has_not_been_done_num 64
thread idx 4 steal from 5 [5 6)
thread idx 4 steal from 5 [13 14)
thread idx 4 steal from 5 [21 22)
thread idx 4 steal from 5 [29 30)
thread idx 4 steal from 5 [37 38)
thread idx 4 steal from 5 [45 46)
thread idx 4 steal from 5 [53 54)
thread idx 4 steal from 5 [61 62)
thread idx 4 steal from 6 [6 7)
thread idx 4 steal from 6 [14 15)
thread idx 4 steal from 6 [22 23)
thread idx 4 steal from 6 [30 31)
thread idx 4 steal from 6 [38 39)
thread idx 4 steal from 6 [46 47)
thread idx 4 steal from 6 [54 55)
thread idx 4 steal from 6 [62 63)
thread idx 4 steal from 7 [7 8)
thread idx 4 steal from 7 [15 16)
thread idx 4 steal from 7 [23 24)
thread idx 4 steal from 7 [31 32)
thread idx 4 steal from 7 [39 40)
thread idx 4 steal from 7 [47 48)
thread idx 4 steal from 7 [55 56)
thread idx 4 steal from 7 [63 64)
thread idx 4 steal from 0 [0 1)
thread idx 4 steal from 0 [8 9)
thread idx 4 steal from 0 [16 17)
thread idx 4 steal from 0 [24 25)
thread idx 4 steal from 0 [32 33)
thread idx 4 steal from 0 [40 41)
thread idx 4 steal from 0 [48 49)
thread idx 4 steal from 0 [56 57)
thread idx 4 steal from 1 [1 2)
thread idx 7 steal from 1 [9 10)
thread idx 4 steal from 1 [17 18)
thread idx 4 steal from 1 [25 26)
thread idx 7 steal from 1 [33 34)
thread idx 4 steal from 1 [41 42)
thread idx 7 steal from 1 [49 50)
thread idx 4 steal from 1 [57 58)
thread idx 4 steal from 2 [2 3)
thread idx 7 steal from 2 [10 11)
thread idx 6 steal from 2 [18 19)
thread idx 7 steal from 2 [34 35)
thread idx 7 steal from 2 [42 43)
thread idx 7 steal from 2 [50 51)
thread idx 6 steal from 2 [58 59)
thread idx 7 steal from 3 [3 4)
thread idx 4 steal from 2 [26 27)
thread idx 7 steal from 3 [19 20)
thread idx 7 steal from 3 [27 28)
thread idx 7 steal from 3 [35 36)
thread idx 7 steal from 3 [43 44)
thread idx 4 steal from 3 [51 52)
thread idx 7 steal from 3 [59 60)
thread idx 6 steal from 3 [11 12)
threadid 6 done 1 task, taskid 150, remainingTaksNum 249
thread idx 151, Get A workFromWaitingQueue, taskId64, num_total_tasks 0 deped_has_not_been_done_num 64
thread idx 1 steal from 2 [2 3)
thread idx 6 steal from 7 [7 8)
thread idx 1 steal from 2 [10 11)
thread idx 6 steal from 7 [15 16)
thread idx 1 steal from 2 [18 19)
thread idx 6 steal from 7 [23 24)
thread idx 1 steal from 2 [26 27)
thread idx 6 steal from 7 [31 32)
thread idx 1 steal from 2 [34 35)
thread idx 1 steal from 2 [42 43)
thread idx 6 steal from 7 [39 40)
thread idx 1 steal from 2 [50 51)
thread idx 1 steal from 2 [58 59)
thread idx 6 steal from 7 [47 48)
thread idx 1 steal from 3 [3 4)
thread idx 6 steal from 7 [55 56)
thread idx 1 steal from 3 [11 12)
thread idx 6 steal from 7 [63 64)
thread idx 6 steal from 0 [0 1)
thread idx 1 steal from 3 [19 20)
thread idx 6 steal from 0 [8 9)
thread idx 1 steal from 3 [27 28)
thread idx 1 steal from 3 [35 36)
thread idx 6 steal from 0 [16 17)
thread idx 1 steal from 3 [43 44)
thread idx 6 steal from 0 [24 25)
thread idx 1 steal from 3 [51 52)
thread idx 6 steal from 0 [32 33)
thread idx 1 steal from 3 [59 60)
thread idx 6 steal from 0 [40 41)
thread idx 1 steal from 4 [4 5)
thread idx 6 steal from 0 [48 49)
thread idx 1 steal from 4 [12 13)
thread idx 6 steal from 0 [56 57)
thread idx 1 steal from 4 [20 21)
thread idx 6 steal from 4 [28 29)
thread idx 1 steal from 4 [36 37)
thread idx 6 steal from 4 [44 45)
thread idx 1 steal from 4 [52 53)
thread idx 6 steal from 4 [60 61)
thread idx 6 steal from 5 [13 14)
thread idx 6 steal from 5 [21 22)
thread idx 6 steal from 5 [29 30)
thread idx 6 steal from 5 [37 38)
thread idx 6 steal from 5 [45 46)
thread idx 6 steal from 5 [53 54)
thread idx 6 steal from 5 [61 62)
thread idx 1 steal from 5 [5 6)
threadid 1 done 1 task, taskid 151, remainingTaksNum 248
thread idx 152, Get A workFromWaitingQueue, taskId64, num_total_tasks 0 deped_has_not_been_done_num 64
thread idx 6 steal from 7 [7 8)
thread idx 6 steal from 7 [15 16)
thread idx 6 steal from 7 [23 24)
thread idx 6 steal from 7 [31 32)
thread idx 6 steal from 7 [39 40)
thread idx 6 steal from 7 [47 48)
thread idx 6 steal from 7 [55 56)
thread idx 6 steal from 7 [63 64)
thread idx 6 steal from 0 [0 1)
thread idx 6 steal from 0 [8 9)
thread idx 6 steal from 0 [16 17)
thread idx 6 steal from 0 [24 25)
thread idx 6 steal from 0 [32 33)
thread idx 6 steal from 0 [40 41)
thread idx 6 steal from 0 [48 49)
thread idx 6 steal from 0 [56 57)
thread idx 5 steal from 1 [1 2)
thread idx 6 steal from 1 [9 10)
thread idx 5 steal from 1 [17 18)
thread idx 6 steal from 1 [25 26)
thread idx 5 steal from 1 [33 34)
thread idx 6 steal from 1 [41 42)
thread idx 3 steal from 4 [4 5)
thread idx 5 steal from 1 [49 50)
thread idx 6 steal from 1 [57 58)
thread idx 3 steal from 4 [12 13)
thread idx 6 steal from 2 [2 3)
thread idx 5 steal from 2 [10 11)
thread idx 3 steal from 4 [20 21)
thread idx 6 steal from 2 [18 19)
thread idx 5 steal from 2 [26 27)
thread idx 3 steal from 4 [28 29)
thread idx 5 steal from 2 [34 35)
thread idx 6 steal from 2 [42 43)
thread idx 5 steal from 2 [50 51)
thread idx 5 steal from 2 [58 59)
thread idx 5 steal from 4 [44 45)
thread idx 5 steal from 4 [52 53)
thread idx 5 steal from 4 [60 61)
thread idx 3 steal from 4 [36 37)
threadid 3 done 1 task, taskid 152, remainingTaksNum 247
thread idx 153, Get A workFromWaitingQueue, taskId64, num_total_tasks 0 deped_has_not_been_done_num 63
thread idx 4 steal from 5 [5 6)
thread idx 4 steal from 5 [13 14)
thread idx 4 steal from 5 [21 22)
thread idx 4 steal from 5 [29 30)
thread idx 4 steal from 5 [37 38)
thread idx 4 steal from 5 [45 46)
thread idx 4 steal from 5 [53 54)
thread idx 4 steal from 5 [61 62)
thread idx 4 steal from 6 [6 7)
thread idx 4 steal from 6 [14 15)
thread idx 4 steal from 6 [22 23)
thread idx 4 steal from 6 [30 31)
thread idx 4 steal from 6 [38 39)
thread idx 4 steal from 6 [46 47)
thread idx 0 steal from 1 [1 2)
thread idx 4 steal from 6 [54 55)
thread idx 0 steal from 1 [9 10)
thread idx 4 steal from 6 [62 63)
thread idx 0 steal from 1 [17 18)
thread idx 4 steal from 7 [7 8)
thread idx 0 steal from 1 [25 26)
thread idx 4 steal from 7 [15 16)
thread idx 4 steal from 7 [23 24)
thread idx 0 steal from 1 [33 34)
thread idx 2 steal from 3 [3 4)
thread idx 0 steal from 1 [41 42)
thread idx 0 steal from 1 [49 50)
thread idx 0 steal from 1 [57 58)
thread idx 0 steal from 3 [11 12)
thread idx 0 steal from 3 [19 20)
thread idx 0 steal from 3 [27 28)
thread idx 2 steal from 3 [35 36)
thread idx 0 steal from 3 [43 44)
thread idx 2 steal from 3 [51 52)
thread idx 0 steal from 3 [59 60)
thread idx 2 steal from 7 [47 48)
thread idx 1 steal from 7 [39 40)
thread idx 2 steal from 7 [63 64)
thread idx 4 steal from 7 [31 32)
thread idx 0 steal from 7 [55 56)
threadid 0 done 1 task, taskid 153, remainingTaksNum 246
thread idx 4 steal from 5 [5 6)
thread idx 4 steal from 5 [13 14)
thread idx 4 steal from 5 [21 22)
thread idx 4 steal from 5 [29 30)
thread idx 4 steal from 5 [37 38)
thread idx 4 steal from 5 [45 46)
thread idx 4 steal from 5 [53 54)
thread idx 4 steal from 5 [61 62)
thread idx 4 steal from 6 [6 7)
thread idx 4 steal from 6 [14 15)
thread idx 4 steal from 6 [22 23)
thread idx 4 steal from 6 [30 31)
thread idx 4 steal from 6 [38 39)
thread idx 154, Get A workFromWaitingQueue, taskId64, num_total_tasks 0 deped_has_not_been_done_num 44
thread idx 4 steal from 6 [46 47)
thread idx 4 steal from 6 [54 55)
thread idx 4 steal from 6 [62 63)
thread idx 4 steal from 7 [7 8)
thread idx 4 steal from 7 [15 16)
thread idx 4 steal from 7 [23 24)
thread idx 4 steal from 7 [39 40)
thread idx 4 steal from 7 [47 48)
thread idx 4 steal from 7 [55 56)
thread idx 4 steal from 7 [63 64)
thread idx 4 steal from 0 [0 1)
thread idx 4 steal from 0 [8 9)
thread idx 4 steal from 0 [16 17)
thread idx 4 steal from 0 [24 25)
thread idx 4 steal from 0 [32 33)
thread idx 4 steal from 0 [40 41)
thread idx 4 steal from 0 [48 49)
thread idx 4 steal from 0 [56 57)
thread idx 4 steal from 1 [1 2)
thread idx 4 steal from 1 [9 10)
thread idx 4 steal from 1 [17 18)
thread idx 2 steal from 3 [3 4)
thread idx 3 steal from 1 [33 34)
thread idx 3 steal from 1 [41 42)
thread idx 3 steal from 1 [49 50)
thread idx 3 steal from 1 [57 58)
thread idx 6 steal from 7 [31 32)
thread idx 4 steal from 1 [25 26)
threadid 4 done 1 task, taskid 154, remainingTaksNum 245
thread idx 155, Get A workFromWaitingQueue, taskId64, num_total_tasks 0 deped_has_not_been_done_num 64
thread idx 0 steal from 1 [1 2)
thread idx 0 steal from 1 [9 10)
thread idx 0 steal from 1 [17 18)
thread idx 0 steal from 1 [25 26)
thread idx 0 steal from 1 [33 34)
thread idx 0 steal from 1 [41 42)
thread idx 0 steal from 1 [49 50)
thread idx 0 steal from 1 [57 58)
thread idx 0 steal from 2 [2 3)
thread idx 0 steal from 2 [10 11)
thread idx 0 steal from 2 [18 19)
thread idx 0 steal from 2 [26 27)
thread idx 0 steal from 2 [34 35)
thread idx 0 steal from 2 [42 43)
thread idx 0 steal from 2 [50 51)
thread idx 0 steal from 2 [58 59)
thread idx 0 steal from 3 [3 4)
thread idx 0 steal from 3 [11 12)
thread idx 0 steal from 3 [19 20)
thread idx 0 steal from 3 [35 36)
thread idx 7 steal from 3 [27 28)
thread idx 0 steal from 3 [43 44)
thread idx 7 steal from 3 [51 52)
thread idx 0 steal from 3 [59 60)
thread idx 7 steal from 4 [4 5)
thread idx 1 steal from 4 [12 13)
thread idx 7 steal from 4 [20 21)
thread idx 1 steal from 4 [28 29)
thread idx 7 steal from 4 [36 37)
thread idx 1 steal from 4 [44 45)
thread idx 7 steal from 4 [52 53)
thread idx 1 steal from 4 [60 61)
thread idx 7 steal from 5 [5 6)
thread idx 1 steal from 5 [13 14)
thread idx 7 steal from 5 [21 22)
thread idx 1 steal from 5 [29 30)
thread idx 7 steal from 5 [37 38)
thread idx 1 steal from 5 [45 46)
thread idx 7 steal from 5 [53 54)
thread idx 1 steal from 5 [61 62)
thread idx 7 steal from 6 [6 7)
thread idx 1 steal from 6 [14 15)
thread idx 7 steal from 6 [22 23)
thread idx 1 steal from 6 [30 31)
thread idx 7 steal from 6 [38 39)
thread idx 1 steal from 6 [46 47)
thread idx 7 steal from 6 [54 55)
thread idx 1 steal from 6 [62 63)
threadid 0 done 1 task, taskid 155, remainingTaksNum 244
thread idx 156, Get A workFromWaitingQueue, taskId64, num_total_tasks 0 deped_has_not_been_done_num 64
thread idx 2 steal from 3 [3 4)
thread idx 2 steal from 3 [11 12)
thread idx 2 steal from 3 [19 20)
thread idx 2 steal from 3 [27 28)
thread idx 2 steal from 3 [35 36)
thread idx 2 steal from 3 [43 44)
thread idx 2 steal from 3 [51 52)
thread idx 2 steal from 3 [59 60)
thread idx 6 steal from 7 [23 24)
thread idx 2 steal from 4 [4 5)
thread idx 6 steal from 7 [47 48)
thread idx 2 steal from 4 [12 13)
thread idx 6 steal from 0 [0 1)
thread idx 7 steal from 0 [8 9)
thread idx 6 steal from 0 [16 17)
thread idx 6 steal from 0 [24 25)
thread idx 7 steal from 0 [32 33)
thread idx 6 steal from 0 [40 41)
thread idx 2 steal from 4 [20 21)
thread idx 7 steal from 0 [48 49)
thread idx 6 steal from 0 [56 57)
thread idx 2 steal from 4 [28 29)
thread idx 7 steal from 1 [1 2)
thread idx 2 steal from 4 [36 37)
thread idx 7 steal from 1 [17 18)
thread idx 7 steal from 1 [25 26)
thread idx 7 steal from 1 [33 34)
thread idx 2 steal from 4 [44 45)
thread idx 6 steal from 1 [9 10)
thread idx 7 steal from 1 [41 42)
thread idx 3 steal from 4 [52 53)
thread idx 7 steal from 1 [57 58)
thread idx 7 steal from 5 [5 6)
thread idx 7 steal from 5 [13 14)
thread idx 3 steal from 5 [21 22)
thread idx 7 steal from 5 [29 30)
thread idx 3 steal from 5 [37 38)
thread idx 7 steal from 5 [45 46)
thread idx 3 steal from 5 [53 54)
thread idx 7 steal from 5 [61 62)
thread idx 6 steal from 1 [49 50)
thread idx 2 steal from 4 [60 61)
threadid 2 done 1 task, taskid 156, remainingTaksNum 243
thread idx 157, Get A workFromWaitingQueue, taskId64, num_total_tasks 0 deped_has_not_been_done_num 64
thread idx 3 steal from 4 [4 5)
thread idx 3 steal from 4 [12 13)
thread idx 3 steal from 4 [20 21)
thread idx 3 steal from 4 [28 29)
thread idx 3 steal from 4 [36 37)
thread idx 3 steal from 4 [44 45)
thread idx 3 steal from 4 [52 53)
thread idx 3 steal from 4 [60 61)
thread idx 3 steal from 5 [5 6)
thread idx 3 steal from 5 [13 14)
thread idx 3 steal from 5 [21 22)
thread idx 3 steal from 5 [29 30)
thread idx 3 steal from 5 [37 38)
thread idx 3 steal from 5 [45 46)
thread idx 3 steal from 5 [53 54)
thread idx 3 steal from 5 [61 62)
thread idx 3 steal from 6 [6 7)
thread idx 3 steal from 6 [14 15)
thread idx 1 steal from 2 [2 3)
thread idx 3 steal from 6 [22 23)
thread idx 1 steal from 2 [10 11)
thread idx 1 steal from 2 [18 19)
thread idx 3 steal from 6 [30 31)
thread idx 1 steal from 2 [26 27)
thread idx 3 steal from 6 [38 39)
thread idx 1 steal from 2 [34 35)
thread idx 3 steal from 6 [46 47)
thread idx 1 steal from 2 [42 43)
thread idx 3 steal from 6 [54 55)
thread idx 1 steal from 2 [50 51)
thread idx 3 steal from 6 [62 63)
thread idx 1 steal from 2 [58 59)
thread idx 4 steal from 7 [7 8)
thread idx 1 steal from 7 [23 24)
thread idx 1 steal from 7 [31 32)
thread idx 1 steal from 7 [39 40)
thread idx 1 steal from 7 [47 48)
thread idx 4 steal from 7 [55 56)
thread idx 1 steal from 7 [63 64)
thread idx 4 steal from 0 [0 1)
thread idx 1 steal from 0 [8 9)
thread idx 1 steal from 0 [24 25)
thread idx 1 steal from 0 [32 33)
thread idx 3 steal from 7 [15 16)
thread idx 1 steal from 0 [40 41)
thread idx 4 steal from 0 [16 17)
thread idx 3 steal from 0 [48 49)
thread idx 1 steal from 0 [56 57)
threadid 1 done 1 task, taskid 157, remainingTaksNum 242
thread idx 158, Get A workFromWaitingQueue, taskId64, num_total_tasks 0 deped_has_not_been_done_num 64
thread idx 0 steal from 1 [1 2)
thread idx 0 steal from 1 [9 10)
thread idx 0 steal from 1 [17 18)
thread idx 0 steal from 1 [25 26)
thread idx 0 steal from 1 [33 34)
thread idx 0 steal from 1 [41 42)
thread idx 0 steal from 1 [49 50)
thread idx 0 steal from 1 [57 58)
thread idx 0 steal from 2 [2 3)
thread idx 0 steal from 2 [10 11)
thread idx 0 steal from 2 [18 19)
thread idx 0 steal from 2 [26 27)
thread idx 0 steal from 2 [34 35)
thread idx 0 steal from 2 [42 43)
thread idx 0 steal from 2 [50 51)
thread idx 6 steal from 7 [7 8)
thread idx 0 steal from 2 [58 59)
thread idx 6 steal from 7 [15 16)
thread idx 0 steal from 3 [3 4)
thread idx 6 steal from 7 [23 24)
thread idx 0 steal from 3 [11 12)
thread idx 0 steal from 3 [19 20)
thread idx 0 steal from 3 [27 28)
thread idx 0 steal from 3 [35 36)
thread idx 6 steal from 7 [31 32)
thread idx 0 steal from 3 [43 44)
thread idx 6 steal from 7 [39 40)
thread idx 0 steal from 3 [51 52)
thread idx 6 steal from 7 [47 48)
thread idx 6 steal from 7 [55 56)
thread idx 0 steal from 3 [59 60)
thread idx 6 steal from 7 [63 64)
thread idx 0 steal from 4 [4 5)
thread idx 6 steal from 4 [12 13)
thread idx 0 steal from 4 [20 21)
thread idx 6 steal from 4 [28 29)
thread idx 0 steal from 4 [36 37)
thread idx 6 steal from 4 [44 45)
thread idx 0 steal from 4 [52 53)
thread idx 6 steal from 4 [60 61)
thread idx 0 steal from 5 [5 6)
thread idx 6 steal from 5 [13 14)
thread idx 0 steal from 5 [21 22)
thread idx 6 steal from 5 [29 30)
thread idx 0 steal from 5 [37 38)
thread idx 6 steal from 5 [45 46)
thread idx 0 steal from 5 [53 54)
thread idx 6 steal from 5 [61 62)
threadid 6 done 1 task, taskid 158, remainingTaksNum 241
thread idx 6 steal from 0 [0 1)
thread idx 5 steal from 6 [6 7)
thread idx 5 steal from 6 [14 15)
thread idx 5 steal from 6 [22 23)
thread idx 5 steal from 6 [30 31)
thread idx 5 steal from 6 [38 39)
thread idx 5 steal from 6 [46 47)
thread idx 5 steal from 6 [54 55)
thread idx 5 steal from 6 [62 63)
thread idx 5 steal from 7 [7 8)
thread idx 5 steal from 7 [15 16)
thread idx 5 steal from 7 [23 24)
thread idx 5 steal from 7 [31 32)
thread idx 159, Get A workFromWaitingQueue, taskId64, num_total_tasks 0 deped_has_not_been_done_num 45
thread idx 6 steal from 7 [47 48)
thread idx 6 steal from 7 [55 56)
thread idx 6 steal from 7 [63 64)
thread idx 6 steal from 0 [8 9)
thread idx 6 steal from 0 [16 17)
thread idx 6 steal from 0 [24 25)
thread idx 6 steal from 0 [32 33)
thread idx 6 steal from 0 [40 41)
thread idx 6 steal from 0 [48 49)
thread idx 6 steal from 0 [56 57)
thread idx 6 steal from 1 [1 2)
thread idx 6 steal from 1 [9 10)
thread idx 6 steal from 1 [17 18)
thread idx 6 steal from 1 [25 26)
thread idx 6 steal from 1 [33 34)
thread idx 6 steal from 1 [41 42)
thread idx 6 steal from 1 [49 50)
thread idx 6 steal from 1 [57 58)
thread idx 6 steal from 2 [10 11)
thread idx 6 steal from 2 [18 19)
thread idx 6 steal from 2 [26 27)
thread idx 6 steal from 2 [34 35)
thread idx 6 steal from 2 [42 43)
thread idx 6 steal from 2 [50 51)
thread idx 6 steal from 2 [58 59)
thread idx 0 steal from 3 [3 4)
thread idx 2 steal from 3 [19 20)
thread idx 2 steal from 3 [27 28)
thread idx 2 steal from 3 [35 36)
thread idx 2 steal from 3 [43 44)
thread idx 2 steal from 3 [51 52)
thread idx 2 steal from 3 [59 60)
thread idx 5 steal from 7 [39 40)
thread idx 2 steal from 4 [4 5)
thread idx 2 steal from 4 [12 13)
thread idx 5 steal from 4 [20 21)
thread idx 5 steal from 4 [36 37)
thread idx 5 steal from 4 [44 45)
thread idx 5 steal from 4 [52 53)
thread idx 5 steal from 4 [60 61)
thread idx 2 steal from 4 [28 29)
thread idx 6 steal from 3 [11 12)
threadid 6 done 1 task, taskid 159, remainingTaksNum 240
thread idx 160, Get A workFromWaitingQueue, taskId64, num_total_tasks 0 deped_has_not_been_done_num 64
thread idx 6 steal from 7 [7 8)
thread idx 6 steal from 7 [15 16)
thread idx 6 steal from 7 [23 24)
thread idx 6 steal from 7 [31 32)
thread idx 6 steal from 7 [39 40)
thread idx 6 steal from 7 [47 48)
thread idx 6 steal from 7 [55 56)
thread idx 6 steal from 7 [63 64)
thread idx 6 steal from 0 [0 1)
thread idx 6 steal from 0 [16 17)
thread idx 6 steal from 0 [32 33)
thread idx 6 steal from 0 [56 57)
thread idx 0 steal from 1 [1 2)
thread idx 6 steal from 1 [9 10)
thread idx 0 steal from 1 [17 18)
thread idx 6 steal from 1 [25 26)
thread idx 0 steal from 1 [33 34)
thread idx 6 steal from 1 [41 42)
thread idx 0 steal from 1 [49 50)
thread idx 6 steal from 1 [57 58)
thread idx 0 steal from 2 [2 3)
thread idx 6 steal from 2 [10 11)
thread idx 0 steal from 2 [18 19)
thread idx 6 steal from 2 [26 27)
thread idx 0 steal from 2 [34 35)
thread idx 6 steal from 2 [42 43)
thread idx 0 steal from 2 [50 51)
thread idx 6 steal from 2 [58 59)
thread idx 0 steal from 3 [3 4)
thread idx 6 steal from 3 [11 12)
thread idx 0 steal from 3 [19 20)
thread idx 6 steal from 3 [27 28)
thread idx 0 steal from 3 [35 36)
thread idx 6 steal from 3 [43 44)
thread idx 0 steal from 3 [51 52)
thread idx 6 steal from 3 [59 60)
thread idx 0 steal from 4 [4 5)
thread idx 6 steal from 4 [12 13)
thread idx 1 steal from 4 [20 21)
thread idx 0 steal from 4 [28 29)
thread idx 1 steal from 4 [44 45)
thread idx 1 steal from 4 [52 53)
thread idx 1 steal from 4 [60 61)
thread idx 1 steal from 5 [5 6)
thread idx 0 steal from 5 [13 14)
thread idx 6 steal from 4 [36 37)
thread idx 0 steal from 5 [29 30)
thread idx 0 steal from 5 [37 38)
thread idx 0 steal from 5 [45 46)
thread idx 0 steal from 5 [53 54)
thread idx 6 steal from 5 [61 62)
thread idx 1 steal from 5 [21 22)
threadid 1 done 1 task, taskid 160, remainingTaksNum 239
thread idx 161, Get A workFromWaitingQueue, taskId64, num_total_tasks 0 deped_has_not_been_done_num 64
thread idx 0 steal from 1 [1 2)
thread idx 0 steal from 1 [9 10)
thread idx 0 steal from 1 [17 18)
thread idx 0 steal from 1 [25 26)
thread idx 0 steal from 1 [33 34)
thread idx 0 steal from 1 [41 42)
thread idx 0 steal from 1 [49 50)
thread idx 0 steal from 1 [57 58)
thread idx 0 steal from 2 [2 3)
thread idx 0 steal from 2 [10 11)
thread idx 0 steal from 2 [18 19)
thread idx 0 steal from 2 [26 27)
thread idx 0 steal from 2 [34 35)
thread idx 0 steal from 2 [42 43)
thread idx 0 steal from 2 [50 51)
thread idx 0 steal from 2 [58 59)
thread idx 0 steal from 3 [3 4)
thread idx 0 steal from 3 [11 12)
thread idx 0 steal from 3 [19 20)
thread idx 0 steal from 3 [27 28)
thread idx 0 steal from 3 [35 36)
thread idx 0 steal from 3 [43 44)
thread idx 0 steal from 3 [51 52)
thread idx 0 steal from 3 [59 60)
thread idx 0 steal from 4 [4 5)
thread idx 0 steal from 4 [12 13)
thread idx 0 steal from 4 [20 21)
thread idx 0 steal from 4 [28 29)
thread idx 0 steal from 4 [36 37)
thread idx 0 steal from 4 [44 45)
thread idx 0 steal from 4 [52 53)
thread idx 0 steal from 4 [60 61)
thread idx 0 steal from 5 [5 6)
thread idx 0 steal from 5 [13 14)
thread idx 0 steal from 5 [21 22)
thread idx 4 steal from 5 [29 30)
thread idx 4 steal from 5 [45 46)
thread idx 4 steal from 5 [53 54)
thread idx 0 steal from 5 [37 38)
thread idx 4 steal from 5 [61 62)
thread idx 0 steal from 6 [6 7)
thread idx 4 steal from 6 [14 15)
thread idx 0 steal from 6 [22 23)
thread idx 4 steal from 6 [30 31)
thread idx 4 steal from 6 [38 39)
thread idx 0 steal from 6 [46 47)
thread idx 4 steal from 6 [54 55)
thread idx 0 steal from 6 [62 63)
thread idx 4 steal from 7 [7 8)
thread idx 0 steal from 7 [15 16)
thread idx 4 steal from 7 [23 24)
thread idx 4 steal from 7 [31 32)
thread idx 0 steal from 7 [39 40)
thread idx 4 steal from 7 [47 48)
thread idx 0 steal from 7 [55 56)
thread idx 4 steal from 7 [63 64)
threadid 4 done 1 task, taskid 161, remainingTaksNum 238
thread idx 162, Get A workFromWaitingQueue, taskId64, num_total_tasks 0 deped_has_not_been_done_num 64
thread idx 5 steal from 6 [6 7)
thread idx 5 steal from 6 [14 15)
thread idx 5 steal from 6 [22 23)
thread idx 5 steal from 6 [30 31)
thread idx 5 steal from 6 [38 39)
thread idx 5 steal from 6 [46 47)
thread idx 5 steal from 6 [54 55)
thread idx 5 steal from 6 [62 63)
thread idx 5 steal from 7 [7 8)
thread idx 5 steal from 7 [15 16)
thread idx 5 steal from 7 [23 24)
thread idx 5 steal from 7 [31 32)
thread idx 5 steal from 7 [39 40)
thread idx 5 steal from 7 [47 48)
thread idx 5 steal from 7 [55 56)
thread idx 5 steal from 7 [63 64)
thread idx 5 steal from 0 [0 1)
thread idx 5 steal from 0 [8 9)
thread idx 5 steal from 0 [16 17)
thread idx 5 steal from 0 [24 25)
thread idx 5 steal from 0 [32 33)
thread idx 5 steal from 0 [40 41)
thread idx 5 steal from 0 [48 49)
thread idx 5 steal from 0 [56 57)
thread idx 5 steal from 1 [1 2)
thread idx 5 steal from 1 [9 10)
thread idx 5 steal from 1 [17 18)
thread idx 5 steal from 1 [25 26)
thread idx 5 steal from 1 [33 34)
thread idx 5 steal from 1 [41 42)
thread idx 5 steal from 1 [49 50)
thread idx 5 steal from 1 [57 58)
thread idx 5 steal from 2 [2 3)
thread idx 5 steal from 2 [10 11)
thread idx 5 steal from 2 [18 19)
thread idx 5 steal from 2 [26 27)
thread idx 5 steal from 2 [34 35)
thread idx 5 steal from 2 [42 43)
thread idx 5 steal from 2 [50 51)
thread idx 5 steal from 2 [58 59)
thread idx 5 steal from 3 [3 4)
thread idx 5 steal from 3 [11 12)
thread idx 5 steal from 3 [19 20)
thread idx 5 steal from 3 [27 28)
thread idx 5 steal from 3 [35 36)
thread idx 5 steal from 3 [43 44)
thread idx 5 steal from 3 [51 52)
thread idx 5 steal from 3 [59 60)
thread idx 5 steal from 4 [4 5)
thread idx 5 steal from 4 [12 13)
thread idx 2 steal from 4 [20 21)
thread idx 2 steal from 4 [36 37)
thread idx 5 steal from 4 [28 29)
thread idx 2 steal from 4 [44 45)
thread idx 5 steal from 4 [52 53)
thread idx 2 steal from 4 [60 61)
threadid 2 done 1 task, taskid 162, remainingTaksNum 237
thread idx 163, Get A workFromWaitingQueue, taskId64, num_total_tasks 0 deped_has_not_been_done_num 64
thread idx 5 steal from 6 [6 7)
thread idx 5 steal from 6 [14 15)
thread idx 5 steal from 6 [22 23)
thread idx 5 steal from 6 [30 31)
thread idx 5 steal from 6 [38 39)
thread idx 5 steal from 6 [46 47)
thread idx 5 steal from 6 [54 55)
thread idx 5 steal from 6 [62 63)
thread idx 5 steal from 7 [7 8)
thread idx 5 steal from 7 [15 16)
thread idx 5 steal from 7 [23 24)
thread idx 5 steal from 7 [31 32)
thread idx 5 steal from 7 [39 40)
thread idx 5 steal from 7 [47 48)
thread idx 5 steal from 7 [55 56)
thread idx 5 steal from 7 [63 64)
thread idx 5 steal from 0 [0 1)
thread idx 5 steal from 0 [8 9)
thread idx 5 steal from 0 [16 17)
thread idx 5 steal from 0 [24 25)
thread idx 5 steal from 0 [32 33)
thread idx 5 steal from 0 [40 41)
thread idx 5 steal from 0 [48 49)
thread idx 5 steal from 0 [56 57)
thread idx 5 steal from 1 [1 2)
thread idx 5 steal from 1 [9 10)
thread idx 5 steal from 1 [17 18)
thread idx 5 steal from 1 [25 26)
thread idx 5 steal from 1 [33 34)
thread idx 5 steal from 1 [41 42)
thread idx 5 steal from 1 [49 50)
thread idx 5 steal from 1 [57 58)
thread idx 5 steal from 2 [2 3)
thread idx 5 steal from 2 [10 11)
thread idx 5 steal from 2 [18 19)
thread idx 6 steal from 2 [26 27)
thread idx 6 steal from 2 [42 43)
thread idx 6 steal from 2 [50 51)
thread idx 6 steal from 2 [58 59)
thread idx 6 steal from 3 [3 4)
thread idx 5 steal from 2 [34 35)
thread idx 6 steal from 3 [11 12)
thread idx 5 steal from 3 [19 20)
thread idx 5 steal from 3 [27 28)
thread idx 6 steal from 3 [35 36)
thread idx 5 steal from 3 [43 44)
thread idx 5 steal from 3 [51 52)
thread idx 6 steal from 3 [59 60)
thread idx 5 steal from 4 [4 5)
thread idx 6 steal from 4 [12 13)
thread idx 5 steal from 4 [20 21)
thread idx 5 steal from 4 [28 29)
thread idx 6 steal from 4 [36 37)
thread idx 5 steal from 4 [44 45)
thread idx 5 steal from 4 [52 53)
thread idx 6 steal from 4 [60 61)
threadid 6 done 1 task, taskid 163, remainingTaksNum 236
thread idx 164, Get A workFromWaitingQueue, taskId64, num_total_tasks 0 deped_has_not_been_done_num 64
thread idx 1 steal from 2 [2 3)
thread idx 1 steal from 2 [10 11)
thread idx 5 steal from 6 [6 7)
thread idx 1 steal from 2 [18 19)
thread idx 1 steal from 2 [26 27)
thread idx 5 steal from 6 [14 15)
thread idx 1 steal from 2 [34 35)
thread idx 5 steal from 6 [22 23)
thread idx 1 steal from 2 [42 43)
thread idx 1 steal from 2 [50 51)
thread idx 5 steal from 6 [30 31)
thread idx 1 steal from 2 [58 59)
thread idx 5 steal from 6 [38 39)
thread idx 1 steal from 3 [3 4)
thread idx 5 steal from 6 [46 47)
thread idx 1 steal from 3 [11 12)
thread idx 5 steal from 6 [54 55)
thread idx 1 steal from 3 [19 20)
thread idx 5 steal from 6 [62 63)
thread idx 1 steal from 3 [27 28)
thread idx 5 steal from 7 [7 8)
thread idx 1 steal from 3 [35 36)
thread idx 5 steal from 7 [15 16)
thread idx 1 steal from 3 [43 44)
thread idx 5 steal from 7 [23 24)
thread idx 1 steal from 3 [51 52)
thread idx 1 steal from 3 [59 60)
thread idx 5 steal from 7 [31 32)
thread idx 1 steal from 4 [4 5)
thread idx 5 steal from 7 [39 40)
thread idx 1 steal from 4 [12 13)
thread idx 0 steal from 4 [20 21)
thread idx 1 steal from 4 [28 29)
thread idx 1 steal from 4 [36 37)
thread idx 1 steal from 4 [44 45)
thread idx 0 steal from 4 [52 53)
thread idx 1 steal from 4 [60 61)
thread idx 0 steal from 7 [55 56)
thread idx 1 steal from 7 [63 64)
thread idx 5 steal from 7 [47 48)
threadid 5 done 1 task, taskid 164, remainingTaksNum 235
thread idx 165, Get A workFromWaitingQueue, taskId64, num_total_tasks 0 deped_has_not_been_done_num 64
thread idx 5 steal from 6 [6 7)
thread idx 5 steal from 6 [14 15)
thread idx 5 steal from 6 [22 23)
thread idx 5 steal from 6 [30 31)
thread idx 5 steal from 6 [38 39)
thread idx 5 steal from 6 [46 47)
thread idx 5 steal from 6 [54 55)
thread idx 5 steal from 6 [62 63)
thread idx 5 steal from 7 [7 8)
thread idx 5 steal from 7 [15 16)
thread idx 5 steal from 7 [23 24)
thread idx 5 steal from 7 [31 32)
thread idx 5 steal from 7 [39 40)
thread idx 5 steal from 7 [47 48)
thread idx 5 steal from 7 [55 56)
thread idx 5 steal from 7 [63 64)
thread idx 5 steal from 0 [0 1)
thread idx 5 steal from 0 [8 9)
thread idx 5 steal from 0 [16 17)
thread idx 5 steal from 0 [24 25)
thread idx 5 steal from 0 [32 33)
thread idx 5 steal from 0 [40 41)
thread idx 5 steal from 0 [48 49)
thread idx 5 steal from 0 [56 57)
thread idx 5 steal from 1 [1 2)
thread idx 5 steal from 1 [9 10)
thread idx 5 steal from 1 [17 18)
thread idx 5 steal from 1 [25 26)
thread idx 5 steal from 1 [33 34)
thread idx 2 steal from 3 [3 4)
thread idx 2 steal from 3 [11 12)
thread idx 2 steal from 3 [19 20)
thread idx 2 steal from 3 [27 28)
thread idx 5 steal from 1 [41 42)
thread idx 2 steal from 3 [35 36)
thread idx 5 steal from 1 [49 50)
thread idx 2 steal from 3 [51 52)
thread idx 5 steal from 1 [57 58)
thread idx 3 steal from 4 [4 5)
thread idx 2 steal from 4 [12 13)
thread idx 3 steal from 4 [28 29)
thread idx 3 steal from 4 [36 37)
thread idx 3 steal from 4 [44 45)
thread idx 3 steal from 4 [52 53)
thread idx 3 steal from 4 [60 61)
thread idx 5 steal from 4 [20 21)
threadid 5 done 1 task, taskid 165, remainingTaksNum 234
thread idx 166, Get A workFromWaitingQueue, taskId64, num_total_tasks 0 deped_has_not_been_done_num 64
thread idx 5 steal from 6 [6 7)
thread idx 5 steal from 6 [14 15)
thread idx 5 steal from 6 [22 23)
thread idx 5 steal from 6 [30 31)
thread idx 5 steal from 6 [38 39)
thread idx 5 steal from 6 [46 47)
thread idx 5 steal from 6 [54 55)
thread idx 5 steal from 6 [62 63)
thread idx 5 steal from 7 [7 8)
thread idx 5 steal from 7 [15 16)
thread idx 5 steal from 7 [23 24)
thread idx 5 steal from 7 [31 32)
thread idx 5 steal from 7 [39 40)
thread idx 5 steal from 7 [47 48)
thread idx 5 steal from 7 [55 56)
thread idx 5 steal from 7 [63 64)
thread idx 5 steal from 0 [0 1)
thread idx 5 steal from 0 [8 9)
thread idx 2 steal from 3 [3 4)
thread idx 2 steal from 3 [11 12)
thread idx 2 steal from 3 [19 20)
thread idx 2 steal from 3 [27 28)
thread idx 5 steal from 0 [16 17)
thread idx 2 steal from 3 [35 36)
thread idx 5 steal from 0 [24 25)
thread idx 2 steal from 3 [43 44)
thread idx 5 steal from 0 [32 33)
thread idx 2 steal from 3 [51 52)
thread idx 5 steal from 0 [40 41)
thread idx 2 steal from 3 [59 60)
thread idx 5 steal from 0 [48 49)
thread idx 2 steal from 4 [4 5)
thread idx 0 steal from 1 [1 2)
thread idx 2 steal from 4 [12 13)
thread idx 2 steal from 4 [20 21)
thread idx 2 steal from 4 [36 37)
thread idx 0 steal from 1 [9 10)
thread idx 2 steal from 4 [52 53)
thread idx 4 steal from 1 [17 18)
thread idx 2 steal from 1 [33 34)
thread idx 2 steal from 1 [41 42)
thread idx 2 steal from 1 [49 50)
thread idx 4 steal from 1 [57 58)
thread idx 0 steal from 1 [25 26)
thread idx 5 steal from 0 [56 57)
threadid 5 done 1 task, taskid 166, remainingTaksNum 233
thread idx 167, Get A workFromWaitingQueue, taskId64, num_total_tasks 0 deped_has_not_been_done_num 64
thread idx 2 steal from 3 [3 4)
thread idx 2 steal from 3 [11 12)
thread idx 2 steal from 3 [19 20)
thread idx 2 steal from 3 [27 28)
thread idx 2 steal from 3 [35 36)
thread idx 2 steal from 3 [43 44)
thread idx 2 steal from 3 [51 52)
thread idx 2 steal from 3 [59 60)
thread idx 2 steal from 4 [4 5)
thread idx 2 steal from 4 [12 13)
thread idx 2 steal from 4 [20 21)
thread idx 2 steal from 4 [28 29)
thread idx 2 steal from 4 [36 37)
thread idx 2 steal from 4 [44 45)
thread idx 2 steal from 4 [52 53)
thread idx 2 steal from 4 [60 61)
thread idx 2 steal from 5 [5 6)
thread idx 2 steal from 5 [13 14)
thread idx 2 steal from 5 [21 22)
thread idx 2 steal from 5 [29 30)
thread idx 2 steal from 5 [37 38)
thread idx 2 steal from 5 [45 46)
thread idx 3 steal from 5 [53 54)
thread idx 2 steal from 5 [61 62)
thread idx 3 steal from 6 [6 7)
thread idx 3 steal from 6 [14 15)
thread idx 2 steal from 6 [22 23)
thread idx 3 steal from 6 [30 31)
thread idx 2 steal from 6 [38 39)
thread idx 3 steal from 6 [46 47)
thread idx 3 steal from 6 [54 55)
thread idx 2 steal from 6 [62 63)
thread idx 3 steal from 7 [7 8)
thread idx 2 steal from 7 [15 16)
thread idx 7 steal from 0 [0 1)
thread idx 7 steal from 0 [8 9)
thread idx 7 steal from 0 [16 17)
thread idx 7 steal from 0 [24 25)
thread idx 7 steal from 0 [32 33)
thread idx 7 steal from 0 [40 41)
thread idx 7 steal from 0 [48 49)
thread idx 7 steal from 0 [56 57)
thread idx 7 steal from 1 [1 2)
thread idx 7 steal from 1 [9 10)
thread idx 7 steal from 1 [17 18)
thread idx 7 steal from 1 [25 26)
thread idx 7 steal from 1 [33 34)
thread idx 7 steal from 1 [41 42)
thread idx 7 steal from 1 [49 50)
thread idx 7 steal from 1 [57 58)
thread idx 3 steal from 7 [23 24)
threadid 3 done 1 task, taskid 167, remainingTaksNum 232
thread idx 168, Get A workFromWaitingQueue, taskId64, num_total_tasks 0 deped_has_not_been_done_num 64
thread idx 1 steal from 2 [2 3)
thread idx 3 steal from 4 [4 5)
thread idx 3 steal from 4 [12 13)
thread idx 3 steal from 4 [20 21)
thread idx 3 steal from 4 [28 29)
thread idx 3 steal from 4 [36 37)
thread idx 3 steal from 4 [44 45)
thread idx 3 steal from 4 [52 53)
thread idx 3 steal from 4 [60 61)
thread idx 3 steal from 5 [5 6)
thread idx 3 steal from 5 [13 14)
thread idx 3 steal from 5 [21 22)
thread idx 3 steal from 5 [29 30)
thread idx 3 steal from 5 [37 38)
thread idx 3 steal from 5 [45 46)
thread idx 1 steal from 5 [53 54)
thread idx 3 steal from 5 [61 62)
thread idx 1 steal from 6 [6 7)
thread idx 3 steal from 6 [14 15)
thread idx 1 steal from 6 [22 23)
thread idx 3 steal from 6 [30 31)
thread idx 1 steal from 6 [38 39)
thread idx 3 steal from 6 [46 47)
thread idx 3 steal from 6 [54 55)
thread idx 1 steal from 6 [62 63)
thread idx 3 steal from 7 [7 8)
thread idx 1 steal from 7 [15 16)
thread idx 3 steal from 7 [23 24)
thread idx 1 steal from 7 [31 32)
thread idx 3 steal from 7 [39 40)
thread idx 1 steal from 7 [47 48)
thread idx 3 steal from 7 [55 56)
thread idx 5 steal from 7 [63 64)
thread idx 2 steal from 3 [3 4)
thread idx 5 steal from 0 [16 17)
thread idx 5 steal from 0 [24 25)
thread idx 5 steal from 0 [32 33)
thread idx 5 steal from 0 [40 41)
thread idx 5 steal from 0 [48 49)
thread idx 5 steal from 0 [56 57)
thread idx 1 steal from 0 [0 1)
thread idx 3 steal from 0 [8 9)
threadid 3 done 1 task, taskid 168, remainingTaksNum 231
thread idx 169, Get A workFromWaitingQueue, taskId64, num_total_tasks 0 deped_has_not_been_done_num 64
thread idx 2 steal from 3 [3 4)
thread idx 2 steal from 3 [11 12)
thread idx 2 steal from 3 [19 20)
thread idx 2 steal from 3 [27 28)
thread idx 2 steal from 3 [35 36)
thread idx 5 steal from 6 [6 7)
thread idx 2 steal from 3 [43 44)
thread idx 5 steal from 6 [14 15)
thread idx 2 steal from 3 [51 52)
thread idx 5 steal from 6 [22 23)
thread idx 2 steal from 3 [59 60)
thread idx 5 steal from 6 [30 31)
thread idx 2 steal from 4 [4 5)
thread idx 5 steal from 6 [38 39)
thread idx 2 steal from 4 [12 13)
thread idx 5 steal from 6 [46 47)
thread idx 2 steal from 4 [20 21)
thread idx 5 steal from 6 [54 55)
thread idx 2 steal from 4 [28 29)
thread idx 5 steal from 6 [62 63)
thread idx 5 steal from 7 [7 8)
thread idx 2 steal from 4 [36 37)
thread idx 5 steal from 7 [15 16)
thread idx 5 steal from 7 [23 24)
thread idx 2 steal from 4 [44 45)
thread idx 5 steal from 7 [31 32)
thread idx 2 steal from 4 [52 53)
thread idx 5 steal from 7 [39 40)
thread idx 2 steal from 4 [60 61)
thread idx 5 steal from 7 [47 48)
thread idx 5 steal from 7 [55 56)
thread idx 2 steal from 7 [63 64)
thread idx 5 steal from 0 [0 1)
thread idx 2 steal from 0 [16 17)
thread idx 7 steal from 0 [8 9)
thread idx 7 steal from 0 [32 33)
thread idx 7 steal from 0 [40 41)
thread idx 7 steal from 0 [48 49)
thread idx 7 steal from 0 [56 57)
thread idx 2 steal from 1 [1 2)
thread idx 7 steal from 1 [9 10)
thread idx 2 steal from 1 [17 18)
thread idx 7 steal from 1 [25 26)
thread idx 2 steal from 1 [33 34)
thread idx 7 steal from 1 [41 42)
thread idx 7 steal from 1 [49 50)
thread idx 2 steal from 1 [57 58)
thread idx 5 steal from 0 [24 25)
threadid 5 done 1 task, taskid 169, remainingTaksNum 230
thread idx 170, Get A workFromWaitingQueue, taskId64, num_total_tasks 0 deped_has_not_been_done_num 64
thread idx 5 steal from 6 [6 7)
thread idx 5 steal from 6 [14 15)
thread idx 5 steal from 6 [22 23)
thread idx 5 steal from 6 [30 31)
thread idx 5 steal from 6 [38 39)
thread idx 5 steal from 6 [46 47)
thread idx 5 steal from 6 [54 55)
thread idx 5 steal from 6 [62 63)
thread idx 5 steal from 7 [7 8)
thread idx 5 steal from 7 [15 16)
thread idx 0 steal from 1 [1 2)
thread idx 0 steal from 1 [9 10)
thread idx 0 steal from 1 [17 18)
thread idx 0 steal from 1 [25 26)
thread idx 0 steal from 1 [33 34)
thread idx 5 steal from 7 [23 24)
thread idx 0 steal from 1 [41 42)
thread idx 0 steal from 1 [49 50)
thread idx 5 steal from 7 [31 32)
thread idx 0 steal from 1 [57 58)
thread idx 1 steal from 2 [2 3)
thread idx 0 steal from 2 [10 11)
thread idx 1 steal from 2 [18 19)
thread idx 0 steal from 2 [26 27)
thread idx 1 steal from 2 [34 35)
thread idx 0 steal from 2 [42 43)
thread idx 1 steal from 2 [50 51)
thread idx 0 steal from 2 [58 59)
thread idx 5 steal from 7 [39 40)
thread idx 0 steal from 3 [11 12)
thread idx 1 steal from 3 [3 4)
thread idx 0 steal from 3 [19 20)
thread idx 5 steal from 7 [47 48)
thread idx 0 steal from 3 [27 28)
thread idx 1 steal from 3 [35 36)
thread idx 0 steal from 3 [43 44)
thread idx 5 steal from 7 [55 56)
thread idx 1 steal from 3 [51 52)
thread idx 0 steal from 3 [59 60)
thread idx 1 steal from 4 [4 5)
thread idx 5 steal from 7 [63 64)
thread idx 0 steal from 4 [12 13)
thread idx 1 steal from 4 [20 21)
thread idx 5 steal from 4 [28 29)
thread idx 1 steal from 4 [44 45)
thread idx 1 steal from 4 [52 53)
thread idx 0 steal from 4 [36 37)
thread idx 1 steal from 4 [60 61)
threadid 0 done 1 task, taskid 170, remainingTaksNum 229
thread idx 171, Get A workFromWaitingQueue, taskId64, num_total_tasks 0 deped_has_not_been_done_num 64
thread idx 0 steal from 1 [1 2)
thread idx 0 steal from 1 [9 10)
thread idx 0 steal from 1 [17 18)
thread idx 0 steal from 1 [25 26)
thread idx 0 steal from 1 [33 34)
thread idx 0 steal from 1 [41 42)
thread idx 0 steal from 1 [49 50)
thread idx 0 steal from 1 [57 58)
thread idx 0 steal from 2 [2 3)
thread idx 0 steal from 2 [10 11)
thread idx 0 steal from 2 [18 19)
thread idx 0 steal from 2 [26 27)
thread idx 0 steal from 2 [34 35)
thread idx 0 steal from 2 [42 43)
thread idx 0 steal from 2 [50 51)
thread idx 0 steal from 2 [58 59)
thread idx 0 steal from 3 [3 4)
thread idx 0 steal from 3 [11 12)
thread idx 0 steal from 3 [19 20)
thread idx 0 steal from 3 [27 28)
thread idx 0 steal from 3 [35 36)
thread idx 0 steal from 3 [43 44)
thread idx 0 steal from 3 [51 52)
thread idx 0 steal from 3 [59 60)
thread idx 0 steal from 4 [4 5)
thread idx 0 steal from 4 [12 13)
thread idx 0 steal from 4 [20 21)
thread idx 0 steal from 4 [36 37)
thread idx 0 steal from 4 [44 45)
thread idx 0 steal from 4 [60 61)
thread idx 4 steal from 5 [5 6)
thread idx 4 steal from 5 [21 22)
thread idx 4 steal from 5 [29 30)
thread idx 4 steal from 5 [37 38)
thread idx 4 steal from 5 [45 46)
thread idx 4 steal from 5 [53 54)
thread idx 4 steal from 5 [61 62)
thread idx 4 steal from 6 [6 7)
thread idx 4 steal from 6 [14 15)
thread idx 0 steal from 5 [13 14)
thread idx 4 steal from 6 [22 23)
thread idx 0 steal from 6 [30 31)
thread idx 4 steal from 6 [38 39)
thread idx 0 steal from 6 [46 47)
thread idx 0 steal from 6 [54 55)
thread idx 4 steal from 6 [62 63)
thread idx 0 steal from 7 [7 8)
thread idx 4 steal from 7 [15 16)
thread idx 0 steal from 7 [23 24)
thread idx 4 steal from 7 [31 32)
thread idx 0 steal from 7 [39 40)
thread idx 4 steal from 7 [47 48)
thread idx 0 steal from 7 [55 56)
thread idx 4 steal from 7 [63 64)
threadid 4 done 1 task, taskid 171, remainingTaksNum 228
thread idx 172, Get A workFromWaitingQueue, taskId64, num_total_tasks 0 deped_has_not_been_done_num 64
thread idx 3 steal from 4 [4 5)
thread idx 3 steal from 4 [12 13)
thread idx 3 steal from 4 [20 21)
thread idx 3 steal from 4 [28 29)
thread idx 3 steal from 4 [36 37)
thread idx 3 steal from 4 [44 45)
thread idx 3 steal from 4 [52 53)
thread idx 3 steal from 4 [60 61)
thread idx 3 steal from 5 [5 6)
thread idx 3 steal from 5 [13 14)
thread idx 3 steal from 5 [21 22)
thread idx 0 steal from 1 [1 2)
thread idx 3 steal from 5 [29 30)
thread idx 0 steal from 1 [9 10)
thread idx 3 steal from 5 [37 38)
thread idx 0 steal from 1 [17 18)
thread idx 3 steal from 5 [45 46)
thread idx 0 steal from 1 [25 26)
thread idx 3 steal from 5 [53 54)
thread idx 0 steal from 1 [33 34)
thread idx 3 steal from 5 [61 62)
thread idx 0 steal from 1 [41 42)
thread idx 3 steal from 6 [6 7)
thread idx 0 steal from 1 [49 50)
thread idx 3 steal from 6 [14 15)
thread idx 3 steal from 6 [22 23)
thread idx 0 steal from 1 [57 58)
thread idx 3 steal from 6 [30 31)
thread idx 0 steal from 2 [2 3)
thread idx 3 steal from 6 [38 39)
thread idx 7 steal from 6 [62 63)
thread idx 0 steal from 2 [10 11)
thread idx 2 steal from 6 [46 47)
thread idx 5 steal from 6 [54 55)
threadid 5 done 1 task, taskid 172, remainingTaksNum 227
thread idx 173, Get A workFromWaitingQueue, taskId64, num_total_tasks 0 deped_has_not_been_done_num 64
thread idx 2 steal from 3 [3 4)
thread idx 2 steal from 3 [11 12)
thread idx 2 steal from 3 [19 20)
thread idx 2 steal from 3 [27 28)
thread idx 2 steal from 3 [35 36)
thread idx 2 steal from 3 [43 44)
thread idx 2 steal from 3 [51 52)
thread idx 2 steal from 3 [59 60)
thread idx 2 steal from 4 [4 5)
thread idx 2 steal from 4 [12 13)
thread idx 2 steal from 4 [20 21)
thread idx 2 steal from 4 [28 29)
thread idx 2 steal from 4 [36 37)
thread idx 2 steal from 4 [44 45)
thread idx 2 steal from 4 [52 53)
thread idx 2 steal from 4 [60 61)
thread idx 2 steal from 5 [5 6)
thread idx 2 steal from 5 [13 14)
thread idx 2 steal from 5 [21 22)
thread idx 2 steal from 5 [29 30)
thread idx 2 steal from 5 [37 38)
thread idx 2 steal from 5 [45 46)
thread idx 6 steal from 7 [7 8)
thread idx 6 steal from 7 [15 16)
thread idx 6 steal from 7 [23 24)
thread idx 6 steal from 7 [31 32)
thread idx 6 steal from 7 [39 40)
thread idx 6 steal from 7 [47 48)
thread idx 6 steal from 7 [55 56)
thread idx 6 steal from 7 [63 64)
thread idx 6 steal from 0 [0 1)
thread idx 6 steal from 0 [8 9)
thread idx 2 steal from 5 [53 54)
thread idx 6 steal from 0 [16 17)
thread idx 2 steal from 5 [61 62)
thread idx 6 steal from 0 [24 25)
thread idx 2 steal from 0 [32 33)
thread idx 6 steal from 0 [40 41)
thread idx 2 steal from 0 [48 49)
thread idx 6 steal from 0 [56 57)
thread idx 2 steal from 1 [1 2)
thread idx 6 steal from 1 [9 10)
thread idx 2 steal from 1 [17 18)
thread idx 6 steal from 1 [25 26)
thread idx 2 steal from 1 [33 34)
thread idx 6 steal from 1 [41 42)
thread idx 2 steal from 1 [49 50)
thread idx 6 steal from 1 [57 58)
threadid 6 done 1 task, taskid 173, remainingTaksNum 226
thread idx 174, Get A workFromWaitingQueue, taskId64, num_total_tasks 0 deped_has_not_been_done_num 64
thread idx 4 steal from 5 [5 6)
thread idx 4 steal from 5 [13 14)
thread idx 4 steal from 5 [21 22)
thread idx 4 steal from 5 [29 30)
thread idx 4 steal from 5 [37 38)
thread idx 2 steal from 3 [3 4)
thread idx 4 steal from 5 [45 46)
thread idx 2 steal from 3 [11 12)
thread idx 4 steal from 5 [53 54)
thread idx 2 steal from 3 [19 20)
thread idx 4 steal from 5 [61 62)
thread idx 2 steal from 3 [27 28)
thread idx 4 steal from 6 [6 7)
thread idx 2 steal from 3 [35 36)
thread idx 4 steal from 6 [14 15)
thread idx 2 steal from 3 [43 44)
thread idx 4 steal from 6 [22 23)
thread idx 2 steal from 3 [51 52)
thread idx 4 steal from 6 [30 31)
thread idx 2 steal from 3 [59 60)
thread idx 4 steal from 6 [38 39)
thread idx 2 steal from 6 [46 47)
thread idx 4 steal from 6 [54 55)
thread idx 2 steal from 6 [62 63)
thread idx 4 steal from 7 [7 8)
thread idx 2 steal from 7 [15 16)
thread idx 4 steal from 7 [23 24)
thread idx 2 steal from 7 [31 32)
thread idx 4 steal from 7 [39 40)
thread idx 2 steal from 7 [47 48)
thread idx 4 steal from 7 [55 56)
thread idx 2 steal from 7 [63 64)
thread idx 4 steal from 0 [0 1)
thread idx 2 steal from 0 [8 9)
thread idx 4 steal from 0 [16 17)
thread idx 2 steal from 0 [24 25)
thread idx 4 steal from 0 [32 33)
thread idx 2 steal from 0 [40 41)
thread idx 4 steal from 0 [48 49)
thread idx 2 steal from 0 [56 57)
thread idx 4 steal from 1 [1 2)
thread idx 2 steal from 1 [9 10)
thread idx 4 steal from 1 [17 18)
thread idx 2 steal from 1 [25 26)
thread idx 4 steal from 1 [33 34)
thread idx 2 steal from 1 [41 42)
thread idx 4 steal from 1 [49 50)
thread idx 2 steal from 1 [57 58)
threadid 2 done 1 task, taskid 174, remainingTaksNum 225
thread idx 175, Get A workFromWaitingQueue, taskId64, num_total_tasks 0 deped_has_not_been_done_num 64
thread idx 3 steal from 4 [4 5)
thread idx 3 steal from 4 [12 13)
thread idx 3 steal from 4 [20 21)
thread idx 3 steal from 4 [28 29)
thread idx 3 steal from 4 [36 37)
thread idx 3 steal from 4 [44 45)
thread idx 3 steal from 4 [52 53)
thread idx 7 steal from 0 [0 1)
thread idx 7 steal from 0 [8 9)
thread idx 7 steal from 0 [16 17)
thread idx 7 steal from 0 [24 25)
thread idx 7 steal from 0 [32 33)
thread idx 7 steal from 0 [40 41)
thread idx 7 steal from 0 [48 49)
thread idx 7 steal from 0 [56 57)
thread idx 7 steal from 1 [1 2)
thread idx 7 steal from 1 [9 10)
thread idx 7 steal from 1 [17 18)
thread idx 7 steal from 1 [25 26)
thread idx 7 steal from 1 [33 34)
thread idx 7 steal from 1 [41 42)
thread idx 7 steal from 1 [49 50)
thread idx 7 steal from 1 [57 58)
thread idx 7 steal from 2 [2 3)
thread idx 7 steal from 2 [10 11)
thread idx 7 steal from 2 [18 19)
thread idx 7 steal from 2 [26 27)
thread idx 0 steal from 2 [34 35)
thread idx 3 steal from 5 [13 14)
thread idx 3 steal from 5 [21 22)
thread idx 3 steal from 5 [29 30)
thread idx 0 steal from 2 [50 51)
thread idx 3 steal from 5 [37 38)
thread idx 3 steal from 5 [45 46)
thread idx 3 steal from 5 [53 54)
thread idx 3 steal from 5 [61 62)
thread idx 3 steal from 6 [6 7)
thread idx 3 steal from 6 [14 15)
thread idx 3 steal from 6 [22 23)
thread idx 3 steal from 6 [30 31)
thread idx 3 steal from 6 [38 39)
thread idx 3 steal from 6 [46 47)
thread idx 4 steal from 5 [5 6)
thread idx 3 steal from 6 [54 55)
thread idx 4 steal from 6 [62 63)
thread idx 3 steal from 2 [58 59)
thread idx 7 steal from 2 [42 43)
threadid 7 done 1 task, taskid 175, remainingTaksNum 224
thread idx 176, Get A workFromWaitingQueue, taskId64, num_total_tasks 0 deped_has_not_been_done_num 64
thread idx 7 steal from 0 [0 1)
thread idx 7 steal from 0 [8 9)
thread idx 7 steal from 0 [16 17)
thread idx 7 steal from 0 [24 25)
thread idx 7 steal from 0 [32 33)
thread idx 7 steal from 0 [48 49)
thread idx 6 steal from 1 [1 2)
thread idx 7 steal from 1 [17 18)
thread idx 7 steal from 1 [25 26)
thread idx 7 steal from 1 [33 34)
thread idx 7 steal from 1 [49 50)
thread idx 6 steal from 1 [41 42)
thread idx 7 steal from 1 [57 58)
thread idx 5 steal from 2 [2 3)
thread idx 6 steal from 2 [10 11)
thread idx 7 steal from 2 [18 19)
thread idx 6 steal from 2 [26 27)
thread idx 5 steal from 2 [34 35)
thread idx 6 steal from 2 [42 43)
thread idx 5 steal from 2 [50 51)
thread idx 6 steal from 2 [58 59)
thread idx 5 steal from 3 [3 4)
thread idx 6 steal from 3 [11 12)
thread idx 7 steal from 3 [19 20)
thread idx 6 steal from 3 [35 36)
thread idx 6 steal from 3 [43 44)
thread idx 6 steal from 3 [51 52)
thread idx 7 steal from 3 [59 60)
thread idx 5 steal from 3 [27 28)
thread idx 5 steal from 4 [12 13)
thread idx 7 steal from 4 [20 21)
thread idx 3 steal from 4 [28 29)
thread idx 7 steal from 4 [44 45)
thread idx 7 steal from 4 [52 53)
thread idx 6 steal from 4 [4 5)
thread idx 7 steal from 4 [60 61)
thread idx 5 steal from 4 [36 37)
thread idx 0 steal from 1 [9 10)
threadid 0 done 1 task, taskid 176, remainingTaksNum 223
thread idx 177, Get A workFromWaitingQueue, taskId64, num_total_tasks 0 deped_has_not_been_done_num 64
thread idx 0 steal from 1 [1 2)
thread idx 0 steal from 1 [9 10)
thread idx 2 steal from 3 [3 4)
thread idx 0 steal from 1 [17 18)
thread idx 2 steal from 3 [11 12)
thread idx 2 steal from 3 [19 20)
thread idx 2 steal from 3 [27 28)
thread idx 0 steal from 1 [33 34)
thread idx 2 steal from 3 [35 36)
thread idx 1 steal from 3 [43 44)
thread idx 1 steal from 4 [4 5)
thread idx 1 steal from 4 [12 13)
thread idx 5 steal from 6 [6 7)
thread idx 2 steal from 3 [51 52)
thread idx 5 steal from 6 [14 15)
thread idx 5 steal from 6 [22 23)
thread idx 5 steal from 6 [30 31)
thread idx 5 steal from 6 [38 39)
thread idx 5 steal from 6 [46 47)
thread idx 5 steal from 6 [54 55)
thread idx 5 steal from 6 [62 63)
thread idx 6 steal from 7 [7 8)
thread idx 4 steal from 7 [23 24)
thread idx 2 steal from 7 [39 40)
thread idx 0 steal from 3 [59 60)
thread idx 2 steal from 7 [47 48)
thread idx 2 steal from 7 [55 56)
thread idx 0 steal from 7 [63 64)
thread idx 5 steal from 7 [15 16)
thread idx 6 steal from 7 [31 32)
thread idx 1 steal from 4 [20 21)
threadid 1 done 1 task, taskid 177, remainingTaksNum 222
thread idx 178, Get A workFromWaitingQueue, taskId64, num_total_tasks 0 deped_has_not_been_done_num 64
thread idx 6 steal from 7 [7 8)
thread idx 6 steal from 7 [15 16)
thread idx 6 steal from 7 [23 24)
thread idx 6 steal from 7 [31 32)
thread idx 6 steal from 7 [39 40)
thread idx 6 steal from 7 [47 48)
thread idx 6 steal from 7 [55 56)
thread idx 6 steal from 7 [63 64)
thread idx 6 steal from 0 [0 1)
thread idx 6 steal from 0 [8 9)
thread idx 6 steal from 0 [16 17)
thread idx 6 steal from 0 [24 25)
thread idx 6 steal from 0 [32 33)
thread idx 3 steal from 4 [4 5)
thread idx 3 steal from 4 [12 13)
thread idx 3 steal from 4 [20 21)
thread idx 3 steal from 4 [28 29)
thread idx 3 steal from 4 [36 37)
thread idx 3 steal from 4 [44 45)
thread idx 6 steal from 0 [40 41)
thread idx 3 steal from 4 [52 53)
thread idx 3 steal from 4 [60 61)
thread idx 3 steal from 5 [5 6)
thread idx 3 steal from 5 [13 14)
thread idx 6 steal from 0 [48 49)
thread idx 3 steal from 5 [21 22)
thread idx 6 steal from 0 [56 57)
thread idx 6 steal from 1 [1 2)
thread idx 3 steal from 5 [29 30)
thread idx 6 steal from 1 [9 10)
thread idx 3 steal from 5 [37 38)
thread idx 6 steal from 1 [17 18)
thread idx 3 steal from 5 [45 46)
thread idx 6 steal from 1 [25 26)
thread idx 3 steal from 5 [53 54)
thread idx 6 steal from 1 [33 34)
thread idx 3 steal from 5 [61 62)
thread idx 6 steal from 1 [41 42)
thread idx 3 steal from 1 [49 50)
thread idx 6 steal from 1 [57 58)
thread idx 3 steal from 2 [2 3)
thread idx 6 steal from 2 [10 11)
thread idx 3 steal from 2 [18 19)
thread idx 6 steal from 2 [26 27)
thread idx 3 steal from 2 [34 35)
thread idx 0 steal from 2 [42 43)
thread idx 3 steal from 2 [58 59)
thread idx 6 steal from 2 [50 51)
threadid 6 done 1 task, taskid 178, remainingTaksNum 221
thread idx 179, Get A workFromWaitingQueue, taskId64, num_total_tasks 0 deped_has_not_been_done_num 64
thread idx 3 steal from 4 [4 5)
thread idx 3 steal from 4 [12 13)
thread idx 3 steal from 4 [20 21)
thread idx 3 steal from 4 [28 29)
thread idx 3 steal from 4 [36 37)
thread idx 3 steal from 4 [44 45)
thread idx 3 steal from 4 [52 53)
thread idx 3 steal from 4 [60 61)
thread idx 3 steal from 5 [5 6)
thread idx 3 steal from 5 [13 14)
thread idx 3 steal from 5 [21 22)
thread idx 3 steal from 5 [29 30)
thread idx 3 steal from 5 [37 38)
thread idx 3 steal from 5 [45 46)
thread idx 3 steal from 5 [53 54)
thread idx 3 steal from 5 [61 62)
thread idx 3 steal from 6 [6 7)
thread idx 3 steal from 6 [14 15)
thread idx 3 steal from 6 [22 23)
thread idx 3 steal from 6 [30 31)
thread idx 3 steal from 6 [38 39)
thread idx 3 steal from 6 [46 47)
thread idx 3 steal from 6 [54 55)
thread idx 3 steal from 6 [62 63)
thread idx 3 steal from 7 [7 8)
thread idx 3 steal from 7 [15 16)
thread idx 3 steal from 7 [23 24)
thread idx 3 steal from 7 [31 32)
thread idx 6 steal from 7 [39 40)
thread idx 3 steal from 7 [47 48)
thread idx 6 steal from 7 [55 56)
thread idx 3 steal from 7 [63 64)
thread idx 6 steal from 0 [0 1)
thread idx 3 steal from 0 [8 9)
thread idx 6 steal from 0 [16 17)
thread idx 3 steal from 0 [24 25)
thread idx 6 steal from 0 [32 33)
thread idx 3 steal from 0 [40 41)
thread idx 6 steal from 0 [48 49)
thread idx 3 steal from 0 [56 57)
thread idx 6 steal from 1 [1 2)
thread idx 3 steal from 1 [9 10)
thread idx 6 steal from 1 [17 18)
thread idx 3 steal from 1 [25 26)
thread idx 6 steal from 1 [33 34)
thread idx 3 steal from 1 [41 42)
thread idx 6 steal from 1 [49 50)
thread idx 3 steal from 1 [57 58)
thread idx 6 steal from 2 [2 3)
thread idx 3 steal from 2 [10 11)
thread idx 6 steal from 2 [18 19)
thread idx 3 steal from 2 [26 27)
thread idx 6 steal from 2 [34 35)
thread idx 6 steal from 2 [42 43)
thread idx 3 steal from 2 [50 51)
thread idx 6 steal from 2 [58 59)
threadid 6 done 1 task, taskid 179, remainingTaksNum 220
thread idx 180, Get A workFromWaitingQueue, taskId64, num_total_tasks 0 deped_has_not_been_done_num 64
thread idx 3 steal from 4 [4 5)
thread idx 3 steal from 4 [12 13)
thread idx 3 steal from 4 [20 21)
thread idx 3 steal from 4 [28 29)
thread idx 3 steal from 4 [36 37)
thread idx 3 steal from 4 [44 45)
thread idx 3 steal from 4 [52 53)
thread idx 3 steal from 4 [60 61)
thread idx 3 steal from 5 [5 6)
thread idx 3 steal from 5 [13 14)
thread idx 3 steal from 5 [21 22)
thread idx 3 steal from 5 [29 30)
thread idx 3 steal from 5 [37 38)
thread idx 3 steal from 5 [45 46)
thread idx 4 steal from 5 [53 54)
thread idx 4 steal from 6 [6 7)
thread idx 4 steal from 6 [14 15)
thread idx 4 steal from 6 [22 23)
thread idx 4 steal from 6 [30 31)
thread idx 4 steal from 6 [38 39)
thread idx 3 steal from 5 [61 62)
thread idx 4 steal from 6 [46 47)
thread idx 3 steal from 6 [54 55)
thread idx 4 steal from 6 [62 63)
thread idx 3 steal from 7 [7 8)
thread idx 4 steal from 7 [15 16)
thread idx 3 steal from 7 [23 24)
thread idx 4 steal from 7 [31 32)
thread idx 3 steal from 7 [39 40)
thread idx 4 steal from 7 [47 48)
thread idx 3 steal from 7 [55 56)
thread idx 4 steal from 7 [63 64)
thread idx 3 steal from 0 [0 1)
thread idx 4 steal from 0 [8 9)
thread idx 3 steal from 0 [16 17)
thread idx 4 steal from 0 [24 25)
thread idx 4 steal from 0 [32 33)
thread idx 3 steal from 0 [40 41)
thread idx 4 steal from 0 [48 49)
thread idx 3 steal from 1 [1 2)
thread idx 4 steal from 1 [9 10)
thread idx 5 steal from 1 [17 18)
thread idx 4 steal from 1 [41 42)
thread idx 4 steal from 1 [49 50)
thread idx 4 steal from 1 [57 58)
thread idx 4 steal from 2 [2 3)
thread idx 5 steal from 2 [10 11)
thread idx 4 steal from 2 [18 19)
thread idx 5 steal from 2 [26 27)
thread idx 4 steal from 2 [34 35)
thread idx 0 steal from 1 [25 26)
thread idx 4 steal from 2 [50 51)
thread idx 4 steal from 2 [58 59)
thread idx 3 steal from 1 [33 34)
thread idx 5 steal from 2 [42 43)
threadid 5 done 1 task, taskid 180, remainingTaksNum 219
thread idx 181, Get A workFromWaitingQueue, taskId64, num_total_tasks 0 deped_has_not_been_done_num 64
thread idx 5 steal from 6 [6 7)
thread idx 5 steal from 6 [14 15)
thread idx 5 steal from 6 [22 23)
thread idx 5 steal from 6 [30 31)
thread idx 5 steal from 6 [38 39)
thread idx 5 steal from 6 [46 47)
thread idx 5 steal from 6 [54 55)
thread idx 5 steal from 6 [62 63)
thread idx 7 steal from 0 [0 1)
thread idx 1 steal from 2 [2 3)
thread idx 1 steal from 2 [10 11)
thread idx 1 steal from 2 [18 19)
thread idx 1 steal from 2 [26 27)
thread idx 1 steal from 2 [34 35)
thread idx 1 steal from 2 [42 43)
thread idx 1 steal from 2 [50 51)
thread idx 1 steal from 2 [58 59)
thread idx 7 steal from 0 [16 17)
thread idx 7 steal from 0 [24 25)
thread idx 7 steal from 0 [32 33)
thread idx 7 steal from 0 [40 41)
thread idx 7 steal from 0 [48 49)
thread idx 5 steal from 0 [8 9)
thread idx 1 steal from 3 [3 4)
thread idx 1 steal from 3 [11 12)
thread idx 5 steal from 3 [19 20)
thread idx 7 steal from 0 [56 57)
thread idx 5 steal from 3 [35 36)
thread idx 5 steal from 3 [43 44)
thread idx 5 steal from 3 [51 52)
thread idx 7 steal from 3 [59 60)
thread idx 5 steal from 4 [4 5)
thread idx 7 steal from 4 [12 13)
thread idx 5 steal from 4 [20 21)
thread idx 7 steal from 4 [28 29)
thread idx 5 steal from 4 [36 37)
thread idx 7 steal from 4 [44 45)
thread idx 5 steal from 4 [52 53)
thread idx 7 steal from 4 [60 61)
thread idx 1 steal from 3 [27 28)
threadid 1 done 1 task, taskid 181, remainingTaksNum 218
thread idx 182, Get A workFromWaitingQueue, taskId64, num_total_tasks 0 deped_has_not_been_done_num 64
thread idx 2 steal from 3 [3 4)
thread idx 2 steal from 3 [11 12)
thread idx 2 steal from 3 [19 20)
thread idx 2 steal from 3 [27 28)
thread idx 2 steal from 3 [35 36)
thread idx 2 steal from 3 [43 44)
thread idx 2 steal from 3 [51 52)
thread idx 2 steal from 3 [59 60)
thread idx 2 steal from 4 [4 5)
thread idx 2 steal from 4 [12 13)
thread idx 2 steal from 4 [20 21)
thread idx 2 steal from 4 [28 29)
thread idx 2 steal from 4 [36 37)
thread idx 2 steal from 4 [44 45)
thread idx 2 steal from 4 [52 53)
thread idx 2 steal from 4 [60 61)
thread idx 2 steal from 5 [5 6)
thread idx 2 steal from 5 [13 14)
thread idx 2 steal from 5 [21 22)
thread idx 2 steal from 5 [29 30)
thread idx 2 steal from 5 [37 38)
thread idx 2 steal from 5 [45 46)
thread idx 2 steal from 5 [53 54)
thread idx 4 steal from 5 [61 62)
thread idx 4 steal from 6 [14 15)
thread idx 0 steal from 1 [1 2)
thread idx 4 steal from 6 [22 23)
thread idx 0 steal from 1 [9 10)
thread idx 4 steal from 6 [30 31)
thread idx 0 steal from 1 [17 18)
thread idx 4 steal from 6 [38 39)
thread idx 0 steal from 1 [25 26)
thread idx 4 steal from 6 [46 47)
thread idx 0 steal from 1 [33 34)
thread idx 4 steal from 6 [54 55)
thread idx 0 steal from 1 [41 42)
thread idx 0 steal from 1 [49 50)
thread idx 0 steal from 1 [57 58)
thread idx 4 steal from 6 [62 63)
thread idx 0 steal from 7 [7 8)
thread idx 4 steal from 7 [15 16)
thread idx 0 steal from 7 [23 24)
thread idx 4 steal from 7 [31 32)
thread idx 0 steal from 7 [39 40)
thread idx 0 steal from 7 [47 48)
thread idx 4 steal from 7 [55 56)
thread idx 2 steal from 6 [6 7)
thread idx 0 steal from 7 [63 64)
threadid 0 done 1 task, taskid 182, remainingTaksNum 217
thread idx 183, Get A workFromWaitingQueue, taskId64, num_total_tasks 0 deped_has_not_been_done_num 64
thread idx 6 steal from 7 [7 8)
thread idx 6 steal from 7 [15 16)
thread idx 6 steal from 7 [23 24)
thread idx 6 steal from 7 [31 32)
thread idx 6 steal from 7 [39 40)
thread idx 6 steal from 7 [47 48)
thread idx 6 steal from 7 [55 56)
thread idx 6 steal from 7 [63 64)
thread idx 6 steal from 0 [0 1)
thread idx 6 steal from 0 [8 9)
thread idx 6 steal from 0 [16 17)
thread idx 3 steal from 4 [4 5)
thread idx 3 steal from 4 [12 13)
thread idx 3 steal from 4 [20 21)
thread idx 3 steal from 4 [28 29)
thread idx 3 steal from 4 [36 37)
thread idx 5 steal from 0 [32 33)
thread idx 5 steal from 0 [40 41)
thread idx 5 steal from 0 [48 49)
thread idx 3 steal from 4 [44 45)
thread idx 3 steal from 4 [52 53)
thread idx 3 steal from 4 [60 61)
thread idx 3 steal from 0 [56 57)
thread idx 3 steal from 1 [1 2)
thread idx 5 steal from 1 [9 10)
thread idx 3 steal from 1 [17 18)
thread idx 3 steal from 1 [25 26)
thread idx 5 steal from 1 [33 34)
thread idx 3 steal from 1 [41 42)
thread idx 5 steal from 1 [49 50)
thread idx 3 steal from 1 [57 58)
thread idx 6 steal from 0 [24 25)
thread idx 3 steal from 2 [2 3)
thread idx 5 steal from 2 [10 11)
thread idx 3 steal from 2 [18 19)
thread idx 6 steal from 2 [26 27)
thread idx 3 steal from 2 [34 35)
thread idx 5 steal from 2 [42 43)
thread idx 3 steal from 2 [50 51)
thread idx 6 steal from 2 [58 59)
threadid 6 done 1 task, taskid 183, remainingTaksNum 216
thread idx 184, Get A workFromWaitingQueue, taskId64, num_total_tasks 0 deped_has_not_been_done_num 64
thread idx 7 steal from 0 [0 1)
thread idx 7 steal from 0 [8 9)
thread idx 7 steal from 0 [16 17)
thread idx 7 steal from 0 [24 25)
thread idx 7 steal from 0 [32 33)
thread idx 7 steal from 0 [40 41)
thread idx 7 steal from 0 [48 49)
thread idx 7 steal from 0 [56 57)
thread idx 7 steal from 1 [1 2)
thread idx 7 steal from 1 [9 10)
thread idx 7 steal from 1 [17 18)
thread idx 7 steal from 1 [33 34)
thread idx 7 steal from 1 [57 58)
thread idx 1 steal from 2 [2 3)
thread idx 7 steal from 2 [10 11)
thread idx 1 steal from 2 [18 19)
thread idx 1 steal from 2 [26 27)
thread idx 7 steal from 2 [34 35)
thread idx 1 steal from 2 [42 43)
thread idx 7 steal from 2 [50 51)
thread idx 1 steal from 2 [58 59)
thread idx 7 steal from 3 [3 4)
thread idx 1 steal from 3 [11 12)
thread idx 7 steal from 3 [19 20)
thread idx 7 steal from 3 [35 36)
thread idx 7 steal from 3 [43 44)
thread idx 1 steal from 3 [27 28)
thread idx 7 steal from 3 [51 52)
thread idx 1 steal from 3 [59 60)
thread idx 7 steal from 4 [4 5)
thread idx 1 steal from 4 [12 13)
thread idx 7 steal from 4 [20 21)
thread idx 1 steal from 4 [28 29)
thread idx 7 steal from 4 [36 37)
thread idx 1 steal from 4 [44 45)
thread idx 7 steal from 4 [52 53)
thread idx 1 steal from 4 [60 61)
thread idx 7 steal from 5 [5 6)
thread idx 4 steal from 5 [13 14)
thread idx 2 steal from 5 [37 38)
thread idx 2 steal from 5 [45 46)
thread idx 2 steal from 5 [53 54)
thread idx 2 steal from 5 [61 62)
thread idx 2 steal from 6 [6 7)
thread idx 2 steal from 6 [14 15)
thread idx 2 steal from 6 [22 23)
thread idx 2 steal from 6 [30 31)
thread idx 2 steal from 6 [38 39)
thread idx 1 steal from 5 [21 22)
thread idx 1 steal from 6 [62 63)
thread idx 7 steal from 5 [29 30)
thread idx 4 steal from 6 [54 55)
thread idx 0 steal from 6 [46 47)
threadid 0 done 1 task, taskid 184, remainingTaksNum 215
thread idx 185, Get A workFromWaitingQueue, taskId64, num_total_tasks 0 deped_has_not_been_done_num 64
thread idx 0 steal from 1 [1 2)
thread idx 0 steal from 1 [9 10)
thread idx 0 steal from 1 [17 18)
thread idx 0 steal from 1 [25 26)
thread idx 0 steal from 1 [33 34)
thread idx 0 steal from 1 [41 42)
thread idx 2 steal from 3 [3 4)
thread idx 0 steal from 1 [49 50)
thread idx 2 steal from 3 [11 12)
thread idx 2 steal from 3 [19 20)
thread idx 0 steal from 1 [57 58)
thread idx 2 steal from 3 [27 28)
thread idx 0 steal from 3 [35 36)
thread idx 0 steal from 3 [51 52)
thread idx 5 steal from 6 [6 7)
thread idx 0 steal from 3 [59 60)
thread idx 2 steal from 3 [43 44)
thread idx 0 steal from 4 [4 5)
thread idx 0 steal from 4 [12 13)
thread idx 0 steal from 4 [20 21)
thread idx 2 steal from 4 [28 29)
thread idx 0 steal from 4 [36 37)
thread idx 2 steal from 4 [44 45)
thread idx 5 steal from 6 [14 15)
thread idx 7 steal from 4 [52 53)
thread idx 5 steal from 6 [22 23)
thread idx 2 steal from 6 [30 31)
thread idx 0 steal from 4 [60 61)
thread idx 7 steal from 6 [46 47)
thread idx 2 steal from 6 [54 55)
thread idx 0 steal from 6 [62 63)
thread idx 5 steal from 6 [38 39)
threadid 5 done 1 task, taskid 185, remainingTaksNum 214
thread idx 186, Get A workFromWaitingQueue, taskId64, num_total_tasks 0 deped_has_not_been_done_num 64
thread idx 3 steal from 4 [4 5)
thread idx 3 steal from 4 [12 13)
thread idx 3 steal from 4 [20 21)
thread idx 3 steal from 4 [28 29)
thread idx 3 steal from 4 [36 37)
thread idx 3 steal from 4 [44 45)
thread idx 3 steal from 4 [52 53)
thread idx 3 steal from 4 [60 61)
thread idx 3 steal from 5 [5 6)
thread idx 3 steal from 5 [13 14)
thread idx 3 steal from 5 [21 22)
thread idx 6 steal from 7 [7 8)
thread idx 6 steal from 7 [15 16)
thread idx 6 steal from 7 [23 24)
thread idx 6 steal from 7 [31 32)
thread idx 6 steal from 7 [39 40)
thread idx 6 steal from 7 [47 48)
thread idx 6 steal from 7 [55 56)
thread idx 6 steal from 7 [63 64)
thread idx 6 steal from 0 [8 9)
thread idx 3 steal from 5 [29 30)
thread idx 6 steal from 0 [24 25)
thread idx 3 steal from 5 [37 38)
thread idx 6 steal from 0 [48 49)
thread idx 0 steal from 2 [10 11)
thread idx 6 steal from 2 [18 19)
thread idx 3 steal from 5 [45 46)
thread idx 0 steal from 2 [26 27)
thread idx 6 steal from 2 [34 35)
thread idx 6 steal from 2 [42 43)
thread idx 0 steal from 2 [50 51)
thread idx 6 steal from 2 [58 59)
thread idx 3 steal from 5 [53 54)
thread idx 0 steal from 5 [61 62)
thread idx 1 steal from 2 [2 3)
threadid 1 done 1 task, taskid 186, remainingTaksNum 213
thread idx 187, Get A workFromWaitingQueue, taskId64, num_total_tasks 0 deped_has_not_been_done_num 64
thread idx 7 steal from 0 [0 1)
thread idx 5 steal from 6 [6 7)
thread idx 7 steal from 0 [8 9)
thread idx 5 steal from 6 [14 15)
thread idx 5 steal from 6 [22 23)
thread idx 7 steal from 0 [16 17)
thread idx 5 steal from 6 [30 31)
thread idx 7 steal from 0 [24 25)
thread idx 5 steal from 6 [38 39)
thread idx 7 steal from 0 [32 33)
thread idx 5 steal from 6 [46 47)
thread idx 5 steal from 6 [54 55)
thread idx 7 steal from 0 [40 41)
thread idx 5 steal from 6 [62 63)
thread idx 7 steal from 0 [48 49)
thread idx 5 steal from 0 [56 57)
thread idx 5 steal from 1 [41 42)
thread idx 7 steal from 1 [33 34)
thread idx 5 steal from 1 [57 58)
thread idx 1 steal from 2 [2 3)
thread idx 7 steal from 2 [10 11)
thread idx 5 steal from 2 [18 19)
thread idx 1 steal from 2 [26 27)
thread idx 7 steal from 2 [34 35)
thread idx 1 steal from 2 [50 51)
thread idx 5 steal from 2 [42 43)
thread idx 1 steal from 2 [58 59)
thread idx 7 steal from 3 [3 4)
thread idx 5 steal from 3 [11 12)
thread idx 1 steal from 3 [19 20)
thread idx 1 steal from 3 [35 36)
thread idx 1 steal from 3 [43 44)
thread idx 1 steal from 3 [51 52)
thread idx 1 steal from 3 [59 60)
thread idx 1 steal from 4 [4 5)
thread idx 0 steal from 4 [28 29)
thread idx 0 steal from 4 [36 37)
thread idx 0 steal from 4 [44 45)
thread idx 0 steal from 4 [52 53)
thread idx 0 steal from 4 [60 61)
thread idx 5 steal from 4 [12 13)
thread idx 7 steal from 3 [27 28)
thread idx 2 steal from 4 [20 21)
threadid 2 done 1 task, taskid 187, remainingTaksNum 212
thread idx 188, Get A workFromWaitingQueue, taskId64, num_total_tasks 0 deped_has_not_been_done_num 64
thread idx 3 steal from 4 [4 5)
thread idx 3 steal from 4 [12 13)
thread idx 3 steal from 4 [20 21)
thread idx 3 steal from 4 [28 29)
thread idx 3 steal from 4 [36 37)
thread idx 3 steal from 4 [44 45)
thread idx 3 steal from 4 [52 53)
thread idx 3 steal from 4 [60 61)
thread idx 3 steal from 5 [5 6)
thread idx 3 steal from 5 [13 14)
thread idx 3 steal from 5 [21 22)
thread idx 3 steal from 5 [29 30)
thread idx 3 steal from 5 [37 38)
thread idx 3 steal from 5 [45 46)
thread idx 3 steal from 5 [53 54)
thread idx 3 steal from 5 [61 62)
thread idx 6 steal from 7 [7 8)
thread idx 3 steal from 7 [15 16)
thread idx 6 steal from 7 [23 24)
thread idx 3 steal from 7 [31 32)
thread idx 6 steal from 7 [39 40)
thread idx 3 steal from 7 [47 48)
thread idx 6 steal from 7 [55 56)
thread idx 3 steal from 7 [63 64)
thread idx 6 steal from 0 [0 1)
thread idx 3 steal from 0 [8 9)
thread idx 7 steal from 0 [24 25)
thread idx 3 steal from 0 [32 33)
thread idx 3 steal from 0 [40 41)
thread idx 3 steal from 0 [48 49)
thread idx 3 steal from 0 [56 57)
thread idx 7 steal from 1 [1 2)
thread idx 0 steal from 1 [9 10)
thread idx 7 steal from 1 [25 26)
thread idx 6 steal from 0 [16 17)
thread idx 7 steal from 1 [33 34)
thread idx 6 steal from 1 [41 42)
thread idx 7 steal from 1 [49 50)
thread idx 6 steal from 2 [2 3)
thread idx 3 steal from 1 [17 18)
thread idx 3 steal from 2 [10 11)
thread idx 7 steal from 2 [18 19)
thread idx 3 steal from 2 [26 27)
thread idx 7 steal from 2 [34 35)
thread idx 3 steal from 2 [42 43)
thread idx 7 steal from 2 [50 51)
thread idx 0 steal from 1 [57 58)
threadid 6 done 1 task, taskid 188, remainingTaksNum 211
thread idx 189, Get A workFromWaitingQueue, taskId64, num_total_tasks 0 deped_has_not_been_done_num 64
thread idx 6 steal from 7 [7 8)
thread idx 6 steal from 7 [15 16)
thread idx 6 steal from 7 [23 24)
thread idx 6 steal from 7 [31 32)
thread idx 6 steal from 7 [39 40)
thread idx 6 steal from 7 [47 48)
thread idx 6 steal from 7 [55 56)
thread idx 6 steal from 7 [63 64)
thread idx 6 steal from 0 [0 1)
thread idx 6 steal from 0 [8 9)
thread idx 6 steal from 0 [16 17)
thread idx 6 steal from 0 [24 25)
thread idx 6 steal from 0 [32 33)
thread idx 6 steal from 0 [40 41)
thread idx 6 steal from 0 [48 49)
thread idx 6 steal from 0 [56 57)
thread idx 6 steal from 1 [1 2)
thread idx 6 steal from 1 [9 10)
thread idx 6 steal from 1 [17 18)
thread idx 6 steal from 1 [25 26)
thread idx 6 steal from 1 [33 34)
thread idx 3 steal from 4 [4 5)
thread idx 6 steal from 1 [41 42)
thread idx 6 steal from 1 [49 50)
thread idx 3 steal from 4 [12 13)
thread idx 3 steal from 4 [20 21)
thread idx 3 steal from 4 [28 29)
thread idx 3 steal from 4 [36 37)
thread idx 6 steal from 1 [57 58)
thread idx 3 steal from 4 [44 45)
thread idx 6 steal from 2 [2 3)
thread idx 6 steal from 2 [10 11)
thread idx 3 steal from 4 [52 53)
thread idx 6 steal from 2 [18 19)
thread idx 3 steal from 4 [60 61)
thread idx 6 steal from 2 [26 27)
thread idx 3 steal from 5 [5 6)
thread idx 4 steal from 5 [13 14)
thread idx 3 steal from 5 [21 22)
thread idx 4 steal from 5 [29 30)
thread idx 3 steal from 5 [37 38)
thread idx 4 steal from 5 [45 46)
thread idx 4 steal from 5 [53 54)
thread idx 3 steal from 5 [61 62)
thread idx 4 steal from 2 [42 43)
thread idx 3 steal from 2 [50 51)
thread idx 4 steal from 2 [58 59)
thread idx 6 steal from 2 [34 35)
threadid 6 done 1 task, taskid 189, remainingTaksNum 210
thread idx 190, Get A workFromWaitingQueue, taskId64, num_total_tasks 0 deped_has_not_been_done_num 64
thread idx 6 steal from 7 [7 8)
thread idx 6 steal from 7 [15 16)
thread idx 6 steal from 7 [23 24)
thread idx 6 steal from 7 [31 32)
thread idx 6 steal from 7 [39 40)
thread idx 6 steal from 7 [47 48)
thread idx 6 steal from 7 [55 56)
thread idx 6 steal from 7 [63 64)
thread idx 2 steal from 4 [12 13)
thread idx 6 steal from 0 [0 1)
thread idx 2 steal from 4 [20 21)
thread idx 6 steal from 0 [8 9)
thread idx 2 steal from 4 [28 29)
thread idx 6 steal from 0 [16 17)
thread idx 2 steal from 4 [36 37)
thread idx 3 steal from 4 [4 5)
thread idx 3 steal from 4 [52 53)
thread idx 3 steal from 4 [60 61)
thread idx 3 steal from 5 [5 6)
thread idx 3 steal from 5 [13 14)
thread idx 3 steal from 5 [21 22)
thread idx 3 steal from 5 [29 30)
thread idx 3 steal from 5 [37 38)
thread idx 3 steal from 5 [45 46)
thread idx 3 steal from 5 [53 54)
thread idx 3 steal from 5 [61 62)
thread idx 6 steal from 0 [24 25)
thread idx 3 steal from 0 [32 33)
thread idx 3 steal from 0 [40 41)
thread idx 3 steal from 0 [48 49)
thread idx 6 steal from 0 [56 57)
thread idx 3 steal from 1 [1 2)
thread idx 7 steal from 1 [17 18)
thread idx 3 steal from 1 [25 26)
thread idx 7 steal from 1 [33 34)
thread idx 3 steal from 1 [41 42)
thread idx 6 steal from 1 [9 10)
thread idx 7 steal from 1 [49 50)
thread idx 3 steal from 1 [57 58)
thread idx 2 steal from 4 [44 45)
threadid 2 done 1 task, taskid 190, remainingTaksNum 209
thread idx 191, Get A workFromWaitingQueue, taskId64, num_total_tasks 0 deped_has_not_been_done_num 64
thread idx 7 steal from 0 [0 1)
thread idx 7 steal from 0 [8 9)
thread idx 7 steal from 0 [16 17)
thread idx 7 steal from 0 [24 25)
thread idx 7 steal from 0 [32 33)
thread idx 4 steal from 5 [5 6)
thread idx 7 steal from 0 [40 41)
thread idx 4 steal from 5 [13 14)
thread idx 7 steal from 0 [48 49)
thread idx 4 steal from 5 [21 22)
thread idx 4 steal from 5 [29 30)
thread idx 7 steal from 0 [56 57)
thread idx 4 steal from 5 [37 38)
thread idx 7 steal from 1 [1 2)
thread idx 4 steal from 5 [45 46)
thread idx 7 steal from 1 [9 10)
thread idx 4 steal from 5 [53 54)
thread idx 7 steal from 1 [17 18)
thread idx 4 steal from 5 [61 62)
thread idx 7 steal from 1 [25 26)
thread idx 4 steal from 6 [6 7)
thread idx 7 steal from 1 [33 34)
thread idx 4 steal from 6 [14 15)
thread idx 7 steal from 1 [41 42)
thread idx 4 steal from 6 [22 23)
thread idx 7 steal from 1 [49 50)
thread idx 4 steal from 6 [30 31)
thread idx 7 steal from 1 [57 58)
thread idx 4 steal from 6 [38 39)
thread idx 7 steal from 2 [2 3)
thread idx 4 steal from 6 [46 47)
thread idx 7 steal from 2 [10 11)
thread idx 4 steal from 6 [54 55)
thread idx 4 steal from 6 [62 63)
thread idx 7 steal from 2 [18 19)
thread idx 4 steal from 2 [26 27)
thread idx 7 steal from 2 [34 35)
thread idx 7 steal from 2 [42 43)
thread idx 4 steal from 2 [50 51)
thread idx 7 steal from 2 [58 59)
thread idx 4 steal from 3 [3 4)
thread idx 7 steal from 3 [19 20)
thread idx 6 steal from 3 [11 12)
thread idx 4 steal from 3 [27 28)
thread idx 6 steal from 3 [43 44)
thread idx 6 steal from 3 [51 52)
thread idx 6 steal from 3 [59 60)
thread idx 7 steal from 3 [35 36)
threadid 7 done 1 task, taskid 191, remainingTaksNum 208
thread idx 192, Get A workFromWaitingQueue, taskId64, num_total_tasks 0 deped_has_not_been_done_num 64
thread idx 7 steal from 0 [0 1)
thread idx 7 steal from 0 [8 9)
thread idx 7 steal from 0 [16 17)
thread idx 7 steal from 0 [24 25)
thread idx 7 steal from 0 [32 33)
thread idx 3 steal from 4 [4 5)
thread idx 7 steal from 0 [40 41)
thread idx 3 steal from 4 [12 13)
thread idx 7 steal from 0 [48 49)
thread idx 3 steal from 4 [20 21)
thread idx 7 steal from 0 [56 57)
thread idx 3 steal from 4 [28 29)
thread idx 7 steal from 1 [1 2)
thread idx 3 steal from 4 [36 37)
thread idx 7 steal from 1 [9 10)
thread idx 3 steal from 4 [44 45)
thread idx 7 steal from 1 [17 18)
thread idx 3 steal from 4 [52 53)
thread idx 7 steal from 1 [25 26)
thread idx 3 steal from 4 [60 61)
thread idx 7 steal from 1 [33 34)
thread idx 3 steal from 5 [5 6)
thread idx 7 steal from 1 [41 42)
thread idx 3 steal from 5 [13 14)
thread idx 7 steal from 1 [49 50)
thread idx 3 steal from 5 [21 22)
thread idx 7 steal from 1 [57 58)
thread idx 3 steal from 5 [29 30)
thread idx 7 steal from 2 [2 3)
thread idx 7 steal from 2 [10 11)
thread idx 7 steal from 2 [18 19)
thread idx 7 steal from 2 [26 27)
thread idx 7 steal from 2 [34 35)
thread idx 7 steal from 2 [42 43)
thread idx 7 steal from 2 [50 51)
thread idx 7 steal from 2 [58 59)
thread idx 7 steal from 6 [14 15)
thread idx 7 steal from 6 [22 23)
thread idx 7 steal from 6 [30 31)
thread idx 7 steal from 6 [38 39)
thread idx 7 steal from 6 [46 47)
thread idx 7 steal from 6 [54 55)
thread idx 3 steal from 5 [37 38)
thread idx 5 steal from 6 [6 7)
thread idx 7 steal from 6 [62 63)
threadid 7 done 1 task, taskid 192, remainingTaksNum 207
thread idx 193, Get A workFromWaitingQueue, taskId64, num_total_tasks 0 deped_has_not_been_done_num 64
thread idx 4 steal from 5 [5 6)
thread idx 4 steal from 5 [21 22)
thread idx 4 steal from 5 [29 30)
thread idx 4 steal from 5 [37 38)
thread idx 3 steal from 5 [13 14)
thread idx 4 steal from 5 [45 46)
thread idx 3 steal from 5 [53 54)
thread idx 4 steal from 5 [61 62)
thread idx 3 steal from 6 [6 7)
thread idx 4 steal from 6 [14 15)
thread idx 3 steal from 6 [22 23)
thread idx 4 steal from 6 [30 31)
thread idx 4 steal from 6 [46 47)
thread idx 4 steal from 6 [54 55)
thread idx 4 steal from 6 [62 63)
thread idx 4 steal from 7 [7 8)
thread idx 4 steal from 7 [15 16)
thread idx 4 steal from 7 [23 24)
thread idx 4 steal from 7 [31 32)
thread idx 4 steal from 7 [39 40)
thread idx 4 steal from 7 [47 48)
thread idx 4 steal from 7 [55 56)
thread idx 4 steal from 7 [63 64)
thread idx 4 steal from 0 [0 1)
thread idx 4 steal from 0 [8 9)
thread idx 3 steal from 6 [38 39)
thread idx 4 steal from 0 [16 17)
thread idx 2 steal from 0 [24 25)
thread idx 3 steal from 0 [32 33)
thread idx 4 steal from 0 [40 41)
thread idx 2 steal from 0 [48 49)
thread idx 4 steal from 0 [56 57)
thread idx 3 steal from 1 [1 2)
thread idx 2 steal from 1 [9 10)
thread idx 3 steal from 1 [25 26)
thread idx 2 steal from 1 [33 34)
thread idx 2 steal from 1 [41 42)
thread idx 2 steal from 1 [49 50)
thread idx 3 steal from 1 [57 58)
thread idx 4 steal from 1 [17 18)
threadid 4 done 1 task, taskid 193, remainingTaksNum 206
thread idx 194, Get A workFromWaitingQueue, taskId64, num_total_tasks 0 deped_has_not_been_done_num 64
thread idx 4 steal from 5 [5 6)
thread idx 4 steal from 5 [13 14)
thread idx 4 steal from 5 [21 22)
thread idx 4 steal from 5 [29 30)
thread idx 4 steal from 5 [37 38)
thread idx 4 steal from 5 [45 46)
thread idx 4 steal from 5 [53 54)
thread idx 4 steal from 5 [61 62)
thread idx 4 steal from 6 [6 7)
thread idx 4 steal from 6 [14 15)
thread idx 4 steal from 6 [22 23)
thread idx 4 steal from 6 [30 31)
thread idx 4 steal from 6 [38 39)
thread idx 4 steal from 6 [46 47)
thread idx 4 steal from 6 [54 55)
thread idx 4 steal from 6 [62 63)
thread idx 4 steal from 7 [7 8)
thread idx 6 steal from 7 [15 16)
thread idx 6 steal from 7 [31 32)
thread idx 6 steal from 7 [39 40)
thread idx 6 steal from 7 [47 48)
thread idx 6 steal from 7 [55 56)
thread idx 6 steal from 7 [63 64)
thread idx 6 steal from 0 [0 1)
thread idx 6 steal from 0 [8 9)
thread idx 6 steal from 0 [16 17)
thread idx 6 steal from 0 [24 25)
thread idx 6 steal from 0 [32 33)
thread idx 6 steal from 0 [40 41)
thread idx 6 steal from 0 [48 49)
thread idx 6 steal from 0 [56 57)
thread idx 6 steal from 1 [1 2)
thread idx 6 steal from 1 [9 10)
thread idx 6 steal from 1 [17 18)
thread idx 4 steal from 7 [23 24)
thread idx 4 steal from 1 [33 34)
thread idx 4 steal from 1 [41 42)
thread idx 5 steal from 1 [49 50)
thread idx 5 steal from 2 [2 3)
thread idx 5 steal from 2 [10 11)
thread idx 5 steal from 2 [18 19)
thread idx 4 steal from 1 [57 58)
thread idx 5 steal from 2 [26 27)
thread idx 6 steal from 1 [25 26)
thread idx 6 steal from 2 [50 51)
thread idx 6 steal from 2 [58 59)
thread idx 6 steal from 3 [3 4)
thread idx 6 steal from 3 [11 12)
thread idx 7 steal from 3 [19 20)
thread idx 6 steal from 3 [27 28)
thread idx 6 steal from 3 [35 36)
thread idx 6 steal from 3 [43 44)
thread idx 4 steal from 2 [34 35)
thread idx 4 steal from 3 [59 60)
thread idx 6 steal from 3 [51 52)
thread idx 5 steal from 2 [42 43)
threadid 5 done 1 task, taskid 194, remainingTaksNum 205
thread idx 7 steal from 0 [0 1)
thread idx 7 steal from 0 [8 9)
thread idx 7 steal from 0 [16 17)
thread idx 7 steal from 0 [24 25)
thread idx 7 steal from 0 [32 33)
thread idx 7 steal from 0 [40 41)
thread idx 7 steal from 0 [48 49)
thread idx 7 steal from 0 [56 57)
thread idx 7 steal from 1 [9 10)
thread idx 7 steal from 1 [17 18)
thread idx 7 steal from 1 [25 26)
thread idx 195, Get A workFromWaitingQueue, taskId64, num_total_tasks 0 deped_has_not_been_done_num 46
thread idx 7 steal from 1 [33 34)
thread idx 7 steal from 1 [41 42)
thread idx 7 steal from 1 [49 50)
thread idx 7 steal from 1 [57 58)
thread idx 7 steal from 2 [2 3)
thread idx 1 steal from 2 [10 11)
thread idx 1 steal from 2 [26 27)
thread idx 1 steal from 2 [34 35)
thread idx 1 steal from 2 [42 43)
thread idx 1 steal from 2 [50 51)
thread idx 1 steal from 3 [3 4)
thread idx 2 steal from 3 [11 12)
thread idx 1 steal from 3 [19 20)
thread idx 2 steal from 3 [27 28)
thread idx 1 steal from 3 [35 36)
thread idx 7 steal from 2 [18 19)
thread idx 7 steal from 3 [51 52)
thread idx 7 steal from 3 [59 60)
thread idx 7 steal from 4 [4 5)
thread idx 7 steal from 4 [12 13)
thread idx 7 steal from 4 [20 21)
thread idx 7 steal from 4 [28 29)
thread idx 7 steal from 4 [36 37)
thread idx 7 steal from 4 [44 45)
thread idx 7 steal from 4 [52 53)
thread idx 7 steal from 4 [60 61)
thread idx 7 steal from 5 [5 6)
thread idx 7 steal from 5 [13 14)
thread idx 7 steal from 5 [21 22)
thread idx 7 steal from 5 [29 30)
thread idx 7 steal from 5 [37 38)
thread idx 7 steal from 5 [45 46)
thread idx 6 steal from 5 [53 54)
thread idx 7 steal from 5 [61 62)
thread idx 2 steal from 3 [43 44)
threadid 2 done 1 task, taskid 195, remainingTaksNum 204
thread idx 196, Get A workFromWaitingQueue, taskId64, num_total_tasks 0 deped_has_not_been_done_num 64
thread idx 6 steal from 7 [7 8)
thread idx 6 steal from 7 [15 16)
thread idx 6 steal from 7 [23 24)
thread idx 6 steal from 7 [31 32)
thread idx 6 steal from 7 [39 40)
thread idx 6 steal from 7 [47 48)
thread idx 6 steal from 7 [55 56)
thread idx 6 steal from 7 [63 64)
thread idx 6 steal from 0 [0 1)
thread idx 6 steal from 0 [8 9)
thread idx 6 steal from 0 [16 17)
thread idx 6 steal from 0 [24 25)
thread idx 6 steal from 0 [32 33)
thread idx 6 steal from 0 [40 41)
thread idx 6 steal from 0 [48 49)
thread idx 6 steal from 0 [56 57)
thread idx 6 steal from 1 [57 58)
thread idx 1 steal from 2 [2 3)
thread idx 6 steal from 2 [10 11)
thread idx 1 steal from 2 [18 19)
thread idx 6 steal from 2 [26 27)
thread idx 1 steal from 2 [34 35)
thread idx 6 steal from 2 [42 43)
thread idx 1 steal from 2 [50 51)
thread idx 6 steal from 2 [58 59)
thread idx 6 steal from 3 [3 4)
thread idx 5 steal from 3 [11 12)
thread idx 6 steal from 3 [27 28)
thread idx 6 steal from 3 [35 36)
thread idx 6 steal from 3 [43 44)
thread idx 6 steal from 3 [51 52)
thread idx 5 steal from 3 [59 60)
thread idx 6 steal from 4 [4 5)
thread idx 1 steal from 3 [19 20)
thread idx 5 steal from 4 [12 13)
thread idx 6 steal from 4 [20 21)
thread idx 1 steal from 4 [28 29)
thread idx 3 steal from 4 [36 37)
thread idx 1 steal from 4 [44 45)
thread idx 1 steal from 4 [52 53)
thread idx 1 steal from 4 [60 61)
threadid 1 done 1 task, taskid 196, remainingTaksNum 203
thread idx 197, Get A workFromWaitingQueue, taskId64, num_total_tasks 0 deped_has_not_been_done_num 64
thread idx 1 steal from 2 [2 3)
thread idx 1 steal from 2 [10 11)
thread idx 1 steal from 2 [18 19)
thread idx 1 steal from 2 [26 27)
thread idx 1 steal from 2 [34 35)
thread idx 1 steal from 2 [42 43)
thread idx 6 steal from 4 [4 5)
thread idx 1 steal from 2 [50 51)
thread idx 1 steal from 3 [3 4)
thread idx 2 steal from 3 [11 12)
thread idx 6 steal from 7 [7 8)
thread idx 2 steal from 3 [27 28)
thread idx 6 steal from 7 [15 16)
thread idx 2 steal from 3 [35 36)
thread idx 2 steal from 3 [43 44)
thread idx 6 steal from 7 [23 24)
thread idx 1 steal from 3 [19 20)
thread idx 2 steal from 3 [51 52)
thread idx 6 steal from 7 [31 32)
thread idx 1 steal from 3 [59 60)
thread idx 1 steal from 4 [28 29)
thread idx 1 steal from 4 [36 37)
thread idx 1 steal from 4 [44 45)
thread idx 1 steal from 4 [52 53)
thread idx 1 steal from 4 [60 61)
thread idx 1 steal from 5 [5 6)
thread idx 1 steal from 5 [13 14)
thread idx 1 steal from 5 [21 22)
thread idx 1 steal from 5 [29 30)
thread idx 1 steal from 5 [37 38)
thread idx 0 steal from 5 [45 46)
thread idx 1 steal from 5 [53 54)
thread idx 0 steal from 5 [61 62)
thread idx 0 steal from 7 [47 48)
thread idx 0 steal from 7 [55 56)
thread idx 1 steal from 7 [63 64)
thread idx 5 steal from 4 [20 21)
thread idx 2 steal from 4 [12 13)
thread idx 6 steal from 7 [39 40)
threadid 6 done 1 task, taskid 197, remainingTaksNum 202
thread idx 198, Get A workFromWaitingQueue, taskId64, num_total_tasks 0 deped_has_not_been_done_num 64
thread idx 5 steal from 6 [6 7)
thread idx 5 steal from 6 [14 15)
thread idx 5 steal from 6 [22 23)
thread idx 5 steal from 6 [30 31)
thread idx 5 steal from 6 [38 39)
thread idx 5 steal from 6 [46 47)
thread idx 5 steal from 6 [54 55)
thread idx 5 steal from 6 [62 63)
thread idx 5 steal from 7 [7 8)
thread idx 5 steal from 7 [15 16)
thread idx 5 steal from 7 [23 24)
thread idx 5 steal from 7 [31 32)
thread idx 5 steal from 7 [39 40)
thread idx 5 steal from 7 [47 48)
thread idx 5 steal from 7 [55 56)
thread idx 5 steal from 7 [63 64)
thread idx 5 steal from 0 [0 1)
thread idx 5 steal from 0 [8 9)
thread idx 5 steal from 0 [16 17)
thread idx 5 steal from 0 [24 25)
thread idx 5 steal from 0 [32 33)
thread idx 5 steal from 0 [40 41)
thread idx 5 steal from 0 [48 49)
thread idx 5 steal from 0 [56 57)
thread idx 5 steal from 1 [1 2)
thread idx 5 steal from 1 [9 10)
thread idx 5 steal from 1 [17 18)
thread idx 5 steal from 1 [25 26)
thread idx 5 steal from 1 [33 34)
thread idx 5 steal from 1 [41 42)
thread idx 5 steal from 1 [49 50)
thread idx 5 steal from 1 [57 58)
thread idx 5 steal from 2 [2 3)
thread idx 5 steal from 2 [10 11)
thread idx 5 steal from 2 [18 19)
thread idx 5 steal from 2 [26 27)
thread idx 5 steal from 2 [34 35)
thread idx 5 steal from 2 [42 43)
thread idx 3 steal from 4 [4 5)
thread idx 5 steal from 2 [50 51)
thread idx 3 steal from 4 [12 13)
thread idx 5 steal from 2 [58 59)
thread idx 3 steal from 4 [20 21)
thread idx 3 steal from 4 [28 29)
thread idx 5 steal from 4 [36 37)
thread idx 3 steal from 4 [44 45)
thread idx 5 steal from 4 [52 53)
thread idx 3 steal from 4 [60 61)
threadid 3 done 1 task, taskid 198, remainingTaksNum 201
thread idx 199, Get A workFromWaitingQueue, taskId64, num_total_tasks 0 deped_has_not_been_done_num 64
thread idx 5 steal from 6 [6 7)
thread idx 5 steal from 6 [14 15)
thread idx 5 steal from 6 [22 23)
thread idx 5 steal from 6 [30 31)
thread idx 5 steal from 6 [38 39)
thread idx 5 steal from 6 [46 47)
thread idx 5 steal from 6 [54 55)
thread idx 5 steal from 6 [62 63)
thread idx 5 steal from 7 [7 8)
thread idx 5 steal from 7 [15 16)
thread idx 5 steal from 7 [23 24)
thread idx 5 steal from 7 [31 32)
thread idx 5 steal from 7 [39 40)
thread idx 5 steal from 7 [47 48)
thread idx 2 steal from 3 [3 4)
thread idx 2 steal from 3 [11 12)
thread idx 2 steal from 3 [19 20)
thread idx 2 steal from 3 [27 28)
thread idx 2 steal from 3 [35 36)
thread idx 2 steal from 3 [43 44)
thread idx 2 steal from 3 [51 52)
thread idx 2 steal from 3 [59 60)
thread idx 5 steal from 7 [55 56)
thread idx 5 steal from 7 [63 64)
thread idx 5 steal from 0 [0 1)
thread idx 5 steal from 0 [8 9)
thread idx 5 steal from 0 [16 17)
thread idx 2 steal from 4 [4 5)
thread idx 5 steal from 0 [24 25)
thread idx 2 steal from 4 [12 13)
thread idx 5 steal from 0 [32 33)
thread idx 2 steal from 4 [20 21)
thread idx 5 steal from 0 [40 41)
thread idx 2 steal from 4 [28 29)
thread idx 5 steal from 0 [48 49)
thread idx 2 steal from 4 [36 37)
thread idx 5 steal from 0 [56 57)
thread idx 2 steal from 4 [44 45)
thread idx 5 steal from 1 [1 2)
thread idx 2 steal from 4 [52 53)
thread idx 5 steal from 1 [9 10)
thread idx 2 steal from 4 [60 61)
thread idx 5 steal from 1 [17 18)
thread idx 2 steal from 1 [33 34)
thread idx 5 steal from 1 [41 42)
thread idx 7 steal from 1 [57 58)
thread idx 2 steal from 1 [49 50)
thread idx 0 steal from 1 [25 26)
threadid 0 done 1 task, taskid 199, remainingTaksNum 200
thread idx 2 steal from 0 [0 1)
thread idx 200, Get A workFromWaitingQueue, taskId64, num_total_tasks 0 deped_has_not_been_done_num 64
thread idx 2 steal from 3 [3 4)
thread idx 2 steal from 3 [11 12)
thread idx 2 steal from 3 [19 20)
thread idx 2 steal from 3 [27 28)
thread idx 2 steal from 3 [35 36)
thread idx 2 steal from 3 [43 44)
thread idx 2 steal from 3 [51 52)
thread idx 2 steal from 3 [59 60)
thread idx 2 steal from 4 [4 5)
thread idx 2 steal from 4 [12 13)
thread idx 2 steal from 4 [20 21)
thread idx 2 steal from 4 [28 29)
thread idx 2 steal from 4 [36 37)
thread idx 2 steal from 4 [44 45)
thread idx 2 steal from 4 [52 53)
thread idx 2 steal from 4 [60 61)
thread idx 2 steal from 5 [5 6)
thread idx 2 steal from 5 [13 14)
thread idx 2 steal from 5 [21 22)
thread idx 2 steal from 5 [29 30)
thread idx 2 steal from 5 [37 38)
thread idx 2 steal from 5 [45 46)
thread idx 2 steal from 5 [53 54)
thread idx 2 steal from 5 [61 62)
thread idx 2 steal from 6 [6 7)
thread idx 2 steal from 6 [14 15)
thread idx 2 steal from 6 [22 23)
thread idx 2 steal from 6 [30 31)
thread idx 2 steal from 6 [38 39)
thread idx 2 steal from 6 [46 47)
thread idx 2 steal from 6 [54 55)
thread idx 2 steal from 6 [62 63)
thread idx 2 steal from 7 [7 8)
thread idx 2 steal from 7 [15 16)
thread idx 2 steal from 7 [23 24)
thread idx 2 steal from 7 [31 32)
thread idx 2 steal from 7 [39 40)
thread idx 2 steal from 7 [47 48)
thread idx 2 steal from 7 [55 56)
thread idx 2 steal from 7 [63 64)
thread idx 0 steal from 1 [1 2)
thread idx 2 steal from 1 [9 10)
thread idx 2 steal from 1 [17 18)
thread idx 0 steal from 1 [25 26)
thread idx 2 steal from 1 [33 34)
thread idx 0 steal from 1 [41 42)
thread idx 2 steal from 1 [49 50)
thread idx 0 steal from 1 [57 58)
threadid 0 done 1 task, taskid 200, remainingTaksNum 199
thread idx 201, Get A workFromWaitingQueue, taskId64, num_total_tasks 0 deped_has_not_been_done_num 64
thread idx 1 steal from 2 [2 3)
thread idx 1 steal from 2 [10 11)
thread idx 1 steal from 2 [18 19)
thread idx 1 steal from 2 [26 27)
thread idx 1 steal from 2 [34 35)
thread idx 1 steal from 2 [42 43)
thread idx 1 steal from 2 [50 51)
thread idx 1 steal from 2 [58 59)
thread idx 1 steal from 3 [3 4)
thread idx 1 steal from 3 [11 12)
thread idx 1 steal from 3 [19 20)
thread idx 1 steal from 3 [27 28)
thread idx 1 steal from 3 [35 36)
thread idx 1 steal from 3 [43 44)
thread idx 1 steal from 3 [51 52)
thread idx 1 steal from 3 [59 60)
thread idx 1 steal from 4 [4 5)
thread idx 1 steal from 4 [12 13)
thread idx 1 steal from 4 [20 21)
thread idx 1 steal from 4 [28 29)
thread idx 1 steal from 4 [36 37)
thread idx 1 steal from 4 [44 45)
thread idx 1 steal from 4 [52 53)
thread idx 1 steal from 4 [60 61)
thread idx 1 steal from 5 [5 6)
thread idx 1 steal from 5 [13 14)
thread idx 1 steal from 5 [21 22)
thread idx 1 steal from 5 [29 30)
thread idx 1 steal from 5 [37 38)
thread idx 1 steal from 5 [45 46)
thread idx 1 steal from 5 [53 54)
thread idx 1 steal from 5 [61 62)
thread idx 1 steal from 6 [6 7)
thread idx 1 steal from 6 [14 15)
thread idx 1 steal from 6 [22 23)
thread idx 1 steal from 6 [30 31)
thread idx 1 steal from 6 [38 39)
thread idx 1 steal from 6 [46 47)
thread idx 1 steal from 6 [54 55)
thread idx 1 steal from 6 [62 63)
thread idx 3 steal from 7 [7 8)
thread idx 1 steal from 7 [15 16)
thread idx 3 steal from 7 [23 24)
thread idx 1 steal from 7 [31 32)
thread idx 3 steal from 7 [39 40)
thread idx 1 steal from 7 [47 48)
thread idx 3 steal from 7 [55 56)
thread idx 3 steal from 7 [63 64)
thread idx 1 steal from 0 [0 1)
thread idx 3 steal from 0 [8 9)
thread idx 1 steal from 0 [16 17)
thread idx 3 steal from 0 [24 25)
thread idx 1 steal from 0 [32 33)
thread idx 3 steal from 0 [40 41)
thread idx 1 steal from 0 [48 49)
thread idx 3 steal from 0 [56 57)
threadid 3 done 1 task, taskid 201, remainingTaksNum 198
thread idx 202, Get A workFromWaitingQueue, taskId64, num_total_tasks 0 deped_has_not_been_done_num 64
thread idx 1 steal from 2 [2 3)
thread idx 1 steal from 2 [10 11)
thread idx 1 steal from 2 [18 19)
thread idx 1 steal from 2 [26 27)
thread idx 1 steal from 2 [34 35)
thread idx 1 steal from 2 [42 43)
thread idx 1 steal from 2 [50 51)
thread idx 1 steal from 2 [58 59)
thread idx 1 steal from 3 [3 4)
thread idx 1 steal from 3 [11 12)
thread idx 1 steal from 3 [19 20)
thread idx 1 steal from 3 [27 28)
thread idx 1 steal from 3 [35 36)
thread idx 1 steal from 3 [43 44)
thread idx 1 steal from 3 [51 52)
thread idx 1 steal from 3 [59 60)
thread idx 1 steal from 4 [4 5)
thread idx 1 steal from 4 [12 13)
thread idx 1 steal from 4 [20 21)
thread idx 1 steal from 4 [28 29)
thread idx 1 steal from 4 [36 37)
thread idx 1 steal from 4 [44 45)
thread idx 1 steal from 4 [52 53)
thread idx 1 steal from 4 [60 61)
thread idx 1 steal from 5 [5 6)
thread idx 1 steal from 5 [13 14)
thread idx 1 steal from 5 [21 22)
thread idx 1 steal from 5 [29 30)
thread idx 1 steal from 5 [37 38)
thread idx 1 steal from 5 [45 46)
thread idx 1 steal from 5 [53 54)
thread idx 1 steal from 5 [61 62)
thread idx 1 steal from 6 [6 7)
thread idx 1 steal from 6 [14 15)
thread idx 1 steal from 6 [22 23)
thread idx 1 steal from 6 [30 31)
thread idx 1 steal from 6 [38 39)
thread idx 1 steal from 6 [46 47)
thread idx 1 steal from 6 [54 55)
thread idx 1 steal from 6 [62 63)
thread idx 1 steal from 7 [55 56)
thread idx 1 steal from 0 [0 1)
thread idx 7 steal from 0 [8 9)
thread idx 1 steal from 0 [16 17)
thread idx 7 steal from 0 [24 25)
thread idx 1 steal from 0 [32 33)
thread idx 7 steal from 0 [40 41)
thread idx 1 steal from 0 [48 49)
thread idx 7 steal from 0 [56 57)
threadid 7 done 1 task, taskid 202, remainingTaksNum 197
thread idx 203, Get A workFromWaitingQueue, taskId64, num_total_tasks 0 deped_has_not_been_done_num 64
thread idx 1 steal from 2 [2 3)
thread idx 1 steal from 2 [10 11)
thread idx 7 steal from 0 [0 1)
thread idx 1 steal from 2 [18 19)
thread idx 7 steal from 0 [8 9)
thread idx 1 steal from 2 [26 27)
thread idx 7 steal from 0 [16 17)
thread idx 1 steal from 2 [34 35)
thread idx 1 steal from 2 [42 43)
thread idx 7 steal from 0 [24 25)
thread idx 1 steal from 2 [50 51)
thread idx 7 steal from 0 [32 33)
thread idx 1 steal from 2 [58 59)
thread idx 7 steal from 0 [40 41)
thread idx 1 steal from 3 [3 4)
thread idx 7 steal from 0 [48 49)
thread idx 1 steal from 3 [11 12)
thread idx 7 steal from 0 [56 57)
thread idx 1 steal from 3 [19 20)
thread idx 7 steal from 3 [27 28)
thread idx 1 steal from 3 [35 36)
thread idx 7 steal from 3 [43 44)
thread idx 1 steal from 3 [51 52)
thread idx 7 steal from 3 [59 60)
thread idx 1 steal from 4 [4 5)
thread idx 7 steal from 4 [20 21)
thread idx 1 steal from 4 [36 37)
thread idx 7 steal from 4 [52 53)
thread idx 1 steal from 4 [60 61)
thread idx 4 steal from 5 [5 6)
thread idx 1 steal from 5 [21 22)
thread idx 1 steal from 5 [29 30)
thread idx 1 steal from 5 [37 38)
thread idx 1 steal from 5 [45 46)
thread idx 4 steal from 5 [53 54)
thread idx 1 steal from 5 [61 62)
thread idx 4 steal from 6 [6 7)
thread idx 4 steal from 6 [14 15)
thread idx 1 steal from 6 [22 23)
thread idx 4 steal from 6 [30 31)
thread idx 1 steal from 6 [38 39)
thread idx 4 steal from 6 [46 47)
thread idx 7 steal from 5 [13 14)
thread idx 1 steal from 6 [62 63)
thread idx 4 steal from 6 [54 55)
threadid 4 done 1 task, taskid 203, remainingTaksNum 196
thread idx 204, Get A workFromWaitingQueue, taskId64, num_total_tasks 0 deped_has_not_been_done_num 64
thread idx 0 steal from 1 [1 2)
thread idx 0 steal from 1 [9 10)
thread idx 0 steal from 1 [17 18)
thread idx 0 steal from 1 [25 26)
thread idx 0 steal from 1 [33 34)
thread idx 0 steal from 1 [41 42)
thread idx 0 steal from 1 [49 50)
thread idx 0 steal from 1 [57 58)
thread idx 5 steal from 6 [6 7)
thread idx 0 steal from 2 [2 3)
thread idx 5 steal from 6 [14 15)
thread idx 0 steal from 2 [18 19)
thread idx 5 steal from 6 [22 23)
thread idx 0 steal from 2 [34 35)
thread idx 5 steal from 6 [30 31)
thread idx 0 steal from 2 [50 51)
thread idx 5 steal from 6 [38 39)
thread idx 7 steal from 4 [12 13)
thread idx 7 steal from 4 [20 21)
thread idx 7 steal from 4 [28 29)
thread idx 7 steal from 4 [36 37)
thread idx 1 steal from 4 [44 45)
thread idx 1 steal from 4 [60 61)
thread idx 2 steal from 3 [11 12)
thread idx 5 steal from 6 [54 55)
thread idx 5 steal from 6 [62 63)
thread idx 0 steal from 3 [3 4)
thread idx 3 steal from 4 [4 5)
thread idx 7 steal from 4 [52 53)
thread idx 1 steal from 6 [46 47)
threadid 1 done 1 task, taskid 204, remainingTaksNum 195
thread idx 205, Get A workFromWaitingQueue, taskId64, num_total_tasks 0 deped_has_not_been_done_num 64
thread idx 1 steal from 2 [2 3)
thread idx 1 steal from 2 [10 11)
thread idx 1 steal from 2 [18 19)
thread idx 1 steal from 2 [26 27)
thread idx 1 steal from 2 [34 35)
thread idx 1 steal from 2 [42 43)
thread idx 1 steal from 2 [50 51)
thread idx 1 steal from 2 [58 59)
thread idx 1 steal from 3 [3 4)
thread idx 1 steal from 3 [11 12)
thread idx 1 steal from 3 [19 20)
thread idx 1 steal from 3 [27 28)
thread idx 2 steal from 3 [35 36)
thread idx 7 steal from 0 [0 1)
thread idx 7 steal from 0 [8 9)
thread idx 7 steal from 0 [16 17)
thread idx 7 steal from 0 [24 25)
thread idx 2 steal from 3 [51 52)
thread idx 7 steal from 0 [32 33)
thread idx 7 steal from 0 [40 41)
thread idx 2 steal from 3 [59 60)
thread idx 1 steal from 3 [43 44)
thread idx 7 steal from 0 [48 49)
thread idx 2 steal from 4 [4 5)
thread idx 7 steal from 0 [56 57)
thread idx 2 steal from 4 [20 21)
thread idx 2 steal from 4 [28 29)
thread idx 2 steal from 4 [36 37)
thread idx 2 steal from 4 [44 45)
thread idx 7 steal from 4 [52 53)
thread idx 2 steal from 4 [60 61)
thread idx 2 steal from 5 [5 6)
thread idx 7 steal from 5 [13 14)
thread idx 1 steal from 4 [12 13)
thread idx 2 steal from 5 [21 22)
thread idx 7 steal from 5 [29 30)
thread idx 1 steal from 5 [37 38)
thread idx 2 steal from 5 [45 46)
thread idx 7 steal from 5 [53 54)
thread idx 1 steal from 5 [61 62)
thread idx 2 steal from 6 [6 7)
thread idx 7 steal from 6 [14 15)
thread idx 2 steal from 6 [30 31)
thread idx 2 steal from 6 [38 39)
thread idx 2 steal from 6 [46 47)
thread idx 2 steal from 6 [54 55)
thread idx 7 steal from 6 [62 63)
thread idx 1 steal from 6 [22 23)
threadid 1 done 1 task, taskid 205, remainingTaksNum 194
thread idx 206, Get A workFromWaitingQueue, taskId64, num_total_tasks 0 deped_has_not_been_done_num 64
thread idx 6 steal from 7 [7 8)
thread idx 6 steal from 7 [15 16)
thread idx 6 steal from 7 [23 24)
thread idx 6 steal from 7 [31 32)
thread idx 6 steal from 7 [39 40)
thread idx 6 steal from 7 [47 48)
thread idx 6 steal from 7 [55 56)
thread idx 6 steal from 7 [63 64)
thread idx 6 steal from 0 [0 1)
thread idx 6 steal from 0 [8 9)
thread idx 6 steal from 0 [16 17)
thread idx 6 steal from 0 [24 25)
thread idx 6 steal from 0 [32 33)
thread idx 2 steal from 3 [3 4)
thread idx 6 steal from 0 [40 41)
thread idx 2 steal from 3 [11 12)
thread idx 6 steal from 0 [48 49)
thread idx 2 steal from 3 [19 20)
thread idx 6 steal from 0 [56 57)
thread idx 2 steal from 3 [27 28)
thread idx 6 steal from 1 [1 2)
thread idx 2 steal from 3 [35 36)
thread idx 6 steal from 1 [9 10)
thread idx 2 steal from 3 [43 44)
thread idx 6 steal from 1 [17 18)
thread idx 2 steal from 3 [51 52)
thread idx 6 steal from 1 [25 26)
thread idx 2 steal from 3 [59 60)
thread idx 6 steal from 1 [33 34)
thread idx 2 steal from 4 [4 5)
thread idx 6 steal from 1 [41 42)
thread idx 2 steal from 4 [12 13)
thread idx 6 steal from 1 [49 50)
thread idx 2 steal from 4 [20 21)
thread idx 6 steal from 1 [57 58)
thread idx 6 steal from 4 [36 37)
thread idx 2 steal from 4 [28 29)
thread idx 2 steal from 4 [52 53)
thread idx 2 steal from 4 [60 61)
thread idx 6 steal from 4 [44 45)
thread idx 2 steal from 5 [5 6)
thread idx 6 steal from 5 [13 14)
thread idx 2 steal from 5 [21 22)
thread idx 6 steal from 5 [29 30)
thread idx 2 steal from 5 [37 38)
thread idx 0 steal from 5 [45 46)
thread idx 6 steal from 5 [53 54)
thread idx 2 steal from 5 [61 62)
threadid 2 done 1 task, taskid 206, remainingTaksNum 193
thread idx 207, Get A workFromWaitingQueue, taskId64, num_total_tasks 0 deped_has_not_been_done_num 64
thread idx 4 steal from 5 [5 6)
thread idx 4 steal from 5 [13 14)
thread idx 4 steal from 5 [21 22)
thread idx 4 steal from 5 [29 30)
thread idx 4 steal from 5 [37 38)
thread idx 3 steal from 5 [45 46)
thread idx 3 steal from 6 [6 7)
thread idx 3 steal from 6 [14 15)
thread idx 3 steal from 6 [22 23)
thread idx 3 steal from 6 [30 31)
thread idx 3 steal from 6 [38 39)
thread idx 3 steal from 6 [46 47)
thread idx 3 steal from 6 [54 55)
thread idx 3 steal from 6 [62 63)
thread idx 4 steal from 5 [53 54)
thread idx 7 steal from 0 [0 1)
thread idx 1 steal from 2 [2 3)
thread idx 0 steal from 2 [10 11)
thread idx 2 steal from 5 [61 62)
threadid 2 done 1 task, taskid 207, remainingTaksNum 192
thread idx 208, Get A workFromWaitingQueue, taskId64, num_total_tasks 0 deped_has_not_been_done_num 64
thread idx 6 steal from 7 [7 8)
thread idx 6 steal from 7 [15 16)
thread idx 6 steal from 7 [23 24)
thread idx 6 steal from 7 [31 32)
thread idx 6 steal from 7 [39 40)
thread idx 6 steal from 7 [47 48)
thread idx 6 steal from 7 [55 56)
thread idx 6 steal from 7 [63 64)
thread idx 6 steal from 0 [0 1)
thread idx 6 steal from 0 [8 9)
thread idx 6 steal from 0 [16 17)
thread idx 6 steal from 0 [24 25)
thread idx 6 steal from 0 [32 33)
thread idx 4 steal from 5 [5 6)
thread idx 7 steal from 0 [48 49)
thread idx 7 steal from 0 [56 57)
thread idx 7 steal from 1 [1 2)
thread idx 7 steal from 1 [9 10)
thread idx 7 steal from 1 [17 18)
thread idx 5 steal from 1 [25 26)
thread idx 5 steal from 1 [41 42)
thread idx 5 steal from 1 [49 50)
thread idx 5 steal from 1 [57 58)
thread idx 7 steal from 1 [33 34)
thread idx 4 steal from 2 [2 3)
thread idx 5 steal from 2 [10 11)
thread idx 7 steal from 2 [18 19)
thread idx 4 steal from 2 [26 27)
thread idx 5 steal from 2 [34 35)
thread idx 7 steal from 2 [42 43)
thread idx 4 steal from 2 [50 51)
thread idx 5 steal from 2 [58 59)
thread idx 7 steal from 3 [3 4)
thread idx 4 steal from 3 [11 12)
thread idx 5 steal from 3 [19 20)
thread idx 7 steal from 3 [27 28)
thread idx 5 steal from 3 [35 36)
thread idx 4 steal from 3 [43 44)
thread idx 7 steal from 3 [51 52)
thread idx 5 steal from 3 [59 60)
thread idx 6 steal from 0 [40 41)
threadid 6 done 1 task, taskid 208, remainingTaksNum 191
thread idx 209, Get A workFromWaitingQueue, taskId64, num_total_tasks 0 deped_has_not_been_done_num 64
thread idx 6 steal from 7 [7 8)
thread idx 6 steal from 7 [15 16)
thread idx 6 steal from 7 [23 24)
thread idx 6 steal from 7 [31 32)
thread idx 6 steal from 7 [39 40)
thread idx 6 steal from 7 [47 48)
thread idx 6 steal from 7 [55 56)
thread idx 6 steal from 7 [63 64)
thread idx 6 steal from 0 [0 1)
thread idx 6 steal from 0 [8 9)
thread idx 6 steal from 0 [16 17)
thread idx 6 steal from 0 [24 25)
thread idx 6 steal from 0 [32 33)
thread idx 6 steal from 0 [40 41)
thread idx 6 steal from 0 [48 49)
thread idx 6 steal from 0 [56 57)
thread idx 6 steal from 1 [1 2)
thread idx 6 steal from 1 [9 10)
thread idx 6 steal from 1 [17 18)
thread idx 6 steal from 1 [25 26)
thread idx 6 steal from 1 [33 34)
thread idx 6 steal from 1 [41 42)
thread idx 6 steal from 1 [49 50)
thread idx 6 steal from 1 [57 58)
thread idx 6 steal from 2 [58 59)
thread idx 2 steal from 3 [3 4)
thread idx 2 steal from 3 [19 20)
thread idx 2 steal from 3 [27 28)
thread idx 6 steal from 3 [11 12)
thread idx 2 steal from 3 [35 36)
thread idx 6 steal from 3 [43 44)
thread idx 2 steal from 3 [51 52)
thread idx 6 steal from 3 [59 60)
thread idx 4 steal from 5 [5 6)
thread idx 6 steal from 5 [21 22)
thread idx 6 steal from 5 [29 30)
thread idx 6 steal from 5 [45 46)
thread idx 3 steal from 5 [37 38)
thread idx 4 steal from 5 [61 62)
thread idx 2 steal from 5 [13 14)
thread idx 6 steal from 5 [53 54)
threadid 6 done 1 task, taskid 209, remainingTaksNum 190
thread idx 210, Get A workFromWaitingQueue, taskId64, num_total_tasks 0 deped_has_not_been_done_num 64
thread idx 7 steal from 0 [0 1)
thread idx 7 steal from 0 [8 9)
thread idx 7 steal from 0 [16 17)
thread idx 7 steal from 0 [24 25)
thread idx 7 steal from 0 [32 33)
thread idx 2 steal from 3 [3 4)
thread idx 2 steal from 3 [11 12)
thread idx 2 steal from 3 [19 20)
thread idx 2 steal from 3 [27 28)
thread idx 2 steal from 3 [35 36)
thread idx 2 steal from 3 [43 44)
thread idx 2 steal from 3 [51 52)
thread idx 2 steal from 3 [59 60)
thread idx 3 steal from 5 [13 14)
thread idx 2 steal from 5 [21 22)
thread idx 2 steal from 5 [29 30)
thread idx 3 steal from 5 [37 38)
thread idx 2 steal from 5 [45 46)
thread idx 2 steal from 5 [53 54)
thread idx 2 steal from 5 [61 62)
thread idx 3 steal from 6 [6 7)
thread idx 2 steal from 6 [14 15)
thread idx 2 steal from 6 [22 23)
thread idx 2 steal from 6 [30 31)
thread idx 2 steal from 6 [38 39)
thread idx 3 steal from 6 [46 47)
thread idx 2 steal from 6 [54 55)
thread idx 7 steal from 1 [9 10)
thread idx 2 steal from 1 [17 18)
thread idx 2 steal from 1 [25 26)
thread idx 2 steal from 1 [33 34)
thread idx 4 steal from 5 [5 6)
thread idx 2 steal from 1 [49 50)
thread idx 5 steal from 1 [57 58)
thread idx 0 steal from 1 [1 2)
thread idx 7 steal from 1 [41 42)
thread idx 3 steal from 6 [62 63)
threadid 3 done 1 task, taskid 210, remainingTaksNum 189
thread idx 211, Get A workFromWaitingQueue, taskId64, num_total_tasks 0 deped_has_not_been_done_num 64
thread idx 0 steal from 1 [1 2)
thread idx 0 steal from 1 [9 10)
thread idx 0 steal from 1 [17 18)
thread idx 0 steal from 1 [25 26)
thread idx 0 steal from 1 [33 34)
thread idx 0 steal from 1 [41 42)
thread idx 0 steal from 1 [49 50)
thread idx 0 steal from 1 [57 58)
thread idx 0 steal from 2 [2 3)
thread idx 0 steal from 2 [10 11)
thread idx 0 steal from 2 [18 19)
thread idx 7 steal from 2 [26 27)
thread idx 1 steal from 2 [34 35)
thread idx 1 steal from 2 [50 51)
thread idx 1 steal from 2 [58 59)
thread idx 7 steal from 3 [3 4)
thread idx 1 steal from 3 [11 12)
thread idx 7 steal from 3 [19 20)
thread idx 1 steal from 3 [27 28)
thread idx 7 steal from 3 [35 36)
thread idx 1 steal from 3 [43 44)
thread idx 7 steal from 3 [51 52)
thread idx 1 steal from 3 [59 60)
thread idx 0 steal from 2 [42 43)
thread idx 1 steal from 4 [12 13)
thread idx 0 steal from 4 [20 21)
thread idx 1 steal from 4 [28 29)
thread idx 0 steal from 4 [36 37)
thread idx 7 steal from 4 [4 5)
thread idx 1 steal from 4 [44 45)
thread idx 0 steal from 4 [52 53)
thread idx 7 steal from 4 [60 61)
thread idx 1 steal from 6 [6 7)
thread idx 5 steal from 6 [14 15)
thread idx 7 steal from 6 [30 31)
thread idx 1 steal from 6 [38 39)
thread idx 7 steal from 6 [46 47)
thread idx 1 steal from 6 [54 55)
thread idx 7 steal from 6 [62 63)
thread idx 0 steal from 6 [22 23)
threadid 0 done 1 task, taskid 211, remainingTaksNum 188
thread idx 212, Get A workFromWaitingQueue, taskId64, num_total_tasks 0 deped_has_not_been_done_num 64
thread idx 0 steal from 1 [1 2)
thread idx 0 steal from 1 [9 10)
thread idx 6 steal from 7 [7 8)
thread idx 0 steal from 1 [17 18)
thread idx 6 steal from 7 [15 16)
thread idx 0 steal from 1 [25 26)
thread idx 6 steal from 7 [23 24)
thread idx 0 steal from 1 [33 34)
thread idx 6 steal from 7 [31 32)
thread idx 0 steal from 1 [41 42)
thread idx 6 steal from 7 [39 40)
thread idx 0 steal from 1 [49 50)
thread idx 6 steal from 7 [47 48)
thread idx 0 steal from 1 [57 58)
thread idx 6 steal from 7 [55 56)
thread idx 1 steal from 2 [2 3)
thread idx 6 steal from 7 [63 64)
thread idx 1 steal from 2 [18 19)
thread idx 1 steal from 2 [26 27)
thread idx 1 steal from 2 [34 35)
thread idx 6 steal from 2 [42 43)
thread idx 1 steal from 2 [50 51)
thread idx 6 steal from 2 [58 59)
thread idx 1 steal from 3 [3 4)
thread idx 6 steal from 3 [11 12)
thread idx 1 steal from 3 [19 20)
thread idx 0 steal from 2 [10 11)
thread idx 1 steal from 3 [35 36)
thread idx 2 steal from 3 [43 44)
thread idx 1 steal from 3 [51 52)
thread idx 2 steal from 3 [59 60)
thread idx 1 steal from 4 [4 5)
thread idx 0 steal from 4 [12 13)
thread idx 6 steal from 3 [27 28)
thread idx 0 steal from 4 [28 29)
thread idx 1 steal from 4 [36 37)
thread idx 0 steal from 4 [44 45)
thread idx 1 steal from 4 [52 53)
thread idx 0 steal from 4 [60 61)
thread idx 1 steal from 5 [5 6)
thread idx 1 steal from 5 [29 30)
thread idx 3 steal from 5 [37 38)
thread idx 1 steal from 5 [45 46)
thread idx 1 steal from 5 [53 54)
thread idx 1 steal from 5 [61 62)
thread idx 2 steal from 4 [20 21)
thread idx 6 steal from 5 [13 14)
thread idx 0 steal from 5 [21 22)
threadid 0 done 1 task, taskid 212, remainingTaksNum 187
thread idx 213, Get A workFromWaitingQueue, taskId64, num_total_tasks 0 deped_has_not_been_done_num 64
thread idx 0 steal from 1 [41 42)
thread idx 0 steal from 1 [57 58)
thread idx 1 steal from 2 [2 3)
thread idx 0 steal from 2 [10 11)
thread idx 0 steal from 2 [18 19)
thread idx 1 steal from 2 [26 27)
thread idx 0 steal from 2 [34 35)
thread idx 1 steal from 2 [42 43)
thread idx 0 steal from 2 [50 51)
thread idx 2 steal from 3 [3 4)
thread idx 1 steal from 3 [11 12)
thread idx 0 steal from 3 [19 20)
thread idx 1 steal from 3 [35 36)
thread idx 0 steal from 3 [43 44)
thread idx 0 steal from 3 [51 52)
thread idx 1 steal from 3 [59 60)
thread idx 0 steal from 4 [4 5)
thread idx 2 steal from 3 [27 28)
thread idx 0 steal from 4 [20 21)
thread idx 2 steal from 4 [28 29)
thread idx 2 steal from 4 [36 37)
thread idx 2 steal from 4 [44 45)
thread idx 2 steal from 4 [52 53)
thread idx 0 steal from 4 [60 61)
thread idx 4 steal from 5 [13 14)
thread idx 4 steal from 5 [21 22)
thread idx 4 steal from 5 [29 30)
thread idx 4 steal from 5 [37 38)
thread idx 4 steal from 5 [45 46)
thread idx 4 steal from 5 [53 54)
thread idx 4 steal from 5 [61 62)
thread idx 4 steal from 6 [6 7)
thread idx 4 steal from 6 [14 15)
thread idx 4 steal from 6 [22 23)
thread idx 4 steal from 6 [30 31)
thread idx 4 steal from 6 [38 39)
thread idx 4 steal from 6 [46 47)
thread idx 4 steal from 6 [54 55)
thread idx 4 steal from 6 [62 63)
thread idx 4 steal from 7 [7 8)
thread idx 4 steal from 7 [15 16)
thread idx 4 steal from 7 [23 24)
thread idx 4 steal from 7 [31 32)
thread idx 4 steal from 7 [39 40)
thread idx 4 steal from 7 [47 48)
thread idx 0 steal from 7 [55 56)
thread idx 4 steal from 7 [63 64)
thread idx 2 steal from 5 [5 6)
thread idx 1 steal from 4 [12 13)
threadid 1 done 1 task, taskid 213, remainingTaksNum 186
thread idx 214, Get A workFromWaitingQueue, taskId64, num_total_tasks 0 deped_has_not_been_done_num 64
thread idx 1 steal from 2 [2 3)
thread idx 7 steal from 0 [0 1)
thread idx 7 steal from 0 [8 9)
thread idx 7 steal from 0 [16 17)
thread idx 7 steal from 0 [24 25)
thread idx 7 steal from 0 [32 33)
thread idx 1 steal from 2 [10 11)
thread idx 7 steal from 0 [40 41)
thread idx 1 steal from 2 [18 19)
thread idx 7 steal from 0 [48 49)
thread idx 1 steal from 2 [26 27)
thread idx 7 steal from 0 [56 57)
thread idx 1 steal from 2 [34 35)
thread idx 7 steal from 2 [42 43)
thread idx 1 steal from 2 [50 51)
thread idx 7 steal from 2 [58 59)
thread idx 1 steal from 3 [3 4)
thread idx 7 steal from 3 [11 12)
thread idx 1 steal from 3 [19 20)
thread idx 7 steal from 3 [27 28)
thread idx 1 steal from 3 [35 36)
thread idx 7 steal from 3 [43 44)
thread idx 1 steal from 3 [51 52)
thread idx 7 steal from 3 [59 60)
thread idx 1 steal from 4 [4 5)
thread idx 7 steal from 4 [12 13)
thread idx 1 steal from 4 [20 21)
thread idx 7 steal from 4 [28 29)
thread idx 1 steal from 4 [36 37)
thread idx 7 steal from 4 [44 45)
thread idx 1 steal from 4 [52 53)
thread idx 7 steal from 4 [60 61)
thread idx 1 steal from 5 [5 6)
thread idx 7 steal from 5 [13 14)
thread idx 1 steal from 5 [21 22)
thread idx 7 steal from 5 [29 30)
thread idx 1 steal from 5 [37 38)
thread idx 7 steal from 5 [45 46)
thread idx 7 steal from 5 [53 54)
thread idx 1 steal from 5 [61 62)
thread idx 7 steal from 6 [30 31)
thread idx 7 steal from 6 [38 39)
thread idx 1 steal from 6 [54 55)
thread idx 7 steal from 6 [62 63)
threadid 7 done 1 task, taskid 214, remainingTaksNum 185
thread idx 1 steal from 0 [0 1)
thread idx 215, Get A workFromWaitingQueue, taskId64, num_total_tasks 0 deped_has_not_been_done_num 63
thread idx 1 steal from 2 [2 3)
thread idx 1 steal from 2 [10 11)
thread idx 1 steal from 2 [18 19)
thread idx 1 steal from 2 [26 27)
thread idx 1 steal from 2 [34 35)
thread idx 1 steal from 2 [42 43)
thread idx 1 steal from 2 [50 51)
thread idx 1 steal from 2 [58 59)
thread idx 1 steal from 3 [3 4)
thread idx 1 steal from 3 [11 12)
thread idx 1 steal from 3 [19 20)
thread idx 1 steal from 3 [27 28)
thread idx 1 steal from 3 [35 36)
thread idx 1 steal from 3 [43 44)
thread idx 1 steal from 3 [51 52)
thread idx 1 steal from 3 [59 60)
thread idx 6 steal from 7 [7 8)
thread idx 4 steal from 5 [5 6)
thread idx 4 steal from 5 [13 14)
thread idx 1 steal from 4 [44 45)
thread idx 4 steal from 5 [21 22)
thread idx 4 steal from 5 [29 30)
thread idx 4 steal from 5 [37 38)
thread idx 6 steal from 7 [15 16)
thread idx 4 steal from 5 [53 54)
thread idx 6 steal from 7 [23 24)
thread idx 6 steal from 7 [31 32)
thread idx 6 steal from 7 [39 40)
thread idx 6 steal from 7 [47 48)
thread idx 4 steal from 5 [61 62)
thread idx 6 steal from 7 [55 56)
thread idx 4 steal from 7 [63 64)
thread idx 6 steal from 0 [8 9)
thread idx 4 steal from 0 [16 17)
thread idx 6 steal from 0 [24 25)
thread idx 4 steal from 0 [32 33)
thread idx 4 steal from 0 [40 41)
thread idx 6 steal from 0 [48 49)
thread idx 4 steal from 0 [56 57)
thread idx 1 steal from 5 [45 46)
threadid 1 done 1 task, taskid 215, remainingTaksNum 184
thread idx 1 steal from 0 [0 1)
thread idx 216, Get A workFromWaitingQueue, taskId64, num_total_tasks 0 deped_has_not_been_done_num 63
thread idx 4 steal from 5 [5 6)
thread idx 4 steal from 5 [13 14)
thread idx 4 steal from 5 [21 22)
thread idx 4 steal from 5 [29 30)
thread idx 4 steal from 5 [37 38)
thread idx 4 steal from 5 [45 46)
thread idx 4 steal from 5 [53 54)
thread idx 4 steal from 5 [61 62)
thread idx 4 steal from 6 [6 7)
thread idx 4 steal from 6 [14 15)
thread idx 4 steal from 6 [22 23)
thread idx 4 steal from 6 [30 31)
thread idx 4 steal from 6 [38 39)
thread idx 4 steal from 6 [46 47)
thread idx 4 steal from 6 [54 55)
thread idx 4 steal from 6 [62 63)
thread idx 4 steal from 7 [7 8)
thread idx 4 steal from 7 [15 16)
thread idx 4 steal from 7 [23 24)
thread idx 4 steal from 7 [31 32)
thread idx 4 steal from 7 [39 40)
thread idx 0 steal from 1 [1 2)
thread idx 4 steal from 7 [47 48)
thread idx 0 steal from 1 [9 10)
thread idx 4 steal from 7 [55 56)
thread idx 2 steal from 3 [3 4)
thread idx 4 steal from 7 [63 64)
thread idx 2 steal from 3 [11 12)
thread idx 2 steal from 3 [19 20)
thread idx 2 steal from 3 [27 28)
thread idx 2 steal from 3 [35 36)
thread idx 2 steal from 3 [43 44)
thread idx 4 steal from 1 [25 26)
thread idx 2 steal from 3 [51 52)
thread idx 4 steal from 1 [33 34)
thread idx 2 steal from 3 [59 60)
thread idx 4 steal from 1 [41 42)
thread idx 2 steal from 1 [49 50)
thread idx 4 steal from 1 [57 58)
thread idx 0 steal from 1 [17 18)
threadid 1 done 1 task, taskid 216, remainingTaksNum 183
thread idx 217, Get A workFromWaitingQueue, taskId64, num_total_tasks 0 deped_has_not_been_done_num 64
thread idx 2 steal from 3 [3 4)
thread idx 2 steal from 3 [11 12)
thread idx 7 steal from 0 [0 1)
thread idx 2 steal from 3 [19 20)
thread idx 7 steal from 0 [8 9)
thread idx 2 steal from 3 [27 28)
thread idx 7 steal from 0 [16 17)
thread idx 2 steal from 3 [35 36)
thread idx 7 steal from 0 [24 25)
thread idx 2 steal from 3 [43 44)
thread idx 7 steal from 0 [32 33)
thread idx 2 steal from 3 [51 52)
thread idx 2 steal from 3 [59 60)
thread idx 7 steal from 0 [40 41)
thread idx 7 steal from 0 [48 49)
thread idx 2 steal from 4 [4 5)
thread idx 7 steal from 0 [56 57)
thread idx 2 steal from 4 [12 13)
thread idx 7 steal from 1 [1 2)
thread idx 2 steal from 4 [20 21)
thread idx 7 steal from 1 [9 10)
thread idx 2 steal from 4 [28 29)
thread idx 7 steal from 1 [17 18)
thread idx 2 steal from 4 [36 37)
thread idx 7 steal from 1 [25 26)
thread idx 2 steal from 4 [44 45)
thread idx 7 steal from 1 [33 34)
thread idx 5 steal from 6 [6 7)
thread idx 7 steal from 1 [41 42)
thread idx 7 steal from 1 [49 50)
thread idx 7 steal from 1 [57 58)
thread idx 7 steal from 4 [60 61)
thread idx 5 steal from 6 [14 15)
thread idx 5 steal from 6 [22 23)
thread idx 4 steal from 6 [62 63)
thread idx 7 steal from 6 [30 31)
thread idx 1 steal from 6 [38 39)
thread idx 2 steal from 4 [52 53)
threadid 2 done 1 task, taskid 217, remainingTaksNum 182
thread idx 218, Get A workFromWaitingQueue, taskId64, num_total_tasks 0 deped_has_not_been_done_num 64
thread idx 6 steal from 7 [7 8)
thread idx 6 steal from 7 [15 16)
thread idx 6 steal from 7 [23 24)
thread idx 6 steal from 7 [31 32)
thread idx 6 steal from 7 [39 40)
thread idx 6 steal from 7 [47 48)
thread idx 5 steal from 7 [55 56)
thread idx 5 steal from 0 [0 1)
thread idx 5 steal from 0 [8 9)
thread idx 5 steal from 0 [16 17)
thread idx 5 steal from 0 [24 25)
thread idx 5 steal from 0 [32 33)
thread idx 5 steal from 0 [40 41)
thread idx 5 steal from 0 [48 49)
thread idx 5 steal from 0 [56 57)
thread idx 5 steal from 1 [1 2)
thread idx 5 steal from 1 [9 10)
thread idx 5 steal from 1 [17 18)
thread idx 5 steal from 1 [25 26)
thread idx 5 steal from 1 [33 34)
thread idx 5 steal from 1 [41 42)
thread idx 5 steal from 1 [49 50)
thread idx 5 steal from 1 [57 58)
thread idx 5 steal from 2 [2 3)
thread idx 5 steal from 2 [10 11)
thread idx 5 steal from 2 [18 19)
thread idx 5 steal from 2 [26 27)
thread idx 5 steal from 2 [34 35)
thread idx 5 steal from 2 [42 43)
thread idx 3 steal from 4 [4 5)
thread idx 3 steal from 4 [12 13)
thread idx 3 steal from 4 [20 21)
thread idx 3 steal from 4 [28 29)
thread idx 3 steal from 4 [36 37)
thread idx 3 steal from 4 [44 45)
thread idx 3 steal from 4 [52 53)
thread idx 3 steal from 4 [60 61)
thread idx 3 steal from 2 [50 51)
thread idx 3 steal from 2 [58 59)
thread idx 6 steal from 7 [63 64)
threadid 6 done 1 task, taskid 218, remainingTaksNum 181
thread idx 219, Get A workFromWaitingQueue, taskId64, num_total_tasks 0 deped_has_not_been_done_num 64
thread idx 0 steal from 1 [1 2)
thread idx 0 steal from 1 [17 18)
thread idx 0 steal from 1 [33 34)
thread idx 0 steal from 1 [57 58)
thread idx 1 steal from 2 [2 3)
thread idx 0 steal from 2 [10 11)
thread idx 1 steal from 2 [18 19)
thread idx 1 steal from 2 [26 27)
thread idx 0 steal from 2 [34 35)
thread idx 1 steal from 2 [42 43)
thread idx 0 steal from 2 [50 51)
thread idx 1 steal from 2 [58 59)
thread idx 0 steal from 3 [3 4)
thread idx 1 steal from 3 [11 12)
thread idx 0 steal from 3 [19 20)
thread idx 1 steal from 3 [27 28)
thread idx 0 steal from 3 [35 36)
thread idx 1 steal from 3 [43 44)
thread idx 0 steal from 3 [51 52)
thread idx 1 steal from 4 [4 5)
thread idx 0 steal from 4 [12 13)
thread idx 3 steal from 4 [28 29)
thread idx 0 steal from 4 [36 37)
thread idx 0 steal from 4 [44 45)
thread idx 0 steal from 4 [52 53)
thread idx 0 steal from 4 [60 61)
thread idx 3 steal from 5 [5 6)
thread idx 0 steal from 5 [13 14)
thread idx 3 steal from 5 [21 22)
thread idx 0 steal from 5 [29 30)
thread idx 1 steal from 4 [20 21)
thread idx 0 steal from 5 [45 46)
thread idx 0 steal from 5 [53 54)
thread idx 0 steal from 5 [61 62)
thread idx 1 steal from 6 [6 7)
thread idx 0 steal from 6 [14 15)
thread idx 3 steal from 5 [37 38)
thread idx 0 steal from 6 [30 31)
thread idx 2 steal from 6 [38 39)
thread idx 0 steal from 6 [46 47)
thread idx 3 steal from 6 [54 55)
thread idx 1 steal from 6 [22 23)
thread idx 2 steal from 6 [62 63)
thread idx 3 steal from 7 [7 8)
thread idx 1 steal from 7 [23 24)
thread idx 2 steal from 7 [31 32)
thread idx 0 steal from 7 [15 16)
thread idx 2 steal from 7 [55 56)
thread idx 1 steal from 7 [47 48)
thread idx 2 steal from 7 [63 64)
thread idx 3 steal from 7 [39 40)
threadid 3 done 1 task, taskid 219, remainingTaksNum 180
thread idx 4 steal from 0 [0 1)
thread idx 2 steal from 3 [3 4)
thread idx 2 steal from 3 [11 12)
thread idx 2 steal from 3 [19 20)
thread idx 2 steal from 3 [27 28)
thread idx 2 steal from 3 [35 36)
thread idx 2 steal from 3 [43 44)
thread idx 2 steal from 3 [51 52)
thread idx 2 steal from 3 [59 60)
thread idx 220, Get A workFromWaitingQueue, taskId64, num_total_tasks 0 deped_has_not_been_done_num 49
thread idx 2 steal from 4 [4 5)
thread idx 2 steal from 4 [12 13)
thread idx 2 steal from 4 [20 21)
thread idx 2 steal from 4 [28 29)
thread idx 2 steal from 4 [36 37)
thread idx 2 steal from 4 [44 45)
thread idx 2 steal from 5 [21 22)
thread idx 2 steal from 5 [29 30)
thread idx 2 steal from 5 [37 38)
thread idx 2 steal from 5 [45 46)
thread idx 2 steal from 5 [53 54)
thread idx 2 steal from 5 [61 62)
thread idx 2 steal from 6 [6 7)
thread idx 2 steal from 6 [14 15)
thread idx 2 steal from 6 [22 23)
thread idx 2 steal from 6 [30 31)
thread idx 2 steal from 6 [38 39)
thread idx 2 steal from 6 [46 47)
thread idx 2 steal from 6 [54 55)
thread idx 2 steal from 6 [62 63)
thread idx 4 steal from 5 [5 6)
thread idx 2 steal from 7 [7 8)
thread idx 2 steal from 7 [15 16)
thread idx 2 steal from 7 [23 24)
thread idx 2 steal from 7 [31 32)
thread idx 2 steal from 7 [39 40)
thread idx 2 steal from 7 [47 48)
thread idx 2 steal from 7 [55 56)
thread idx 2 steal from 7 [63 64)
thread idx 2 steal from 0 [8 9)
thread idx 2 steal from 0 [16 17)
thread idx 2 steal from 0 [24 25)
thread idx 1 steal from 0 [32 33)
thread idx 1 steal from 0 [48 49)
thread idx 1 steal from 0 [56 57)
thread idx 3 steal from 5 [13 14)
thread idx 2 steal from 0 [40 41)
threadid 2 done 1 task, taskid 220, remainingTaksNum 179
thread idx 221, Get A workFromWaitingQueue, taskId64, num_total_tasks 0 deped_has_not_been_done_num 64
thread idx 2 steal from 3 [3 4)
thread idx 2 steal from 3 [11 12)
thread idx 2 steal from 3 [19 20)
thread idx 2 steal from 3 [27 28)
thread idx 6 steal from 7 [7 8)
thread idx 7 steal from 0 [0 1)
thread idx 6 steal from 0 [8 9)
thread idx 7 steal from 0 [16 17)
thread idx 6 steal from 0 [24 25)
thread idx 7 steal from 0 [32 33)
thread idx 6 steal from 0 [40 41)
thread idx 7 steal from 0 [48 49)
thread idx 6 steal from 0 [56 57)
thread idx 7 steal from 1 [1 2)
thread idx 2 steal from 3 [35 36)
thread idx 6 steal from 1 [9 10)
thread idx 7 steal from 1 [17 18)
thread idx 2 steal from 3 [43 44)
thread idx 7 steal from 1 [33 34)
thread idx 6 steal from 1 [25 26)
thread idx 7 steal from 1 [41 42)
thread idx 2 steal from 3 [51 52)
thread idx 6 steal from 1 [49 50)
thread idx 7 steal from 1 [57 58)
thread idx 6 steal from 3 [59 60)
thread idx 2 steal from 4 [4 5)
thread idx 6 steal from 4 [20 21)
thread idx 6 steal from 4 [28 29)
thread idx 6 steal from 4 [36 37)
thread idx 2 steal from 4 [44 45)
thread idx 6 steal from 4 [52 53)
thread idx 2 steal from 4 [60 61)
thread idx 6 steal from 5 [5 6)
thread idx 7 steal from 4 [12 13)
thread idx 6 steal from 5 [21 22)
thread idx 6 steal from 5 [29 30)
thread idx 6 steal from 5 [37 38)
thread idx 6 steal from 5 [45 46)
thread idx 7 steal from 5 [53 54)
thread idx 6 steal from 5 [61 62)
thread idx 2 steal from 5 [13 14)
threadid 2 done 1 task, taskid 221, remainingTaksNum 178
thread idx 222, Get A workFromWaitingQueue, taskId64, num_total_tasks 0 deped_has_not_been_done_num 64
thread idx 2 steal from 3 [3 4)
thread idx 2 steal from 3 [11 12)
thread idx 2 steal from 3 [19 20)
thread idx 2 steal from 3 [27 28)
thread idx 2 steal from 3 [35 36)
thread idx 2 steal from 3 [43 44)
thread idx 2 steal from 3 [51 52)
thread idx 2 steal from 3 [59 60)
thread idx 2 steal from 4 [4 5)
thread idx 2 steal from 4 [12 13)
thread idx 2 steal from 4 [20 21)
thread idx 2 steal from 4 [28 29)
thread idx 2 steal from 4 [36 37)
thread idx 2 steal from 4 [44 45)
thread idx 7 steal from 0 [0 1)
thread idx 7 steal from 0 [8 9)
thread idx 2 steal from 4 [52 53)
thread idx 7 steal from 0 [16 17)
thread idx 7 steal from 0 [24 25)
thread idx 2 steal from 4 [60 61)
thread idx 3 steal from 5 [5 6)
thread idx 3 steal from 5 [13 14)
thread idx 3 steal from 5 [21 22)
thread idx 3 steal from 5 [29 30)
thread idx 3 steal from 5 [37 38)
thread idx 3 steal from 5 [45 46)
thread idx 3 steal from 5 [53 54)
thread idx 3 steal from 5 [61 62)
thread idx 3 steal from 6 [6 7)
thread idx 3 steal from 6 [14 15)
thread idx 3 steal from 6 [22 23)
thread idx 3 steal from 6 [30 31)
thread idx 3 steal from 6 [38 39)
thread idx 3 steal from 6 [46 47)
thread idx 3 steal from 6 [54 55)
thread idx 2 steal from 6 [62 63)
thread idx 3 steal from 0 [40 41)
thread idx 2 steal from 0 [48 49)
thread idx 3 steal from 0 [56 57)
thread idx 2 steal from 1 [1 2)
thread idx 6 steal from 1 [33 34)
thread idx 6 steal from 1 [41 42)
thread idx 6 steal from 1 [49 50)
thread idx 4 steal from 1 [57 58)
thread idx 3 steal from 1 [9 10)
thread idx 0 steal from 1 [17 18)
thread idx 7 steal from 0 [32 33)
thread idx 5 steal from 1 [25 26)
threadid 5 done 1 task, taskid 222, remainingTaksNum 177
thread idx 223, Get A workFromWaitingQueue, taskId64, num_total_tasks 0 deped_has_not_been_done_num 64
thread idx 1 steal from 2 [2 3)
thread idx 1 steal from 2 [10 11)
thread idx 1 steal from 2 [18 19)
thread idx 1 steal from 2 [26 27)
thread idx 1 steal from 2 [34 35)
thread idx 1 steal from 2 [42 43)
thread idx 1 steal from 2 [50 51)
thread idx 1 steal from 2 [58 59)
thread idx 1 steal from 3 [3 4)
thread idx 1 steal from 3 [11 12)
thread idx 1 steal from 3 [19 20)
thread idx 1 steal from 3 [27 28)
thread idx 1 steal from 3 [35 36)
thread idx 1 steal from 3 [43 44)
thread idx 1 steal from 3 [51 52)
thread idx 1 steal from 3 [59 60)
thread idx 1 steal from 4 [4 5)
thread idx 1 steal from 4 [12 13)
thread idx 5 steal from 6 [6 7)
thread idx 1 steal from 4 [20 21)
thread idx 5 steal from 6 [14 15)
thread idx 1 steal from 4 [28 29)
thread idx 5 steal from 6 [22 23)
thread idx 1 steal from 4 [36 37)
thread idx 5 steal from 6 [30 31)
thread idx 5 steal from 6 [38 39)
thread idx 1 steal from 4 [44 45)
thread idx 0 steal from 4 [52 53)
thread idx 0 steal from 4 [60 61)
thread idx 0 steal from 6 [54 55)
thread idx 1 steal from 6 [62 63)
thread idx 0 steal from 7 [7 8)
thread idx 0 steal from 7 [15 16)
thread idx 0 steal from 7 [23 24)
thread idx 0 steal from 7 [31 32)
thread idx 0 steal from 7 [39 40)
thread idx 0 steal from 7 [47 48)
thread idx 0 steal from 7 [63 64)
thread idx 5 steal from 6 [46 47)
threadid 5 done 1 task, taskid 223, remainingTaksNum 176
thread idx 224, Get A workFromWaitingQueue, taskId64, num_total_tasks 0 deped_has_not_been_done_num 64
thread idx 5 steal from 6 [6 7)
thread idx 5 steal from 6 [14 15)
thread idx 5 steal from 6 [22 23)
thread idx 4 steal from 6 [30 31)
thread idx 4 steal from 6 [46 47)
thread idx 4 steal from 6 [54 55)
thread idx 5 steal from 6 [38 39)
thread idx 4 steal from 6 [62 63)
thread idx 5 steal from 7 [7 8)
thread idx 4 steal from 7 [15 16)
thread idx 5 steal from 7 [23 24)
thread idx 4 steal from 7 [31 32)
thread idx 5 steal from 7 [39 40)
thread idx 4 steal from 7 [47 48)
thread idx 5 steal from 7 [55 56)
thread idx 4 steal from 7 [63 64)
thread idx 5 steal from 0 [0 1)
thread idx 4 steal from 0 [8 9)
thread idx 5 steal from 0 [16 17)
thread idx 4 steal from 0 [24 25)
thread idx 5 steal from 0 [32 33)
thread idx 2 steal from 3 [3 4)
thread idx 5 steal from 0 [48 49)
thread idx 5 steal from 0 [56 57)
thread idx 5 steal from 1 [1 2)
thread idx 2 steal from 3 [11 12)
thread idx 5 steal from 1 [9 10)
thread idx 2 steal from 3 [19 20)
thread idx 0 steal from 1 [17 18)
thread idx 5 steal from 1 [25 26)
thread idx 2 steal from 3 [35 36)
thread idx 0 steal from 1 [41 42)
thread idx 0 steal from 1 [49 50)
thread idx 2 steal from 3 [59 60)
thread idx 3 steal from 1 [57 58)
thread idx 4 steal from 0 [40 41)
threadid 4 done 1 task, taskid 224, remainingTaksNum 175
thread idx 225, Get A workFromWaitingQueue, taskId64, num_total_tasks 0 deped_has_not_been_done_num 64
thread idx 4 steal from 5 [5 6)
thread idx 4 steal from 5 [13 14)
thread idx 4 steal from 5 [21 22)
thread idx 4 steal from 5 [29 30)
thread idx 4 steal from 5 [37 38)
thread idx 4 steal from 5 [45 46)
thread idx 4 steal from 5 [53 54)
thread idx 4 steal from 5 [61 62)
thread idx 4 steal from 6 [6 7)
thread idx 4 steal from 6 [14 15)
thread idx 4 steal from 6 [22 23)
thread idx 4 steal from 6 [30 31)
thread idx 4 steal from 6 [38 39)
thread idx 4 steal from 6 [46 47)
thread idx 4 steal from 6 [54 55)
thread idx 0 steal from 1 [1 2)
thread idx 4 steal from 6 [62 63)
thread idx 0 steal from 1 [9 10)
thread idx 4 steal from 7 [7 8)
thread idx 0 steal from 1 [17 18)
thread idx 4 steal from 7 [15 16)
thread idx 0 steal from 1 [25 26)
thread idx 4 steal from 7 [23 24)
thread idx 0 steal from 1 [33 34)
thread idx 1 steal from 2 [2 3)
thread idx 1 steal from 2 [10 11)
thread idx 1 steal from 2 [18 19)
thread idx 1 steal from 2 [26 27)
thread idx 1 steal from 2 [34 35)
thread idx 1 steal from 2 [42 43)
thread idx 1 steal from 2 [50 51)
thread idx 1 steal from 2 [58 59)
thread idx 1 steal from 3 [3 4)
thread idx 1 steal from 3 [11 12)
thread idx 1 steal from 3 [19 20)
thread idx 1 steal from 3 [27 28)
thread idx 1 steal from 3 [35 36)
thread idx 1 steal from 3 [43 44)
thread idx 1 steal from 3 [51 52)
thread idx 1 steal from 3 [59 60)
thread idx 1 steal from 7 [39 40)
thread idx 1 steal from 7 [47 48)
thread idx 0 steal from 7 [55 56)
thread idx 1 steal from 7 [63 64)
thread idx 4 steal from 7 [31 32)
threadid 4 done 1 task, taskid 225, remainingTaksNum 174
thread idx 226, Get A workFromWaitingQueue, taskId64, num_total_tasks 0 deped_has_not_been_done_num 64
thread idx 4 steal from 5 [5 6)
thread idx 4 steal from 5 [13 14)
thread idx 3 steal from 5 [21 22)
thread idx 4 steal from 5 [29 30)
thread idx 4 steal from 5 [37 38)
thread idx 4 steal from 5 [45 46)
thread idx 3 steal from 5 [53 54)
thread idx 4 steal from 5 [61 62)
thread idx 3 steal from 6 [6 7)
thread idx 0 steal from 1 [1 2)
thread idx 3 steal from 6 [22 23)
thread idx 3 steal from 6 [54 55)
thread idx 6 steal from 7 [7 8)
thread idx 3 steal from 7 [15 16)
thread idx 6 steal from 7 [23 24)
thread idx 0 steal from 1 [9 10)
thread idx 6 steal from 7 [31 32)
thread idx 3 steal from 7 [39 40)
thread idx 0 steal from 1 [17 18)
thread idx 6 steal from 7 [47 48)
thread idx 3 steal from 7 [55 56)
thread idx 6 steal from 7 [63 64)
thread idx 0 steal from 1 [25 26)
thread idx 3 steal from 1 [33 34)
thread idx 6 steal from 1 [41 42)
thread idx 0 steal from 1 [49 50)
thread idx 4 steal from 6 [14 15)
thread idx 3 steal from 1 [57 58)
thread idx 0 steal from 2 [42 43)
thread idx 6 steal from 2 [34 35)
threadid 2 done 1 task, taskid 226, remainingTaksNum 173
thread idx 227, Get A workFromWaitingQueue, taskId64, num_total_tasks 0 deped_has_not_been_done_num 64
thread idx 4 steal from 5 [5 6)
thread idx 4 steal from 5 [13 14)
thread idx 4 steal from 5 [21 22)
thread idx 4 steal from 5 [29 30)
thread idx 4 steal from 5 [37 38)
thread idx 4 steal from 5 [45 46)
thread idx 7 steal from 0 [0 1)
thread idx 4 steal from 5 [53 54)
thread idx 7 steal from 0 [8 9)
thread idx 4 steal from 5 [61 62)
thread idx 7 steal from 0 [16 17)
thread idx 4 steal from 6 [6 7)
thread idx 7 steal from 0 [24 25)
thread idx 7 steal from 0 [32 33)
thread idx 4 steal from 6 [14 15)
thread idx 4 steal from 6 [22 23)
thread idx 4 steal from 6 [30 31)
thread idx 4 steal from 6 [38 39)
thread idx 4 steal from 6 [46 47)
thread idx 7 steal from 0 [40 41)
thread idx 4 steal from 6 [54 55)
thread idx 7 steal from 0 [48 49)
thread idx 4 steal from 6 [62 63)
thread idx 7 steal from 0 [56 57)
thread idx 4 steal from 1 [1 2)
thread idx 7 steal from 1 [9 10)
thread idx 4 steal from 1 [17 18)
thread idx 7 steal from 1 [25 26)
thread idx 4 steal from 1 [33 34)
thread idx 7 steal from 1 [49 50)
thread idx 4 steal from 2 [2 3)
thread idx 1 steal from 2 [18 19)
thread idx 4 steal from 2 [26 27)
thread idx 4 steal from 2 [34 35)
thread idx 4 steal from 2 [42 43)
thread idx 4 steal from 2 [50 51)
thread idx 4 steal from 2 [58 59)
thread idx 4 steal from 3 [3 4)
thread idx 4 steal from 3 [11 12)
thread idx 4 steal from 3 [19 20)
thread idx 4 steal from 3 [27 28)
thread idx 4 steal from 3 [35 36)
thread idx 4 steal from 3 [59 60)
thread idx 7 steal from 2 [10 11)
threadid 7 done 1 task, taskid 227, remainingTaksNum 172
thread idx 228, Get A workFromWaitingQueue, taskId64, num_total_tasks 0 deped_has_not_been_done_num 64
thread idx 3 steal from 4 [4 5)
thread idx 3 steal from 4 [12 13)
thread idx 3 steal from 4 [20 21)
thread idx 3 steal from 4 [28 29)
thread idx 3 steal from 4 [36 37)
thread idx 3 steal from 4 [44 45)
thread idx 3 steal from 4 [52 53)
thread idx 3 steal from 4 [60 61)
thread idx 3 steal from 5 [13 14)
thread idx 3 steal from 5 [29 30)
thread idx 3 steal from 5 [53 54)
thread idx 3 steal from 6 [6 7)
thread idx 2 steal from 6 [22 23)
thread idx 2 steal from 6 [30 31)
thread idx 2 steal from 6 [38 39)
thread idx 2 steal from 6 [46 47)
thread idx 2 steal from 6 [54 55)
thread idx 2 steal from 6 [62 63)
thread idx 2 steal from 7 [7 8)
thread idx 2 steal from 7 [15 16)
thread idx 2 steal from 7 [23 24)
thread idx 2 steal from 7 [31 32)
thread idx 4 steal from 7 [39 40)
thread idx 4 steal from 7 [47 48)
thread idx 2 steal from 7 [55 56)
thread idx 4 steal from 7 [63 64)
thread idx 3 steal from 0 [48 49)
thread idx 2 steal from 1 [1 2)
thread idx 4 steal from 1 [9 10)
thread idx 0 steal from 1 [17 18)
thread idx 2 steal from 1 [33 34)
thread idx 4 steal from 1 [41 42)
thread idx 0 steal from 1 [49 50)
thread idx 2 steal from 1 [57 58)
thread idx 3 steal from 1 [25 26)
thread idx 5 steal from 6 [14 15)
threadid 5 done 1 task, taskid 228, remainingTaksNum 171
thread idx 229, Get A workFromWaitingQueue, taskId64, num_total_tasks 0 deped_has_not_been_done_num 64
thread idx 3 steal from 4 [4 5)
thread idx 3 steal from 4 [12 13)
thread idx 3 steal from 4 [20 21)
thread idx 3 steal from 4 [28 29)
thread idx 6 steal from 7 [7 8)
thread idx 3 steal from 4 [36 37)
thread idx 6 steal from 7 [15 16)
thread idx 3 steal from 4 [44 45)
thread idx 6 steal from 7 [23 24)
thread idx 3 steal from 4 [52 53)
thread idx 6 steal from 7 [31 32)
thread idx 6 steal from 7 [39 40)
thread idx 3 steal from 4 [60 61)
thread idx 3 steal from 5 [5 6)
thread idx 3 steal from 5 [13 14)
thread idx 3 steal from 5 [21 22)
thread idx 6 steal from 7 [47 48)
thread idx 3 steal from 5 [29 30)
thread idx 6 steal from 7 [55 56)
thread idx 3 steal from 5 [37 38)
thread idx 6 steal from 7 [63 64)
thread idx 3 steal from 5 [45 46)
thread idx 6 steal from 1 [17 18)
thread idx 3 steal from 5 [53 54)
thread idx 3 steal from 5 [61 62)
thread idx 0 steal from 1 [1 2)
thread idx 1 steal from 2 [2 3)
thread idx 3 steal from 2 [10 11)
thread idx 1 steal from 2 [18 19)
thread idx 3 steal from 2 [26 27)
thread idx 1 steal from 2 [34 35)
thread idx 3 steal from 2 [42 43)
thread idx 0 steal from 2 [50 51)
thread idx 1 steal from 2 [58 59)
thread idx 6 steal from 1 [49 50)
threadid 6 done 1 task, taskid 229, remainingTaksNum 170
thread idx 230, Get A workFromWaitingQueue, taskId64, num_total_tasks 0 deped_has_not_been_done_num 64
thread idx 3 steal from 4 [4 5)
thread idx 3 steal from 4 [12 13)
thread idx 3 steal from 4 [20 21)
thread idx 3 steal from 4 [28 29)
thread idx 3 steal from 4 [36 37)
thread idx 3 steal from 4 [44 45)
thread idx 3 steal from 4 [52 53)
thread idx 3 steal from 4 [60 61)
thread idx 3 steal from 5 [5 6)
thread idx 3 steal from 5 [13 14)
thread idx 3 steal from 5 [21 22)
thread idx 3 steal from 5 [29 30)
thread idx 3 steal from 5 [37 38)
thread idx 3 steal from 5 [45 46)
thread idx 3 steal from 5 [53 54)
thread idx 3 steal from 5 [61 62)
thread idx 3 steal from 6 [6 7)
thread idx 4 steal from 6 [14 15)
thread idx 0 steal from 1 [1 2)
thread idx 0 steal from 1 [9 10)
thread idx 0 steal from 1 [25 26)
thread idx 4 steal from 6 [30 31)
thread idx 1 steal from 2 [2 3)
thread idx 4 steal from 6 [38 39)
thread idx 1 steal from 2 [10 11)
thread idx 4 steal from 6 [46 47)
thread idx 1 steal from 2 [18 19)
thread idx 4 steal from 6 [54 55)
thread idx 1 steal from 2 [26 27)
thread idx 0 steal from 1 [33 34)
thread idx 3 steal from 6 [22 23)
thread idx 4 steal from 6 [62 63)
thread idx 0 steal from 2 [42 43)
thread idx 4 steal from 7 [7 8)
thread idx 0 steal from 2 [50 51)
thread idx 4 steal from 7 [15 16)
thread idx 0 steal from 2 [58 59)
thread idx 3 steal from 7 [23 24)
thread idx 4 steal from 7 [31 32)
thread idx 3 steal from 7 [47 48)
thread idx 3 steal from 7 [55 56)
thread idx 4 steal from 7 [63 64)
thread idx 0 steal from 7 [39 40)
thread idx 1 steal from 2 [34 35)
threadid 1 done 1 task, taskid 230, remainingTaksNum 169
thread idx 231, Get A workFromWaitingQueue, taskId64, num_total_tasks 0 deped_has_not_been_done_num 64
thread idx 3 steal from 4 [4 5)
thread idx 3 steal from 4 [12 13)
thread idx 3 steal from 4 [20 21)
thread idx 3 steal from 4 [28 29)
thread idx 7 steal from 0 [0 1)
thread idx 6 steal from 0 [8 9)
thread idx 6 steal from 0 [16 17)
thread idx 6 steal from 0 [24 25)
thread idx 4 steal from 0 [32 33)
thread idx 0 steal from 1 [1 2)
thread idx 4 steal from 1 [9 10)
thread idx 4 steal from 1 [17 18)
thread idx 0 steal from 1 [25 26)
thread idx 4 steal from 1 [33 34)
thread idx 0 steal from 1 [41 42)
thread idx 4 steal from 1 [49 50)
thread idx 0 steal from 1 [57 58)
thread idx 6 steal from 0 [40 41)
thread idx 5 steal from 6 [6 7)
thread idx 4 steal from 2 [2 3)
thread idx 0 steal from 2 [10 11)
thread idx 7 steal from 2 [18 19)
thread idx 3 steal from 4 [36 37)
threadid 3 done 1 task, taskid 231, remainingTaksNum 168
thread idx 4 steal from 0 [0 1)
thread idx 232, Get A workFromWaitingQueue, taskId64, num_total_tasks 0 deped_has_not_been_done_num 64
thread idx 3 steal from 4 [52 53)
thread idx 4 steal from 5 [53 54)
thread idx 3 steal from 5 [61 62)
thread idx 4 steal from 6 [6 7)
thread idx 3 steal from 6 [22 23)
thread idx 5 steal from 6 [14 15)
thread idx 3 steal from 6 [38 39)
thread idx 3 steal from 6 [46 47)
thread idx 3 steal from 6 [54 55)
thread idx 3 steal from 6 [62 63)
thread idx 5 steal from 7 [7 8)
thread idx 3 steal from 7 [15 16)
thread idx 5 steal from 7 [23 24)
thread idx 4 steal from 6 [30 31)
thread idx 3 steal from 7 [31 32)
thread idx 4 steal from 7 [39 40)
thread idx 5 steal from 7 [47 48)
thread idx 3 steal from 7 [55 56)
thread idx 4 steal from 7 [63 64)
thread idx 5 steal from 0 [8 9)
thread idx 3 steal from 0 [16 17)
thread idx 5 steal from 0 [40 41)
thread idx 4 steal from 0 [32 33)
thread idx 5 steal from 0 [48 49)
thread idx 4 steal from 0 [56 57)
thread idx 3 steal from 1 [1 2)
thread idx 4 steal from 1 [17 18)
thread idx 5 steal from 1 [9 10)
thread idx 3 steal from 1 [25 26)
thread idx 5 steal from 1 [33 34)
thread idx 3 steal from 1 [41 42)
thread idx 5 steal from 1 [49 50)
thread idx 4 steal from 1 [57 58)
thread idx 3 steal from 2 [2 3)
thread idx 5 steal from 2 [10 11)
thread idx 4 steal from 2 [18 19)
thread idx 3 steal from 2 [26 27)
thread idx 5 steal from 2 [34 35)
thread idx 4 steal from 2 [42 43)
thread idx 3 steal from 2 [58 59)
thread idx 6 steal from 0 [24 25)
thread idx 5 steal from 2 [50 51)
threadid 5 done 1 task, taskid 232, remainingTaksNum 167
thread idx 233, Get A workFromWaitingQueue, taskId64, num_total_tasks 0 deped_has_not_been_done_num 64
thread idx 5 steal from 6 [6 7)
thread idx 5 steal from 6 [14 15)
thread idx 5 steal from 6 [22 23)
thread idx 5 steal from 6 [30 31)
thread idx 5 steal from 6 [38 39)
thread idx 5 steal from 6 [46 47)
thread idx 5 steal from 6 [54 55)
thread idx 5 steal from 7 [7 8)
thread idx 6 steal from 7 [15 16)
thread idx 5 steal from 7 [23 24)
thread idx 5 steal from 7 [31 32)
thread idx 5 steal from 7 [39 40)
thread idx 5 steal from 7 [47 48)
thread idx 6 steal from 7 [55 56)
thread idx 5 steal from 7 [63 64)
thread idx 0 steal from 1 [1 2)
thread idx 6 steal from 1 [9 10)
thread idx 5 steal from 1 [17 18)
thread idx 6 steal from 1 [33 34)
thread idx 6 steal from 1 [41 42)
thread idx 6 steal from 1 [49 50)
thread idx 6 steal from 1 [57 58)
thread idx 6 steal from 2 [2 3)
thread idx 6 steal from 2 [10 11)
thread idx 6 steal from 2 [18 19)
thread idx 6 steal from 2 [26 27)
thread idx 6 steal from 2 [34 35)
thread idx 6 steal from 2 [42 43)
thread idx 6 steal from 2 [50 51)
thread idx 6 steal from 2 [58 59)
thread idx 6 steal from 3 [3 4)
thread idx 6 steal from 3 [11 12)
thread idx 6 steal from 3 [19 20)
thread idx 6 steal from 3 [27 28)
thread idx 6 steal from 3 [35 36)
thread idx 6 steal from 3 [43 44)
thread idx 6 steal from 3 [51 52)
thread idx 6 steal from 3 [59 60)
thread idx 6 steal from 4 [4 5)
thread idx 6 steal from 4 [12 13)
thread idx 6 steal from 4 [20 21)
thread idx 6 steal from 4 [28 29)
thread idx 6 steal from 4 [36 37)
thread idx 7 steal from 4 [44 45)
thread idx 5 steal from 4 [52 53)
thread idx 0 steal from 1 [25 26)
thread idx 6 steal from 4 [60 61)
threadid 6 done 1 task, taskid 233, remainingTaksNum 166
thread idx 234, Get A workFromWaitingQueue, taskId64, num_total_tasks 0 deped_has_not_been_done_num 64
thread idx 0 steal from 1 [1 2)
thread idx 0 steal from 1 [9 10)
thread idx 0 steal from 1 [17 18)
thread idx 0 steal from 1 [25 26)
thread idx 0 steal from 1 [33 34)
thread idx 0 steal from 1 [41 42)
thread idx 0 steal from 1 [49 50)
thread idx 0 steal from 1 [57 58)
thread idx 0 steal from 2 [2 3)
thread idx 0 steal from 2 [10 11)
thread idx 0 steal from 2 [18 19)
thread idx 0 steal from 2 [26 27)
thread idx 0 steal from 2 [34 35)
thread idx 0 steal from 2 [42 43)
thread idx 0 steal from 2 [50 51)
thread idx 0 steal from 2 [58 59)
thread idx 0 steal from 3 [3 4)
thread idx 0 steal from 3 [11 12)
thread idx 0 steal from 3 [19 20)
thread idx 0 steal from 3 [27 28)
thread idx 0 steal from 3 [35 36)
thread idx 0 steal from 3 [43 44)
thread idx 0 steal from 3 [51 52)
thread idx 5 steal from 6 [6 7)
thread idx 5 steal from 6 [14 15)
thread idx 5 steal from 6 [22 23)
thread idx 5 steal from 6 [30 31)
thread idx 0 steal from 3 [59 60)
thread idx 5 steal from 6 [38 39)
thread idx 0 steal from 4 [4 5)
thread idx 5 steal from 6 [46 47)
thread idx 0 steal from 4 [12 13)
thread idx 5 steal from 6 [54 55)
thread idx 0 steal from 4 [20 21)
thread idx 5 steal from 6 [62 63)
thread idx 0 steal from 4 [28 29)
thread idx 5 steal from 7 [7 8)
thread idx 0 steal from 4 [36 37)
thread idx 5 steal from 7 [15 16)
thread idx 0 steal from 4 [44 45)
thread idx 5 steal from 7 [23 24)
thread idx 0 steal from 4 [52 53)
thread idx 5 steal from 7 [31 32)
thread idx 0 steal from 4 [60 61)
thread idx 0 steal from 7 [39 40)
thread idx 5 steal from 7 [47 48)
thread idx 0 steal from 7 [55 56)
thread idx 5 steal from 7 [63 64)
threadid 5 done 1 task, taskid 234, remainingTaksNum 165
thread idx 235, Get A workFromWaitingQueue, taskId64, num_total_tasks 0 deped_has_not_been_done_num 64
thread idx 0 steal from 1 [1 2)
thread idx 0 steal from 1 [9 10)
thread idx 0 steal from 1 [17 18)
thread idx 0 steal from 1 [25 26)
thread idx 0 steal from 1 [33 34)
thread idx 0 steal from 1 [41 42)
thread idx 0 steal from 1 [49 50)
thread idx 0 steal from 1 [57 58)
thread idx 0 steal from 2 [2 3)
thread idx 0 steal from 2 [10 11)
thread idx 0 steal from 2 [18 19)
thread idx 0 steal from 2 [26 27)
thread idx 0 steal from 2 [34 35)
thread idx 0 steal from 2 [42 43)
thread idx 0 steal from 2 [50 51)
thread idx 0 steal from 2 [58 59)
thread idx 0 steal from 3 [3 4)
thread idx 0 steal from 3 [11 12)
thread idx 0 steal from 3 [19 20)
thread idx 0 steal from 3 [27 28)
thread idx 0 steal from 3 [35 36)
thread idx 0 steal from 3 [43 44)
thread idx 0 steal from 3 [51 52)
thread idx 0 steal from 3 [59 60)
thread idx 0 steal from 4 [4 5)
thread idx 0 steal from 4 [12 13)
thread idx 0 steal from 4 [20 21)
thread idx 0 steal from 4 [28 29)
thread idx 0 steal from 4 [36 37)
thread idx 0 steal from 4 [44 45)
thread idx 0 steal from 4 [52 53)
thread idx 0 steal from 4 [60 61)
thread idx 0 steal from 5 [5 6)
thread idx 0 steal from 5 [13 14)
thread idx 0 steal from 5 [21 22)
thread idx 0 steal from 5 [29 30)
thread idx 0 steal from 5 [37 38)
thread idx 0 steal from 5 [45 46)
thread idx 0 steal from 5 [53 54)
thread idx 0 steal from 5 [61 62)
thread idx 0 steal from 6 [6 7)
thread idx 7 steal from 6 [14 15)
thread idx 7 steal from 6 [30 31)
thread idx 7 steal from 6 [38 39)
thread idx 7 steal from 6 [46 47)
thread idx 7 steal from 6 [54 55)
thread idx 0 steal from 6 [22 23)
thread idx 7 steal from 6 [62 63)
threadid 7 done 1 task, taskid 235, remainingTaksNum 164
thread idx 236, Get A workFromWaitingQueue, taskId64, num_total_tasks 0 deped_has_not_been_done_num 64
thread idx 7 steal from 0 [0 1)
thread idx 7 steal from 0 [8 9)
thread idx 7 steal from 0 [16 17)
thread idx 7 steal from 0 [24 25)
thread idx 7 steal from 0 [32 33)
thread idx 7 steal from 0 [40 41)
thread idx 7 steal from 0 [48 49)
thread idx 7 steal from 0 [56 57)
thread idx 7 steal from 1 [1 2)
thread idx 7 steal from 1 [9 10)
thread idx 7 steal from 1 [17 18)
thread idx 7 steal from 1 [33 34)
thread idx 7 steal from 1 [49 50)
thread idx 7 steal from 2 [2 3)
thread idx 1 steal from 2 [10 11)
thread idx 2 steal from 3 [3 4)
thread idx 2 steal from 3 [11 12)
thread idx 1 steal from 3 [19 20)
thread idx 2 steal from 3 [27 28)
thread idx 2 steal from 3 [35 36)
thread idx 1 steal from 3 [43 44)
thread idx 2 steal from 3 [51 52)
thread idx 1 steal from 3 [59 60)
thread idx 2 steal from 4 [4 5)
thread idx 2 steal from 4 [12 13)
thread idx 1 steal from 4 [20 21)
thread idx 2 steal from 4 [28 29)
thread idx 1 steal from 4 [36 37)
thread idx 1 steal from 4 [44 45)
thread idx 2 steal from 4 [52 53)
thread idx 1 steal from 4 [60 61)
thread idx 6 steal from 5 [5 6)
thread idx 1 steal from 5 [21 22)
thread idx 1 steal from 5 [29 30)
thread idx 1 steal from 5 [37 38)
thread idx 4 steal from 5 [45 46)
thread idx 1 steal from 5 [61 62)
thread idx 2 steal from 5 [13 14)
thread idx 6 steal from 5 [53 54)
thread idx 7 steal from 2 [18 19)
threadid 7 done 1 task, taskid 236, remainingTaksNum 163
thread idx 237, Get A workFromWaitingQueue, taskId64, num_total_tasks 0 deped_has_not_been_done_num 64
thread idx 7 steal from 0 [0 1)
thread idx 7 steal from 0 [8 9)
thread idx 7 steal from 0 [16 17)
thread idx 7 steal from 0 [24 25)
thread idx 7 steal from 0 [32 33)
thread idx 7 steal from 0 [40 41)
thread idx 7 steal from 0 [48 49)
thread idx 7 steal from 0 [56 57)
thread idx 7 steal from 1 [9 10)
thread idx 7 steal from 1 [25 26)
thread idx 7 steal from 1 [33 34)
thread idx 0 steal from 1 [41 42)
thread idx 4 steal from 6 [14 15)
thread idx 1 steal from 2 [2 3)
thread idx 1 steal from 2 [10 11)
thread idx 1 steal from 2 [18 19)
thread idx 1 steal from 2 [26 27)
thread idx 7 steal from 1 [49 50)
thread idx 7 steal from 2 [42 43)
thread idx 7 steal from 2 [50 51)
thread idx 7 steal from 2 [58 59)
thread idx 7 steal from 3 [3 4)
thread idx 7 steal from 3 [11 12)
thread idx 7 steal from 3 [19 20)
thread idx 7 steal from 3 [27 28)
thread idx 7 steal from 3 [35 36)
thread idx 7 steal from 3 [43 44)
thread idx 7 steal from 3 [51 52)
thread idx 7 steal from 3 [59 60)
thread idx 7 steal from 6 [22 23)
thread idx 7 steal from 6 [30 31)
thread idx 4 steal from 6 [38 39)
thread idx 7 steal from 6 [46 47)
thread idx 7 steal from 6 [62 63)
thread idx 3 steal from 6 [54 55)
thread idx 5 steal from 6 [6 7)
thread idx 1 steal from 2 [34 35)
thread idx 0 steal from 1 [57 58)
threadid 0 done 1 task, taskid 237, remainingTaksNum 162
thread idx 238, Get A workFromWaitingQueue, taskId64, num_total_tasks 0 deped_has_not_been_done_num 64
thread idx 1 steal from 2 [2 3)
thread idx 1 steal from 2 [10 11)
thread idx 1 steal from 2 [18 19)
thread idx 1 steal from 2 [26 27)
thread idx 1 steal from 2 [34 35)
thread idx 1 steal from 2 [42 43)
thread idx 1 steal from 2 [50 51)
thread idx 1 steal from 2 [58 59)
thread idx 1 steal from 3 [3 4)
thread idx 1 steal from 3 [11 12)
thread idx 1 steal from 3 [19 20)
thread idx 4 steal from 5 [5 6)
thread idx 7 steal from 0 [0 1)
thread idx 7 steal from 0 [8 9)
thread idx 7 steal from 0 [16 17)
thread idx 7 steal from 0 [24 25)
thread idx 4 steal from 5 [13 14)
thread idx 7 steal from 0 [32 33)
thread idx 7 steal from 0 [40 41)
thread idx 4 steal from 5 [21 22)
thread idx 1 steal from 3 [27 28)
thread idx 7 steal from 0 [48 49)
thread idx 4 steal from 5 [29 30)
thread idx 1 steal from 3 [35 36)
thread idx 7 steal from 0 [56 57)
thread idx 4 steal from 5 [37 38)
thread idx 1 steal from 3 [43 44)
thread idx 7 steal from 3 [51 52)
thread idx 4 steal from 5 [45 46)
thread idx 1 steal from 3 [59 60)
thread idx 7 steal from 5 [53 54)
thread idx 4 steal from 5 [61 62)
thread idx 7 steal from 6 [38 39)
thread idx 4 steal from 6 [54 55)
thread idx 1 steal from 6 [62 63)
threadid 1 done 1 task, taskid 238, remainingTaksNum 161
thread idx 239, Get A workFromWaitingQueue, taskId64, num_total_tasks 0 deped_has_not_been_done_num 64
thread idx 5 steal from 6 [6 7)
thread idx 5 steal from 6 [14 15)
thread idx 5 steal from 6 [22 23)
thread idx 5 steal from 6 [30 31)
thread idx 5 steal from 6 [38 39)
thread idx 5 steal from 6 [46 47)
thread idx 5 steal from 6 [54 55)
thread idx 5 steal from 6 [62 63)
thread idx 5 steal from 7 [7 8)
thread idx 4 steal from 0 [16 17)
thread idx 4 steal from 0 [48 49)
thread idx 0 steal from 1 [1 2)
thread idx 0 steal from 1 [17 18)
thread idx 0 steal from 1 [25 26)
thread idx 0 steal from 1 [33 34)
thread idx 2 steal from 3 [3 4)
thread idx 2 steal from 3 [11 12)
thread idx 2 steal from 3 [19 20)
thread idx 2 steal from 3 [27 28)
thread idx 2 steal from 3 [35 36)
thread idx 0 steal from 1 [41 42)
thread idx 2 steal from 3 [51 52)
thread idx 0 steal from 1 [49 50)
thread idx 2 steal from 1 [57 58)
thread idx 4 steal from 1 [9 10)
thread idx 7 steal from 0 [0 1)
threadid 7 done 1 task, taskid 239, remainingTaksNum 160
thread idx 240, Get A workFromWaitingQueue, taskId64, num_total_tasks 0 deped_has_not_been_done_num 64
thread idx 7 steal from 0 [0 1)
thread idx 7 steal from 0 [8 9)
thread idx 7 steal from 0 [16 17)
thread idx 7 steal from 0 [24 25)
thread idx 7 steal from 0 [32 33)
thread idx 7 steal from 0 [40 41)
thread idx 6 steal from 0 [48 49)
thread idx 6 steal from 1 [25 26)
thread idx 7 steal from 0 [56 57)
thread idx 6 steal from 1 [41 42)
thread idx 7 steal from 2 [2 3)
thread idx 6 steal from 2 [10 11)
thread idx 7 steal from 2 [18 19)
thread idx 1 steal from 2 [26 27)
thread idx 7 steal from 2 [42 43)
thread idx 7 steal from 2 [50 51)
thread idx 7 steal from 2 [58 59)
thread idx 7 steal from 3 [3 4)
thread idx 7 steal from 3 [11 12)
thread idx 1 steal from 3 [19 20)
thread idx 7 steal from 3 [27 28)
thread idx 7 steal from 3 [35 36)
thread idx 1 steal from 3 [43 44)
thread idx 6 steal from 2 [34 35)
thread idx 7 steal from 3 [51 52)
thread idx 1 steal from 3 [59 60)
thread idx 7 steal from 4 [12 13)
thread idx 6 steal from 4 [4 5)
thread idx 7 steal from 4 [20 21)
thread idx 1 steal from 4 [28 29)
thread idx 6 steal from 4 [36 37)
thread idx 1 steal from 4 [52 53)
thread idx 1 steal from 4 [60 61)
thread idx 1 steal from 5 [5 6)
thread idx 6 steal from 5 [21 22)
thread idx 2 steal from 5 [13 14)
thread idx 6 steal from 5 [29 30)
thread idx 1 steal from 5 [37 38)
thread idx 2 steal from 5 [45 46)
thread idx 6 steal from 5 [53 54)
thread idx 7 steal from 4 [44 45)
thread idx 6 steal from 5 [61 62)
threadid 6 done 1 task, taskid 240, remainingTaksNum 159
thread idx 241, Get A workFromWaitingQueue, taskId64, num_total_tasks 0 deped_has_not_been_done_num 64
thread idx 1 steal from 2 [2 3)
thread idx 1 steal from 2 [10 11)
thread idx 1 steal from 2 [18 19)
thread idx 1 steal from 2 [26 27)
thread idx 1 steal from 2 [34 35)
thread idx 0 steal from 2 [42 43)
thread idx 1 steal from 2 [50 51)
thread idx 0 steal from 2 [58 59)
thread idx 1 steal from 3 [3 4)
thread idx 0 steal from 3 [11 12)
thread idx 1 steal from 3 [19 20)
thread idx 0 steal from 3 [27 28)
thread idx 1 steal from 3 [35 36)
thread idx 0 steal from 3 [43 44)
thread idx 0 steal from 3 [51 52)
thread idx 1 steal from 3 [59 60)
thread idx 0 steal from 4 [4 5)
thread idx 0 steal from 4 [12 13)
thread idx 1 steal from 4 [20 21)
thread idx 0 steal from 4 [28 29)
thread idx 1 steal from 4 [36 37)
thread idx 0 steal from 4 [44 45)
thread idx 0 steal from 4 [52 53)
thread idx 1 steal from 4 [60 61)
thread idx 0 steal from 5 [5 6)
thread idx 0 steal from 5 [13 14)
thread idx 1 steal from 5 [21 22)
thread idx 0 steal from 5 [29 30)
thread idx 1 steal from 5 [37 38)
thread idx 0 steal from 5 [45 46)
thread idx 4 steal from 5 [53 54)
thread idx 0 steal from 6 [6 7)
thread idx 0 steal from 6 [14 15)
thread idx 0 steal from 6 [22 23)
thread idx 0 steal from 6 [30 31)
thread idx 4 steal from 6 [38 39)
thread idx 0 steal from 6 [46 47)
thread idx 1 steal from 5 [61 62)
thread idx 0 steal from 6 [62 63)
thread idx 4 steal from 6 [54 55)
thread idx 1 steal from 7 [7 8)
thread idx 0 steal from 7 [15 16)
thread idx 4 steal from 7 [23 24)
thread idx 2 steal from 7 [31 32)
thread idx 0 steal from 7 [47 48)
thread idx 4 steal from 7 [55 56)
thread idx 0 steal from 7 [63 64)
thread idx 1 steal from 7 [39 40)
threadid 1 done 1 task, taskid 241, remainingTaksNum 158
thread idx 242, Get A workFromWaitingQueue, taskId64, num_total_tasks 0 deped_has_not_been_done_num 64
thread idx 4 steal from 5 [5 6)
thread idx 4 steal from 6 [14 15)
thread idx 4 steal from 6 [22 23)
thread idx 7 steal from 0 [0 1)
thread idx 1 steal from 2 [2 3)
thread idx 7 steal from 0 [8 9)
thread idx 7 steal from 0 [16 17)
thread idx 7 steal from 0 [24 25)
thread idx 7 steal from 0 [32 33)
thread idx 7 steal from 0 [40 41)
thread idx 7 steal from 0 [48 49)
thread idx 7 steal from 0 [56 57)
thread idx 7 steal from 2 [10 11)
thread idx 1 steal from 2 [18 19)
thread idx 7 steal from 2 [26 27)
thread idx 1 steal from 2 [34 35)
thread idx 5 steal from 6 [6 7)
thread idx 1 steal from 2 [50 51)
thread idx 1 steal from 2 [58 59)
thread idx 0 steal from 3 [3 4)
thread idx 1 steal from 3 [11 12)
thread idx 5 steal from 6 [38 39)
thread idx 0 steal from 3 [19 20)
thread idx 1 steal from 3 [27 28)
thread idx 0 steal from 3 [35 36)
thread idx 1 steal from 3 [43 44)
thread idx 0 steal from 3 [51 52)
thread idx 5 steal from 6 [46 47)
thread idx 0 steal from 3 [59 60)
thread idx 1 steal from 6 [54 55)
thread idx 7 steal from 2 [42 43)
thread idx 4 steal from 6 [30 31)
thread idx 5 steal from 6 [62 63)
threadid 5 done 1 task, taskid 242, remainingTaksNum 157
thread idx 243, Get A workFromWaitingQueue, taskId64, num_total_tasks 0 deped_has_not_been_done_num 64
thread idx 7 steal from 0 [0 1)
thread idx 7 steal from 0 [8 9)
thread idx 7 steal from 0 [16 17)
thread idx 7 steal from 0 [24 25)
thread idx 7 steal from 0 [32 33)
thread idx 7 steal from 0 [40 41)
thread idx 7 steal from 0 [48 49)
thread idx 7 steal from 0 [56 57)
thread idx 7 steal from 1 [1 2)
thread idx 7 steal from 1 [9 10)
thread idx 7 steal from 1 [17 18)
thread idx 7 steal from 1 [25 26)
thread idx 7 steal from 1 [33 34)
thread idx 7 steal from 1 [41 42)
thread idx 7 steal from 1 [49 50)
thread idx 7 steal from 1 [57 58)
thread idx 7 steal from 2 [2 3)
thread idx 7 steal from 2 [10 11)
thread idx 7 steal from 2 [18 19)
thread idx 7 steal from 2 [26 27)
thread idx 7 steal from 2 [34 35)
thread idx 7 steal from 2 [42 43)
thread idx 7 steal from 2 [50 51)
thread idx 7 steal from 2 [58 59)
thread idx 7 steal from 3 [3 4)
thread idx 7 steal from 3 [11 12)
thread idx 7 steal from 3 [19 20)
thread idx 7 steal from 3 [27 28)
thread idx 7 steal from 3 [35 36)
thread idx 7 steal from 3 [43 44)
thread idx 7 steal from 3 [51 52)
thread idx 7 steal from 3 [59 60)
thread idx 7 steal from 4 [4 5)
thread idx 7 steal from 4 [12 13)
thread idx 7 steal from 4 [20 21)
thread idx 7 steal from 4 [28 29)
thread idx 7 steal from 4 [36 37)
thread idx 7 steal from 4 [44 45)
thread idx 7 steal from 4 [52 53)
thread idx 7 steal from 4 [60 61)
thread idx 7 steal from 5 [5 6)
thread idx 7 steal from 5 [13 14)
thread idx 7 steal from 5 [21 22)
thread idx 7 steal from 5 [29 30)
thread idx 7 steal from 5 [37 38)
thread idx 7 steal from 5 [45 46)
thread idx 7 steal from 5 [53 54)
thread idx 3 steal from 5 [61 62)
thread idx 3 steal from 6 [14 15)
thread idx 3 steal from 6 [22 23)
thread idx 3 steal from 6 [30 31)
thread idx 3 steal from 6 [38 39)
thread idx 3 steal from 6 [46 47)
thread idx 3 steal from 6 [54 55)
thread idx 3 steal from 6 [62 63)
thread idx 7 steal from 6 [6 7)
threadid 7 done 1 task, taskid 243, remainingTaksNum 156
thread idx 244, Get A workFromWaitingQueue, taskId64, num_total_tasks 0 deped_has_not_been_done_num 64
thread idx 3 steal from 4 [4 5)
thread idx 3 steal from 4 [12 13)
thread idx 3 steal from 4 [20 21)
thread idx 3 steal from 4 [28 29)
thread idx 3 steal from 4 [36 37)
thread idx 3 steal from 4 [44 45)
thread idx 3 steal from 4 [52 53)
thread idx 3 steal from 4 [60 61)
thread idx 3 steal from 5 [5 6)
thread idx 3 steal from 5 [13 14)
thread idx 3 steal from 5 [21 22)
thread idx 3 steal from 5 [29 30)
thread idx 3 steal from 5 [37 38)
thread idx 3 steal from 5 [45 46)
thread idx 3 steal from 5 [53 54)
thread idx 3 steal from 5 [61 62)
thread idx 3 steal from 6 [6 7)
thread idx 3 steal from 6 [14 15)
thread idx 3 steal from 6 [22 23)
thread idx 3 steal from 6 [30 31)
thread idx 3 steal from 6 [38 39)
thread idx 3 steal from 6 [46 47)
thread idx 3 steal from 6 [54 55)
thread idx 3 steal from 6 [62 63)
thread idx 3 steal from 7 [15 16)
thread idx 3 steal from 7 [23 24)
thread idx 3 steal from 7 [31 32)
thread idx 3 steal from 7 [39 40)
thread idx 3 steal from 7 [47 48)
thread idx 3 steal from 7 [55 56)
thread idx 4 steal from 7 [7 8)
thread idx 3 steal from 7 [63 64)
thread idx 3 steal from 0 [8 9)
thread idx 4 steal from 0 [16 17)
thread idx 3 steal from 0 [32 33)
thread idx 4 steal from 0 [48 49)
thread idx 4 steal from 1 [1 2)
thread idx 0 steal from 1 [9 10)
thread idx 4 steal from 1 [25 26)
thread idx 4 steal from 1 [33 34)
thread idx 4 steal from 1 [41 42)
thread idx 4 steal from 1 [49 50)
thread idx 0 steal from 1 [57 58)
thread idx 4 steal from 2 [2 3)
thread idx 3 steal from 1 [17 18)
thread idx 3 steal from 2 [18 19)
thread idx 3 steal from 2 [26 27)
thread idx 4 steal from 2 [34 35)
thread idx 3 steal from 2 [42 43)
thread idx 0 steal from 2 [10 11)
thread idx 4 steal from 2 [50 51)
thread idx 3 steal from 2 [58 59)
threadid 3 done 1 task, taskid 244, remainingTaksNum 155
thread idx 245, Get A workFromWaitingQueue, taskId64, num_total_tasks 0 deped_has_not_been_done_num 64
thread idx 5 steal from 6 [6 7)
thread idx 5 steal from 6 [14 15)
thread idx 5 steal from 6 [22 23)
thread idx 5 steal from 6 [30 31)
thread idx 5 steal from 6 [38 39)
thread idx 5 steal from 6 [46 47)
thread idx 5 steal from 6 [54 55)
thread idx 5 steal from 6 [62 63)
thread idx 5 steal from 7 [7 8)
thread idx 5 steal from 7 [15 16)
thread idx 5 steal from 7 [23 24)
thread idx 5 steal from 7 [31 32)
thread idx 5 steal from 7 [39 40)
thread idx 5 steal from 7 [47 48)
thread idx 5 steal from 7 [55 56)
thread idx 5 steal from 7 [63 64)
thread idx 5 steal from 0 [0 1)
thread idx 5 steal from 0 [8 9)
thread idx 5 steal from 0 [16 17)
thread idx 5 steal from 0 [24 25)
thread idx 5 steal from 0 [32 33)
thread idx 5 steal from 0 [40 41)
thread idx 5 steal from 0 [48 49)
thread idx 5 steal from 0 [56 57)
thread idx 6 steal from 1 [1 2)
thread idx 5 steal from 1 [9 10)
thread idx 6 steal from 1 [17 18)
thread idx 5 steal from 1 [25 26)
thread idx 6 steal from 1 [33 34)
thread idx 5 steal from 1 [41 42)
thread idx 6 steal from 1 [49 50)
thread idx 5 steal from 1 [57 58)
thread idx 6 steal from 2 [2 3)
thread idx 5 steal from 2 [10 11)
thread idx 6 steal from 2 [18 19)
thread idx 6 steal from 2 [26 27)
thread idx 5 steal from 2 [34 35)
thread idx 6 steal from 2 [42 43)
thread idx 5 steal from 2 [50 51)
thread idx 6 steal from 2 [58 59)
thread idx 5 steal from 3 [3 4)
thread idx 6 steal from 3 [11 12)
thread idx 5 steal from 3 [19 20)
thread idx 6 steal from 3 [27 28)
thread idx 5 steal from 3 [35 36)
thread idx 6 steal from 3 [43 44)
thread idx 6 steal from 3 [51 52)
thread idx 5 steal from 3 [59 60)
thread idx 6 steal from 4 [4 5)
thread idx 1 steal from 4 [12 13)
thread idx 6 steal from 4 [28 29)
thread idx 6 steal from 4 [36 37)
thread idx 6 steal from 4 [44 45)
thread idx 6 steal from 4 [52 53)
thread idx 6 steal from 4 [60 61)
thread idx 5 steal from 4 [20 21)
threadid 5 done 1 task, taskid 245, remainingTaksNum 154
thread idx 246, Get A workFromWaitingQueue, taskId64, num_total_tasks 0 deped_has_not_been_done_num 64
thread idx 6 steal from 7 [7 8)
thread idx 6 steal from 7 [15 16)
thread idx 6 steal from 7 [23 24)
thread idx 6 steal from 7 [31 32)
thread idx 6 steal from 7 [39 40)
thread idx 6 steal from 7 [47 48)
thread idx 6 steal from 7 [55 56)
thread idx 6 steal from 7 [63 64)
thread idx 6 steal from 0 [0 1)
thread idx 6 steal from 0 [8 9)
thread idx 6 steal from 0 [16 17)
thread idx 6 steal from 0 [24 25)
thread idx 6 steal from 0 [32 33)
thread idx 6 steal from 0 [40 41)
thread idx 6 steal from 0 [48 49)
thread idx 6 steal from 0 [56 57)
thread idx 6 steal from 1 [1 2)
thread idx 6 steal from 1 [9 10)
thread idx 6 steal from 1 [17 18)
thread idx 6 steal from 1 [25 26)
thread idx 6 steal from 1 [33 34)
thread idx 6 steal from 1 [41 42)
thread idx 6 steal from 1 [49 50)
thread idx 6 steal from 1 [57 58)
thread idx 6 steal from 2 [50 51)
thread idx 2 steal from 3 [3 4)
thread idx 6 steal from 3 [11 12)
thread idx 2 steal from 3 [19 20)
thread idx 0 steal from 3 [35 36)
thread idx 0 steal from 3 [43 44)
thread idx 0 steal from 3 [51 52)
thread idx 0 steal from 3 [59 60)
thread idx 0 steal from 4 [4 5)
thread idx 0 steal from 4 [12 13)
thread idx 0 steal from 4 [20 21)
thread idx 0 steal from 4 [28 29)
thread idx 0 steal from 4 [36 37)
thread idx 2 steal from 4 [44 45)
thread idx 0 steal from 4 [52 53)
thread idx 2 steal from 4 [60 61)
thread idx 0 steal from 5 [5 6)
thread idx 2 steal from 5 [13 14)
thread idx 0 steal from 5 [21 22)
thread idx 2 steal from 5 [29 30)
thread idx 0 steal from 5 [37 38)
thread idx 2 steal from 5 [45 46)
thread idx 0 steal from 5 [53 54)
thread idx 2 steal from 5 [61 62)
thread idx 6 steal from 3 [27 28)
threadid 6 done 1 task, taskid 246, remainingTaksNum 153
thread idx 247, Get A workFromWaitingQueue, taskId64, num_total_tasks 0 deped_has_not_been_done_num 64
thread idx 0 steal from 1 [1 2)
thread idx 0 steal from 1 [9 10)
thread idx 0 steal from 1 [17 18)
thread idx 4 steal from 5 [5 6)
thread idx 0 steal from 1 [25 26)
thread idx 0 steal from 1 [33 34)
thread idx 4 steal from 5 [13 14)
thread idx 0 steal from 1 [41 42)
thread idx 0 steal from 1 [49 50)
thread idx 4 steal from 5 [21 22)
thread idx 0 steal from 1 [57 58)
thread idx 4 steal from 5 [29 30)
thread idx 0 steal from 2 [2 3)
thread idx 4 steal from 5 [37 38)
thread idx 0 steal from 2 [10 11)
thread idx 4 steal from 5 [45 46)
thread idx 0 steal from 2 [18 19)
thread idx 4 steal from 5 [53 54)
thread idx 0 steal from 2 [26 27)
thread idx 4 steal from 5 [61 62)
thread idx 0 steal from 2 [34 35)
thread idx 4 steal from 6 [6 7)
thread idx 0 steal from 2 [42 43)
thread idx 4 steal from 6 [14 15)
thread idx 0 steal from 2 [50 51)
thread idx 4 steal from 6 [22 23)
thread idx 0 steal from 2 [58 59)
thread idx 4 steal from 6 [30 31)
thread idx 0 steal from 3 [3 4)
thread idx 4 steal from 6 [38 39)
thread idx 0 steal from 3 [11 12)
thread idx 4 steal from 6 [46 47)
thread idx 0 steal from 3 [19 20)
thread idx 4 steal from 6 [54 55)
thread idx 0 steal from 3 [27 28)
thread idx 4 steal from 6 [62 63)
thread idx 4 steal from 7 [7 8)
thread idx 0 steal from 3 [35 36)
thread idx 4 steal from 7 [15 16)
thread idx 4 steal from 7 [23 24)
thread idx 0 steal from 3 [43 44)
thread idx 4 steal from 7 [31 32)
thread idx 0 steal from 3 [51 52)
thread idx 4 steal from 7 [39 40)
thread idx 0 steal from 3 [59 60)
thread idx 3 steal from 7 [47 48)
thread idx 4 steal from 7 [55 56)
thread idx 0 steal from 7 [63 64)
threadid 0 done 1 task, taskid 247, remainingTaksNum 152
thread idx 248, Get A workFromWaitingQueue, taskId64, num_total_tasks 0 deped_has_not_been_done_num 64
thread idx 7 steal from 0 [0 1)
thread idx 7 steal from 0 [8 9)
thread idx 7 steal from 0 [16 17)
thread idx 7 steal from 0 [24 25)
thread idx 7 steal from 0 [32 33)
thread idx 7 steal from 0 [40 41)
thread idx 7 steal from 0 [48 49)
thread idx 7 steal from 0 [56 57)
thread idx 7 steal from 1 [1 2)
thread idx 3 steal from 4 [4 5)
thread idx 3 steal from 4 [12 13)
thread idx 3 steal from 4 [20 21)
thread idx 3 steal from 4 [28 29)
thread idx 3 steal from 4 [36 37)
thread idx 3 steal from 4 [44 45)
thread idx 7 steal from 1 [9 10)
thread idx 3 steal from 4 [52 53)
thread idx 7 steal from 1 [17 18)
thread idx 3 steal from 4 [60 61)
thread idx 7 steal from 1 [25 26)
thread idx 3 steal from 5 [5 6)
thread idx 7 steal from 1 [33 34)
thread idx 3 steal from 5 [13 14)
thread idx 7 steal from 1 [41 42)
thread idx 3 steal from 5 [21 22)
thread idx 7 steal from 1 [49 50)
thread idx 3 steal from 5 [29 30)
thread idx 7 steal from 1 [57 58)
thread idx 3 steal from 5 [37 38)
thread idx 7 steal from 2 [2 3)
thread idx 3 steal from 5 [45 46)
thread idx 7 steal from 2 [10 11)
thread idx 3 steal from 5 [53 54)
thread idx 7 steal from 2 [18 19)
thread idx 7 steal from 2 [26 27)
thread idx 3 steal from 5 [61 62)
thread idx 7 steal from 2 [34 35)
thread idx 3 steal from 6 [6 7)
thread idx 7 steal from 2 [42 43)
thread idx 3 steal from 6 [14 15)
thread idx 7 steal from 2 [50 51)
thread idx 3 steal from 6 [22 23)
thread idx 7 steal from 2 [58 59)
thread idx 5 steal from 6 [38 39)
thread idx 7 steal from 6 [46 47)
thread idx 5 steal from 6 [54 55)
thread idx 7 steal from 6 [62 63)
thread idx 3 steal from 6 [30 31)
threadid 3 done 1 task, taskid 248, remainingTaksNum 151
thread idx 249, Get A workFromWaitingQueue, taskId64, num_total_tasks 0 deped_has_not_been_done_num 64
thread idx 5 steal from 6 [6 7)
thread idx 5 steal from 6 [14 15)
thread idx 5 steal from 6 [22 23)
thread idx 5 steal from 6 [30 31)
thread idx 5 steal from 6 [38 39)
thread idx 5 steal from 6 [46 47)
thread idx 5 steal from 6 [54 55)
thread idx 5 steal from 6 [62 63)
thread idx 5 steal from 7 [7 8)
thread idx 5 steal from 7 [15 16)
thread idx 5 steal from 7 [23 24)
thread idx 5 steal from 7 [31 32)
thread idx 5 steal from 7 [39 40)
thread idx 5 steal from 7 [47 48)
thread idx 5 steal from 7 [55 56)
thread idx 5 steal from 7 [63 64)
thread idx 5 steal from 0 [0 1)
thread idx 5 steal from 0 [8 9)
thread idx 5 steal from 0 [16 17)
thread idx 5 steal from 0 [24 25)
thread idx 5 steal from 0 [32 33)
thread idx 5 steal from 0 [40 41)
thread idx 5 steal from 0 [48 49)
thread idx 5 steal from 0 [56 57)
thread idx 5 steal from 1 [1 2)
thread idx 5 steal from 1 [9 10)
thread idx 5 steal from 1 [17 18)
thread idx 5 steal from 1 [25 26)
thread idx 5 steal from 1 [33 34)
thread idx 5 steal from 1 [41 42)
thread idx 5 steal from 1 [49 50)
thread idx 4 steal from 1 [57 58)
thread idx 4 steal from 2 [2 3)
thread idx 4 steal from 2 [10 11)
thread idx 4 steal from 2 [18 19)
thread idx 4 steal from 2 [26 27)
thread idx 4 steal from 2 [34 35)
thread idx 5 steal from 2 [42 43)
thread idx 4 steal from 2 [50 51)
thread idx 5 steal from 2 [58 59)
thread idx 4 steal from 3 [3 4)
thread idx 5 steal from 3 [11 12)
thread idx 4 steal from 3 [19 20)
thread idx 5 steal from 3 [27 28)
thread idx 4 steal from 3 [35 36)
thread idx 5 steal from 3 [43 44)
thread idx 4 steal from 3 [51 52)
thread idx 5 steal from 3 [59 60)
threadid 5 done 1 task, taskid 249, remainingTaksNum 150
thread idx 250, Get A workFromWaitingQueue, taskId64, num_total_tasks 0 deped_has_not_been_done_num 64
thread idx 4 steal from 5 [5 6)
thread idx 4 steal from 5 [13 14)
thread idx 4 steal from 5 [21 22)
thread idx 4 steal from 5 [29 30)
thread idx 4 steal from 5 [37 38)
thread idx 0 steal from 1 [1 2)
thread idx 0 steal from 1 [9 10)
thread idx 0 steal from 1 [17 18)
thread idx 4 steal from 5 [45 46)
thread idx 0 steal from 1 [25 26)
thread idx 7 steal from 1 [33 34)
thread idx 0 steal from 1 [41 42)
thread idx 7 steal from 1 [49 50)
thread idx 4 steal from 5 [53 54)
thread idx 4 steal from 5 [61 62)
thread idx 4 steal from 6 [6 7)
thread idx 7 steal from 2 [2 3)
thread idx 4 steal from 6 [14 15)
thread idx 0 steal from 1 [57 58)
thread idx 7 steal from 2 [10 11)
thread idx 4 steal from 6 [22 23)
thread idx 0 steal from 2 [18 19)
thread idx 7 steal from 2 [26 27)
thread idx 0 steal from 2 [42 43)
thread idx 0 steal from 3 [3 4)
thread idx 2 steal from 3 [11 12)
thread idx 0 steal from 3 [27 28)
thread idx 0 steal from 3 [35 36)
thread idx 4 steal from 6 [30 31)
thread idx 0 steal from 3 [43 44)
thread idx 2 steal from 3 [51 52)
thread idx 4 steal from 6 [38 39)
thread idx 0 steal from 3 [59 60)
thread idx 2 steal from 6 [46 47)
thread idx 0 steal from 6 [62 63)
thread idx 7 steal from 3 [19 20)
thread idx 4 steal from 6 [54 55)
threadid 4 done 1 task, taskid 250, remainingTaksNum 149
thread idx 251, Get A workFromWaitingQueue, taskId64, num_total_tasks 0 deped_has_not_been_done_num 64
thread idx 0 steal from 1 [1 2)
thread idx 0 steal from 1 [9 10)
thread idx 0 steal from 1 [17 18)
thread idx 0 steal from 1 [33 34)
thread idx 0 steal from 1 [57 58)
thread idx 1 steal from 2 [2 3)
thread idx 0 steal from 2 [10 11)
thread idx 1 steal from 2 [18 19)
thread idx 0 steal from 2 [26 27)
thread idx 1 steal from 2 [34 35)
thread idx 0 steal from 2 [42 43)
thread idx 1 steal from 2 [50 51)
thread idx 0 steal from 2 [58 59)
thread idx 1 steal from 3 [3 4)
thread idx 0 steal from 3 [11 12)
thread idx 1 steal from 3 [19 20)
thread idx 0 steal from 3 [27 28)
thread idx 5 steal from 6 [6 7)
thread idx 5 steal from 6 [14 15)
thread idx 5 steal from 6 [22 23)
thread idx 5 steal from 6 [30 31)
thread idx 5 steal from 6 [38 39)
thread idx 5 steal from 6 [46 47)
thread idx 5 steal from 6 [54 55)
thread idx 5 steal from 6 [62 63)
thread idx 5 steal from 7 [7 8)
thread idx 5 steal from 7 [15 16)
thread idx 5 steal from 7 [23 24)
thread idx 5 steal from 7 [31 32)
thread idx 5 steal from 7 [39 40)
thread idx 5 steal from 7 [47 48)
thread idx 5 steal from 7 [55 56)
thread idx 5 steal from 7 [63 64)
thread idx 5 steal from 3 [43 44)
thread idx 5 steal from 3 [51 52)
thread idx 5 steal from 3 [59 60)
thread idx 5 steal from 4 [4 5)
thread idx 5 steal from 4 [12 13)
thread idx 5 steal from 4 [20 21)
thread idx 5 steal from 4 [28 29)
thread idx 0 steal from 4 [36 37)
thread idx 7 steal from 4 [52 53)
thread idx 0 steal from 4 [60 61)
thread idx 5 steal from 4 [44 45)
thread idx 1 steal from 3 [35 36)
threadid 1 done 1 task, taskid 251, remainingTaksNum 148
thread idx 252, Get A workFromWaitingQueue, taskId64, num_total_tasks 0 deped_has_not_been_done_num 64
thread idx 7 steal from 0 [0 1)
thread idx 7 steal from 0 [8 9)
thread idx 7 steal from 0 [16 17)
thread idx 7 steal from 0 [24 25)
thread idx 7 steal from 0 [32 33)
thread idx 6 steal from 0 [40 41)
thread idx 6 steal from 0 [56 57)
thread idx 6 steal from 1 [1 2)
thread idx 7 steal from 0 [48 49)
thread idx 6 steal from 1 [9 10)
thread idx 6 steal from 1 [17 18)
thread idx 7 steal from 1 [25 26)
thread idx 6 steal from 1 [33 34)
thread idx 7 steal from 1 [41 42)
thread idx 6 steal from 1 [49 50)
thread idx 7 steal from 1 [57 58)
thread idx 6 steal from 2 [2 3)
thread idx 7 steal from 2 [10 11)
thread idx 6 steal from 2 [18 19)
thread idx 0 steal from 2 [34 35)
thread idx 0 steal from 2 [42 43)
thread idx 6 steal from 2 [50 51)
thread idx 0 steal from 2 [58 59)
thread idx 6 steal from 5 [13 14)
thread idx 0 steal from 5 [21 22)
thread idx 2 steal from 5 [29 30)
thread idx 6 steal from 5 [45 46)
thread idx 6 steal from 5 [53 54)
thread idx 6 steal from 5 [61 62)
thread idx 7 steal from 2 [26 27)
thread idx 3 steal from 4 [12 13)
thread idx 0 steal from 5 [37 38)
thread idx 4 steal from 5 [5 6)
threadid 4 done 1 task, taskid 252, remainingTaksNum 147
thread idx 253, Get A workFromWaitingQueue, taskId64, num_total_tasks 0 deped_has_not_been_done_num 64
thread idx 4 steal from 5 [5 6)
thread idx 4 steal from 5 [13 14)
thread idx 4 steal from 5 [21 22)
thread idx 4 steal from 5 [29 30)
thread idx 4 steal from 5 [37 38)
thread idx 4 steal from 5 [45 46)
thread idx 4 steal from 5 [53 54)
thread idx 4 steal from 5 [61 62)
thread idx 4 steal from 6 [6 7)
thread idx 4 steal from 6 [14 15)
thread idx 4 steal from 6 [22 23)
thread idx 4 steal from 6 [30 31)
thread idx 4 steal from 6 [38 39)
thread idx 4 steal from 6 [46 47)
thread idx 4 steal from 6 [54 55)
thread idx 4 steal from 6 [62 63)
thread idx 4 steal from 7 [7 8)
thread idx 4 steal from 7 [15 16)
thread idx 4 steal from 7 [23 24)
thread idx 4 steal from 7 [31 32)
thread idx 4 steal from 7 [39 40)
thread idx 6 steal from 7 [47 48)
thread idx 6 steal from 7 [63 64)
thread idx 6 steal from 0 [0 1)
thread idx 6 steal from 0 [8 9)
thread idx 6 steal from 0 [16 17)
thread idx 6 steal from 0 [24 25)
thread idx 6 steal from 0 [32 33)
thread idx 6 steal from 0 [40 41)
thread idx 6 steal from 0 [48 49)
thread idx 6 steal from 0 [56 57)
thread idx 6 steal from 1 [1 2)
thread idx 6 steal from 1 [9 10)
thread idx 6 steal from 1 [17 18)
thread idx 6 steal from 1 [25 26)
thread idx 6 steal from 1 [33 34)
thread idx 6 steal from 1 [41 42)
thread idx 6 steal from 1 [49 50)
thread idx 4 steal from 7 [55 56)
thread idx 6 steal from 1 [57 58)
thread idx 0 steal from 2 [2 3)
thread idx 4 steal from 2 [10 11)
thread idx 6 steal from 2 [18 19)
thread idx 4 steal from 2 [34 35)
thread idx 0 steal from 2 [26 27)
thread idx 4 steal from 2 [42 43)
thread idx 6 steal from 2 [50 51)
thread idx 0 steal from 2 [58 59)
thread idx 6 steal from 3 [11 12)
thread idx 6 steal from 3 [19 20)
thread idx 6 steal from 3 [27 28)
thread idx 6 steal from 3 [51 52)
thread idx 6 steal from 3 [59 60)
thread idx 0 steal from 3 [35 36)
thread idx 4 steal from 3 [3 4)
thread idx 1 steal from 3 [43 44)
threadid 1 done 1 task, taskid 253, remainingTaksNum 146
thread idx 254, Get A workFromWaitingQueue, taskId64, num_total_tasks 0 deped_has_not_been_done_num 64
thread idx 4 steal from 5 [5 6)
thread idx 4 steal from 5 [13 14)
thread idx 4 steal from 5 [21 22)
thread idx 4 steal from 5 [29 30)
thread idx 4 steal from 5 [37 38)
thread idx 4 steal from 5 [45 46)
thread idx 4 steal from 5 [53 54)
thread idx 4 steal from 5 [61 62)
thread idx 4 steal from 6 [6 7)
thread idx 4 steal from 6 [14 15)
thread idx 4 steal from 6 [22 23)
thread idx 1 steal from 2 [2 3)
thread idx 4 steal from 6 [30 31)
thread idx 1 steal from 2 [10 11)
thread idx 4 steal from 6 [38 39)
thread idx 1 steal from 2 [18 19)
thread idx 4 steal from 6 [46 47)
thread idx 1 steal from 2 [26 27)
thread idx 4 steal from 6 [54 55)
thread idx 1 steal from 2 [34 35)
thread idx 4 steal from 6 [62 63)
thread idx 1 steal from 2 [42 43)
thread idx 4 steal from 7 [7 8)
thread idx 1 steal from 2 [50 51)
thread idx 4 steal from 7 [15 16)
thread idx 1 steal from 2 [58 59)
thread idx 4 steal from 7 [23 24)
thread idx 1 steal from 3 [3 4)
thread idx 4 steal from 7 [31 32)
thread idx 1 steal from 3 [11 12)
thread idx 1 steal from 3 [19 20)
thread idx 4 steal from 7 [39 40)
thread idx 1 steal from 3 [27 28)
thread idx 4 steal from 7 [47 48)
thread idx 1 steal from 3 [35 36)
thread idx 4 steal from 7 [55 56)
thread idx 1 steal from 3 [43 44)
thread idx 4 steal from 7 [63 64)
thread idx 4 steal from 0 [0 1)
thread idx 4 steal from 0 [8 9)
thread idx 1 steal from 3 [51 52)
thread idx 1 steal from 3 [59 60)
thread idx 4 steal from 0 [16 17)
thread idx 1 steal from 0 [24 25)
thread idx 4 steal from 0 [32 33)
thread idx 1 steal from 0 [40 41)
thread idx 1 steal from 0 [48 49)
thread idx 4 steal from 0 [56 57)
threadid 4 done 1 task, taskid 254, remainingTaksNum 145
thread idx 255, Get A workFromWaitingQueue, taskId64, num_total_tasks 0 deped_has_not_been_done_num 64
thread idx 3 steal from 4 [4 5)
thread idx 3 steal from 4 [12 13)
thread idx 3 steal from 4 [20 21)
thread idx 3 steal from 4 [28 29)
thread idx 3 steal from 4 [36 37)
thread idx 3 steal from 4 [44 45)
thread idx 3 steal from 4 [52 53)
thread idx 3 steal from 4 [60 61)
thread idx 3 steal from 5 [5 6)
thread idx 3 steal from 5 [13 14)
thread idx 3 steal from 5 [21 22)
thread idx 3 steal from 5 [29 30)
thread idx 3 steal from 5 [53 54)
thread idx 5 steal from 6 [6 7)
thread idx 3 steal from 6 [14 15)
thread idx 5 steal from 6 [22 23)
thread idx 5 steal from 6 [30 31)
thread idx 5 steal from 6 [38 39)
thread idx 3 steal from 6 [46 47)
thread idx 5 steal from 6 [54 55)
thread idx 5 steal from 6 [62 63)
thread idx 3 steal from 7 [7 8)
thread idx 5 steal from 7 [15 16)
thread idx 5 steal from 7 [23 24)
thread idx 3 steal from 7 [31 32)
thread idx 5 steal from 7 [39 40)
thread idx 5 steal from 7 [47 48)
thread idx 3 steal from 7 [55 56)
thread idx 5 steal from 7 [63 64)
thread idx 5 steal from 0 [0 1)
thread idx 3 steal from 0 [8 9)
thread idx 3 steal from 0 [24 25)
thread idx 5 steal from 0 [16 17)
thread idx 3 steal from 0 [32 33)
thread idx 6 steal from 0 [40 41)
thread idx 3 steal from 0 [56 57)
thread idx 3 steal from 1 [1 2)
thread idx 3 steal from 1 [9 10)
thread idx 3 steal from 1 [17 18)
thread idx 3 steal from 1 [25 26)
thread idx 3 steal from 1 [33 34)
thread idx 3 steal from 1 [41 42)
thread idx 3 steal from 1 [49 50)
thread idx 3 steal from 1 [57 58)
thread idx 3 steal from 2 [2 3)
thread idx 3 steal from 2 [10 11)
thread idx 3 steal from 2 [18 19)
thread idx 3 steal from 2 [26 27)
thread idx 3 steal from 2 [34 35)
thread idx 3 steal from 2 [42 43)
thread idx 3 steal from 2 [50 51)
thread idx 3 steal from 2 [58 59)
thread idx 5 steal from 0 [48 49)
threadid 5 done 1 task, taskid 255, remainingTaksNum 144
thread idx 256, Get A workFromWaitingQueue, taskId64, num_total_tasks 0 deped_has_not_been_done_num 64
thread idx 6 steal from 7 [7 8)
thread idx 6 steal from 7 [15 16)
thread idx 2 steal from 4 [12 13)
thread idx 2 steal from 4 [20 21)
thread idx 2 steal from 4 [28 29)
thread idx 2 steal from 4 [36 37)
thread idx 2 steal from 4 [44 45)
thread idx 2 steal from 4 [52 53)
thread idx 2 steal from 4 [60 61)
thread idx 4 steal from 5 [5 6)
thread idx 4 steal from 5 [21 22)
thread idx 4 steal from 5 [29 30)
thread idx 4 steal from 5 [37 38)
thread idx 4 steal from 5 [45 46)
thread idx 2 steal from 5 [13 14)
thread idx 4 steal from 5 [53 54)
thread idx 6 steal from 7 [23 24)
thread idx 2 steal from 5 [61 62)
thread idx 4 steal from 7 [31 32)
thread idx 6 steal from 7 [39 40)
thread idx 2 steal from 7 [47 48)
thread idx 6 steal from 7 [55 56)
thread idx 4 steal from 7 [63 64)
thread idx 2 steal from 0 [0 1)
thread idx 6 steal from 0 [8 9)
thread idx 4 steal from 0 [16 17)
thread idx 2 steal from 0 [24 25)
thread idx 6 steal from 0 [32 33)
thread idx 4 steal from 0 [40 41)
thread idx 6 steal from 0 [48 49)
thread idx 4 steal from 1 [1 2)
thread idx 2 steal from 0 [56 57)
thread idx 6 steal from 1 [9 10)
thread idx 4 steal from 1 [17 18)
thread idx 6 steal from 1 [25 26)
thread idx 3 steal from 4 [4 5)
thread idx 6 steal from 1 [49 50)
thread idx 3 steal from 1 [57 58)
thread idx 4 steal from 1 [41 42)
thread idx 2 steal from 1 [33 34)
threadid 2 done 1 task, taskid 256, remainingTaksNum 143
thread idx 257, Get A workFromWaitingQueue, taskId64, num_total_tasks 0 deped_has_not_been_done_num 64
thread idx 2 steal from 3 [3 4)
thread idx 2 steal from 3 [11 12)
thread idx 2 steal from 3 [19 20)
thread idx 2 steal from 3 [27 28)
thread idx 2 steal from 3 [35 36)
thread idx 2 steal from 3 [43 44)
thread idx 2 steal from 3 [51 52)
thread idx 2 steal from 3 [59 60)
thread idx 2 steal from 4 [4 5)
thread idx 2 steal from 4 [12 13)
thread idx 2 steal from 4 [20 21)
thread idx 2 steal from 4 [28 29)
thread idx 2 steal from 4 [36 37)
thread idx 2 steal from 4 [44 45)
thread idx 2 steal from 4 [52 53)
thread idx 3 steal from 4 [60 61)
thread idx 2 steal from 5 [21 22)
thread idx 3 steal from 5 [37 38)
thread idx 2 steal from 5 [53 54)
thread idx 5 steal from 6 [6 7)
thread idx 2 steal from 6 [14 15)
thread idx 3 steal from 6 [22 23)
thread idx 2 steal from 6 [38 39)
thread idx 5 steal from 6 [30 31)
thread idx 2 steal from 6 [54 55)
thread idx 2 steal from 6 [62 63)
thread idx 2 steal from 7 [7 8)
thread idx 2 steal from 7 [15 16)
thread idx 2 steal from 7 [23 24)
thread idx 2 steal from 7 [31 32)
thread idx 5 steal from 7 [39 40)
thread idx 3 steal from 6 [46 47)
thread idx 3 steal from 7 [55 56)
thread idx 3 steal from 7 [63 64)
thread idx 3 steal from 0 [0 1)
thread idx 5 steal from 0 [8 9)
thread idx 3 steal from 0 [16 17)
thread idx 2 steal from 7 [47 48)
thread idx 3 steal from 0 [24 25)
thread idx 5 steal from 0 [32 33)
thread idx 2 steal from 0 [40 41)
thread idx 4 steal from 0 [48 49)
thread idx 3 steal from 0 [56 57)
thread idx 5 steal from 1 [1 2)
thread idx 2 steal from 1 [9 10)
thread idx 3 steal from 1 [17 18)
thread idx 5 steal from 1 [25 26)
thread idx 3 steal from 1 [41 42)
thread idx 4 steal from 1 [49 50)
thread idx 5 steal from 1 [57 58)
thread idx 2 steal from 1 [33 34)
threadid 2 done 1 task, taskid 257, remainingTaksNum 142
thread idx 258, Get A workFromWaitingQueue, taskId64, num_total_tasks 0 deped_has_not_been_done_num 64
thread idx 5 steal from 6 [6 7)
thread idx 5 steal from 6 [14 15)
thread idx 5 steal from 6 [22 23)
thread idx 5 steal from 6 [30 31)
thread idx 5 steal from 6 [38 39)
thread idx 5 steal from 6 [46 47)
thread idx 5 steal from 6 [54 55)
thread idx 5 steal from 6 [62 63)
thread idx 5 steal from 7 [7 8)
thread idx 5 steal from 7 [15 16)
thread idx 5 steal from 7 [23 24)
thread idx 5 steal from 7 [31 32)
thread idx 5 steal from 7 [39 40)
thread idx 5 steal from 7 [47 48)
thread idx 5 steal from 7 [55 56)
thread idx 5 steal from 7 [63 64)
thread idx 5 steal from 0 [0 1)
thread idx 5 steal from 0 [8 9)
thread idx 5 steal from 0 [16 17)
thread idx 5 steal from 0 [24 25)
thread idx 5 steal from 0 [32 33)
thread idx 3 steal from 4 [4 5)
thread idx 5 steal from 0 [40 41)
thread idx 5 steal from 0 [48 49)
thread idx 5 steal from 0 [56 57)
thread idx 5 steal from 1 [1 2)
thread idx 5 steal from 1 [9 10)
thread idx 7 steal from 1 [25 26)
thread idx 7 steal from 1 [57 58)
thread idx 1 steal from 2 [2 3)
thread idx 5 steal from 2 [18 19)
thread idx 1 steal from 2 [26 27)
thread idx 5 steal from 2 [34 35)
thread idx 5 steal from 2 [42 43)
thread idx 1 steal from 2 [50 51)
thread idx 7 steal from 2 [10 11)
thread idx 1 steal from 4 [60 61)
thread idx 3 steal from 4 [12 13)
thread idx 5 steal from 2 [58 59)
threadid 5 done 1 task, taskid 258, remainingTaksNum 141
thread idx 259, Get A workFromWaitingQueue, taskId64, num_total_tasks 0 deped_has_not_been_done_num 64
thread idx 0 steal from 1 [1 2)
thread idx 0 steal from 1 [9 10)
thread idx 0 steal from 1 [17 18)
thread idx 0 steal from 1 [25 26)
thread idx 0 steal from 1 [33 34)
thread idx 0 steal from 1 [41 42)
thread idx 0 steal from 1 [49 50)
thread idx 0 steal from 1 [57 58)
thread idx 0 steal from 2 [2 3)
thread idx 0 steal from 2 [10 11)
thread idx 0 steal from 2 [18 19)
thread idx 0 steal from 2 [26 27)
thread idx 0 steal from 2 [34 35)
thread idx 0 steal from 2 [42 43)
thread idx 0 steal from 2 [50 51)
thread idx 0 steal from 2 [58 59)
thread idx 7 steal from 3 [3 4)
thread idx 0 steal from 3 [11 12)
thread idx 7 steal from 3 [19 20)
thread idx 0 steal from 3 [27 28)
thread idx 7 steal from 3 [35 36)
thread idx 0 steal from 3 [43 44)
thread idx 7 steal from 3 [51 52)
thread idx 0 steal from 3 [59 60)
thread idx 7 steal from 4 [4 5)
thread idx 0 steal from 4 [12 13)
thread idx 7 steal from 4 [20 21)
thread idx 0 steal from 4 [28 29)
thread idx 7 steal from 4 [36 37)
thread idx 0 steal from 4 [44 45)
thread idx 7 steal from 4 [52 53)
thread idx 0 steal from 4 [60 61)
thread idx 7 steal from 5 [5 6)
thread idx 4 steal from 5 [13 14)
thread idx 7 steal from 5 [29 30)
thread idx 7 steal from 5 [37 38)
thread idx 7 steal from 5 [45 46)
thread idx 7 steal from 5 [53 54)
thread idx 7 steal from 5 [61 62)
thread idx 7 steal from 6 [6 7)
thread idx 4 steal from 6 [14 15)
thread idx 7 steal from 6 [22 23)
thread idx 0 steal from 5 [21 22)
thread idx 4 steal from 6 [30 31)
thread idx 7 steal from 6 [38 39)
thread idx 7 steal from 6 [54 55)
thread idx 0 steal from 6 [46 47)
thread idx 4 steal from 6 [62 63)
threadid 0 done 1 task, taskid 259, remainingTaksNum 140
thread idx 260, Get A workFromWaitingQueue, taskId64, num_total_tasks 0 deped_has_not_been_done_num 64
thread idx 2 steal from 3 [3 4)
thread idx 2 steal from 3 [11 12)
thread idx 7 steal from 0 [0 1)
thread idx 2 steal from 3 [19 20)
thread idx 7 steal from 0 [8 9)
thread idx 7 steal from 0 [16 17)
thread idx 2 steal from 3 [27 28)
thread idx 7 steal from 0 [24 25)
thread idx 2 steal from 3 [35 36)
thread idx 2 steal from 3 [43 44)
thread idx 2 steal from 3 [51 52)
thread idx 2 steal from 3 [59 60)
thread idx 2 steal from 4 [44 45)
thread idx 2 steal from 5 [5 6)
thread idx 4 steal from 5 [13 14)
thread idx 2 steal from 5 [21 22)
thread idx 4 steal from 5 [29 30)
thread idx 2 steal from 5 [37 38)
thread idx 2 steal from 5 [53 54)
thread idx 2 steal from 5 [61 62)
thread idx 7 steal from 0 [32 33)
thread idx 2 steal from 6 [6 7)
thread idx 2 steal from 6 [14 15)
thread idx 2 steal from 6 [22 23)
thread idx 2 steal from 6 [30 31)
thread idx 2 steal from 6 [38 39)
thread idx 2 steal from 6 [46 47)
thread idx 2 steal from 6 [54 55)
thread idx 2 steal from 6 [62 63)
thread idx 2 steal from 0 [48 49)
thread idx 1 steal from 0 [40 41)
thread idx 2 steal from 0 [56 57)
thread idx 4 steal from 5 [45 46)
threadid 4 done 1 task, taskid 260, remainingTaksNum 139
thread idx 3 steal from 0 [0 1)
thread idx 261, Get A workFromWaitingQueue, taskId64, num_total_tasks 0 deped_has_not_been_done_num 64
thread idx 1 steal from 2 [2 3)
thread idx 1 steal from 2 [10 11)
thread idx 1 steal from 2 [18 19)
thread idx 1 steal from 2 [26 27)
thread idx 1 steal from 2 [34 35)
thread idx 1 steal from 2 [42 43)
thread idx 1 steal from 2 [50 51)
thread idx 1 steal from 2 [58 59)
thread idx 1 steal from 3 [3 4)
thread idx 1 steal from 3 [27 28)
thread idx 1 steal from 3 [51 52)
thread idx 3 steal from 4 [12 13)
thread idx 1 steal from 4 [20 21)
thread idx 3 steal from 4 [36 37)
thread idx 1 steal from 4 [44 45)
thread idx 3 steal from 4 [52 53)
thread idx 5 steal from 6 [6 7)
thread idx 1 steal from 6 [14 15)
thread idx 1 steal from 6 [22 23)
thread idx 5 steal from 6 [30 31)
thread idx 1 steal from 6 [38 39)
thread idx 5 steal from 6 [46 47)
thread idx 4 steal from 6 [54 55)
thread idx 1 steal from 7 [7 8)
thread idx 1 steal from 7 [15 16)
thread idx 3 steal from 7 [23 24)
thread idx 1 steal from 7 [31 32)
thread idx 3 steal from 7 [39 40)
thread idx 1 steal from 7 [47 48)
thread idx 4 steal from 7 [55 56)
thread idx 3 steal from 7 [63 64)
thread idx 1 steal from 0 [8 9)
thread idx 4 steal from 0 [24 25)
thread idx 3 steal from 0 [40 41)
thread idx 5 steal from 6 [62 63)
threadid 5 done 1 task, taskid 261, remainingTaksNum 138
thread idx 262, Get A workFromWaitingQueue, taskId64, num_total_tasks 0 deped_has_not_been_done_num 64
thread idx 1 steal from 2 [2 3)
thread idx 1 steal from 2 [10 11)
thread idx 1 steal from 2 [18 19)
thread idx 1 steal from 2 [26 27)
thread idx 1 steal from 2 [34 35)
thread idx 1 steal from 2 [42 43)
thread idx 1 steal from 2 [50 51)
thread idx 1 steal from 2 [58 59)
thread idx 1 steal from 3 [3 4)
thread idx 1 steal from 3 [11 12)
thread idx 1 steal from 3 [19 20)
thread idx 1 steal from 3 [27 28)
thread idx 1 steal from 3 [35 36)
thread idx 1 steal from 3 [43 44)
thread idx 1 steal from 3 [51 52)
thread idx 1 steal from 3 [59 60)
thread idx 1 steal from 4 [4 5)
thread idx 1 steal from 4 [12 13)
thread idx 1 steal from 4 [20 21)
thread idx 1 steal from 4 [28 29)
thread idx 1 steal from 4 [36 37)
thread idx 1 steal from 4 [44 45)
thread idx 1 steal from 4 [52 53)
thread idx 1 steal from 4 [60 61)
thread idx 1 steal from 5 [5 6)
thread idx 1 steal from 5 [13 14)
thread idx 2 steal from 5 [21 22)
thread idx 1 steal from 5 [29 30)
thread idx 2 steal from 5 [37 38)
thread idx 1 steal from 5 [45 46)
thread idx 2 steal from 5 [53 54)
thread idx 1 steal from 5 [61 62)
thread idx 2 steal from 6 [6 7)
thread idx 1 steal from 6 [14 15)
thread idx 2 steal from 6 [22 23)
thread idx 1 steal from 6 [30 31)
thread idx 2 steal from 6 [38 39)
thread idx 1 steal from 6 [46 47)
thread idx 2 steal from 6 [54 55)
thread idx 1 steal from 6 [62 63)
thread idx 2 steal from 7 [7 8)
thread idx 1 steal from 7 [15 16)
thread idx 2 steal from 7 [23 24)
thread idx 1 steal from 7 [31 32)
thread idx 2 steal from 7 [39 40)
thread idx 1 steal from 7 [47 48)
thread idx 2 steal from 7 [55 56)
thread idx 1 steal from 7 [63 64)
thread idx 1 steal from 0 [0 1)
thread idx 2 steal from 0 [8 9)
thread idx 1 steal from 0 [16 17)
thread idx 2 steal from 0 [24 25)
thread idx 1 steal from 0 [32 33)
thread idx 2 steal from 0 [40 41)
thread idx 1 steal from 0 [48 49)
thread idx 2 steal from 0 [56 57)
threadid 2 done 1 task, taskid 262, remainingTaksNum 137
thread idx 263, Get A workFromWaitingQueue, taskId64, num_total_tasks 0 deped_has_not_been_done_num 64
thread idx 1 steal from 2 [2 3)
thread idx 1 steal from 2 [10 11)
thread idx 1 steal from 2 [18 19)
thread idx 1 steal from 2 [26 27)
thread idx 1 steal from 2 [34 35)
thread idx 1 steal from 2 [42 43)
thread idx 1 steal from 2 [50 51)
thread idx 1 steal from 2 [58 59)
thread idx 1 steal from 3 [3 4)
thread idx 1 steal from 3 [11 12)
thread idx 1 steal from 3 [19 20)
thread idx 1 steal from 3 [27 28)
thread idx 1 steal from 3 [35 36)
thread idx 1 steal from 3 [43 44)
thread idx 1 steal from 3 [51 52)
thread idx 1 steal from 3 [59 60)
thread idx 1 steal from 4 [4 5)
thread idx 1 steal from 4 [12 13)
thread idx 1 steal from 4 [20 21)
thread idx 1 steal from 4 [28 29)
thread idx 1 steal from 4 [36 37)
thread idx 1 steal from 4 [44 45)
thread idx 1 steal from 4 [52 53)
thread idx 1 steal from 4 [60 61)
thread idx 0 steal from 5 [5 6)
thread idx 3 steal from 5 [21 22)
thread idx 3 steal from 5 [29 30)
thread idx 3 steal from 5 [37 38)
thread idx 3 steal from 5 [45 46)
thread idx 3 steal from 5 [53 54)
thread idx 4 steal from 6 [6 7)
thread idx 7 steal from 6 [14 15)
thread idx 7 steal from 6 [22 23)
thread idx 7 steal from 6 [30 31)
thread idx 7 steal from 6 [38 39)
thread idx 7 steal from 6 [46 47)
thread idx 7 steal from 6 [54 55)
thread idx 3 steal from 6 [62 63)
thread idx 0 steal from 5 [61 62)
thread idx 1 steal from 5 [13 14)
threadid 1 done 1 task, taskid 263, remainingTaksNum 136
thread idx 264, Get A workFromWaitingQueue, taskId64, num_total_tasks 0 deped_has_not_been_done_num 64
thread idx 4 steal from 5 [5 6)
thread idx 4 steal from 5 [13 14)
thread idx 4 steal from 5 [21 22)
thread idx 1 steal from 2 [2 3)
thread idx 4 steal from 5 [29 30)
thread idx 1 steal from 2 [10 11)
thread idx 4 steal from 5 [37 38)
thread idx 1 steal from 2 [18 19)
thread idx 4 steal from 5 [45 46)
thread idx 1 steal from 2 [26 27)
thread idx 4 steal from 5 [53 54)
thread idx 7 steal from 0 [56 57)
thread idx 7 steal from 2 [42 43)
thread idx 7 steal from 2 [50 51)
thread idx 7 steal from 2 [58 59)
thread idx 7 steal from 3 [3 4)
thread idx 7 steal from 3 [11 12)
thread idx 7 steal from 3 [19 20)
thread idx 7 steal from 3 [27 28)
thread idx 4 steal from 5 [61 62)
thread idx 0 steal from 3 [43 44)
thread idx 4 steal from 6 [6 7)
thread idx 4 steal from 6 [14 15)
thread idx 4 steal from 6 [22 23)
thread idx 4 steal from 6 [30 31)
thread idx 4 steal from 6 [38 39)
thread idx 0 steal from 3 [51 52)
thread idx 4 steal from 6 [46 47)
thread idx 1 steal from 2 [34 35)
thread idx 4 steal from 6 [54 55)
thread idx 2 steal from 6 [62 63)
thread idx 7 steal from 3 [35 36)
thread idx 0 steal from 3 [59 60)
threadid 0 done 1 task, taskid 264, remainingTaksNum 135
thread idx 5 steal from 0 [0 1)
thread idx 4 steal from 0 [8 9)
thread idx 4 steal from 5 [5 6)
thread idx 4 steal from 5 [13 14)
thread idx 4 steal from 5 [21 22)
thread idx 4 steal from 5 [29 30)
thread idx 4 steal from 5 [37 38)
thread idx 4 steal from 5 [45 46)
thread idx 4 steal from 5 [53 54)
thread idx 4 steal from 5 [61 62)
thread idx 4 steal from 6 [6 7)
thread idx 4 steal from 6 [14 15)
thread idx 4 steal from 6 [22 23)
thread idx 4 steal from 6 [30 31)
thread idx 4 steal from 6 [38 39)
thread idx 4 steal from 6 [46 47)
thread idx 4 steal from 6 [54 55)
thread idx 4 steal from 6 [62 63)
thread idx 265, Get A workFromWaitingQueue, taskId64, num_total_tasks 0 deped_has_not_been_done_num 40
thread idx 4 steal from 7 [7 8)
thread idx 4 steal from 7 [15 16)
thread idx 4 steal from 7 [23 24)
thread idx 4 steal from 7 [31 32)
thread idx 4 steal from 7 [39 40)
thread idx 4 steal from 7 [47 48)
thread idx 5 steal from 7 [55 56)
thread idx 4 steal from 7 [63 64)
thread idx 5 steal from 0 [16 17)
thread idx 4 steal from 0 [24 25)
thread idx 5 steal from 0 [32 33)
thread idx 4 steal from 0 [40 41)
thread idx 5 steal from 0 [48 49)
thread idx 4 steal from 0 [56 57)
thread idx 5 steal from 1 [1 2)
thread idx 4 steal from 1 [9 10)
thread idx 5 steal from 1 [17 18)
thread idx 4 steal from 1 [25 26)
thread idx 5 steal from 1 [33 34)
thread idx 4 steal from 1 [41 42)
thread idx 0 steal from 1 [57 58)
thread idx 0 steal from 2 [2 3)
thread idx 0 steal from 2 [10 11)
thread idx 0 steal from 2 [18 19)
thread idx 0 steal from 2 [26 27)
thread idx 0 steal from 2 [34 35)
thread idx 0 steal from 2 [42 43)
thread idx 0 steal from 2 [50 51)
thread idx 0 steal from 2 [58 59)
thread idx 0 steal from 3 [3 4)
thread idx 0 steal from 3 [11 12)
thread idx 0 steal from 3 [19 20)
thread idx 0 steal from 3 [27 28)
thread idx 0 steal from 3 [35 36)
thread idx 0 steal from 3 [43 44)
thread idx 0 steal from 3 [51 52)
thread idx 0 steal from 3 [59 60)
thread idx 5 steal from 1 [49 50)
threadid 5 done 1 task, taskid 265, remainingTaksNum 134
thread idx 266, Get A workFromWaitingQueue, taskId64, num_total_tasks 0 deped_has_not_been_done_num 64
thread idx 5 steal from 6 [6 7)
thread idx 5 steal from 6 [14 15)
thread idx 5 steal from 6 [22 23)
thread idx 5 steal from 6 [30 31)
thread idx 1 steal from 2 [2 3)
thread idx 1 steal from 2 [10 11)
thread idx 1 steal from 2 [18 19)
thread idx 5 steal from 6 [38 39)
thread idx 5 steal from 6 [54 55)
thread idx 4 steal from 6 [46 47)
thread idx 1 steal from 2 [26 27)
thread idx 1 steal from 2 [34 35)
thread idx 5 steal from 6 [62 63)
thread idx 5 steal from 0 [0 1)
thread idx 7 steal from 0 [8 9)
thread idx 5 steal from 0 [16 17)
thread idx 7 steal from 0 [24 25)
thread idx 5 steal from 0 [32 33)
thread idx 7 steal from 0 [40 41)
thread idx 5 steal from 0 [48 49)
thread idx 7 steal from 0 [56 57)
thread idx 5 steal from 2 [42 43)
thread idx 7 steal from 2 [50 51)
thread idx 5 steal from 2 [58 59)
thread idx 7 steal from 3 [3 4)
thread idx 5 steal from 3 [11 12)
thread idx 7 steal from 3 [19 20)
thread idx 5 steal from 3 [27 28)
thread idx 7 steal from 3 [35 36)
thread idx 5 steal from 3 [43 44)
thread idx 2 steal from 3 [51 52)
thread idx 4 steal from 7 [23 24)
thread idx 7 steal from 3 [59 60)
threadid 7 done 1 task, taskid 266, remainingTaksNum 133
thread idx 267, Get A workFromWaitingQueue, taskId64, num_total_tasks 0 deped_has_not_been_done_num 64
thread idx 4 steal from 5 [5 6)
thread idx 4 steal from 5 [13 14)
thread idx 4 steal from 5 [21 22)
thread idx 4 steal from 5 [29 30)
thread idx 4 steal from 5 [37 38)
thread idx 4 steal from 5 [45 46)
thread idx 4 steal from 5 [53 54)
thread idx 0 steal from 1 [1 2)
thread idx 0 steal from 1 [9 10)
thread idx 0 steal from 1 [17 18)
thread idx 0 steal from 1 [25 26)
thread idx 4 steal from 5 [61 62)
thread idx 0 steal from 1 [33 34)
thread idx 4 steal from 6 [6 7)
thread idx 0 steal from 1 [41 42)
thread idx 4 steal from 6 [14 15)
thread idx 0 steal from 1 [49 50)
thread idx 4 steal from 6 [22 23)
thread idx 0 steal from 1 [57 58)
thread idx 4 steal from 6 [30 31)
thread idx 0 steal from 2 [2 3)
thread idx 4 steal from 6 [38 39)
thread idx 0 steal from 2 [10 11)
thread idx 4 steal from 6 [46 47)
thread idx 0 steal from 2 [18 19)
thread idx 4 steal from 6 [54 55)
thread idx 2 steal from 3 [3 4)
thread idx 2 steal from 3 [11 12)
thread idx 2 steal from 3 [19 20)
thread idx 2 steal from 3 [27 28)
thread idx 2 steal from 3 [35 36)
thread idx 2 steal from 3 [43 44)
thread idx 2 steal from 3 [51 52)
thread idx 2 steal from 3 [59 60)
thread idx 2 steal from 6 [62 63)
thread idx 2 steal from 7 [7 8)
thread idx 2 steal from 7 [15 16)
thread idx 2 steal from 7 [23 24)
thread idx 2 steal from 7 [31 32)
thread idx 2 steal from 7 [39 40)
thread idx 2 steal from 7 [47 48)
thread idx 5 steal from 7 [55 56)
thread idx 0 steal from 2 [26 27)
thread idx 2 steal from 7 [63 64)
threadid 2 done 1 task, taskid 267, remainingTaksNum 132
thread idx 2 steal from 0 [0 1)
thread idx 7 steal from 0 [8 9)
thread idx 7 steal from 0 [16 17)
thread idx 7 steal from 0 [24 25)
thread idx 7 steal from 0 [32 33)
thread idx 7 steal from 0 [40 41)
thread idx 7 steal from 0 [48 49)
thread idx 7 steal from 0 [56 57)
thread idx 7 steal from 1 [1 2)
thread idx 7 steal from 1 [9 10)
thread idx 7 steal from 1 [17 18)
thread idx 7 steal from 1 [25 26)
thread idx 7 steal from 1 [33 34)
thread idx 7 steal from 1 [41 42)
thread idx 7 steal from 1 [49 50)
thread idx 268, Get A workFromWaitingQueue, taskId64, num_total_tasks 0 deped_has_not_been_done_num 43
thread idx 7 steal from 1 [57 58)
thread idx 7 steal from 2 [2 3)
thread idx 7 steal from 2 [10 11)
thread idx 7 steal from 2 [18 19)
thread idx 7 steal from 2 [26 27)
thread idx 7 steal from 2 [34 35)
thread idx 7 steal from 2 [42 43)
thread idx 7 steal from 2 [50 51)
thread idx 7 steal from 2 [58 59)
thread idx 7 steal from 3 [3 4)
thread idx 2 steal from 3 [11 12)
thread idx 3 steal from 4 [4 5)
thread idx 3 steal from 4 [12 13)
thread idx 3 steal from 4 [20 21)
thread idx 3 steal from 4 [28 29)
thread idx 3 steal from 4 [36 37)
thread idx 3 steal from 4 [44 45)
thread idx 3 steal from 4 [52 53)
thread idx 5 steal from 6 [6 7)
thread idx 3 steal from 4 [60 61)
thread idx 2 steal from 6 [14 15)
thread idx 3 steal from 6 [30 31)
thread idx 5 steal from 6 [22 23)
thread idx 3 steal from 6 [46 47)
thread idx 2 steal from 6 [38 39)
thread idx 5 steal from 6 [54 55)
thread idx 3 steal from 6 [62 63)
thread idx 7 steal from 3 [19 20)
threadid 7 done 1 task, taskid 268, remainingTaksNum 131
thread idx 269, Get A workFromWaitingQueue, taskId64, num_total_tasks 0 deped_has_not_been_done_num 64
thread idx 3 steal from 4 [4 5)
thread idx 3 steal from 4 [12 13)
thread idx 3 steal from 4 [20 21)
thread idx 3 steal from 4 [28 29)
thread idx 3 steal from 4 [36 37)
thread idx 3 steal from 4 [44 45)
thread idx 3 steal from 4 [52 53)
thread idx 3 steal from 4 [60 61)
thread idx 3 steal from 5 [5 6)
thread idx 3 steal from 5 [13 14)
thread idx 3 steal from 5 [21 22)
thread idx 3 steal from 5 [29 30)
thread idx 3 steal from 5 [37 38)
thread idx 3 steal from 5 [45 46)
thread idx 3 steal from 5 [53 54)
thread idx 3 steal from 5 [61 62)
thread idx 3 steal from 6 [6 7)
thread idx 2 steal from 6 [14 15)
thread idx 6 steal from 7 [7 8)
thread idx 2 steal from 7 [15 16)
thread idx 6 steal from 7 [23 24)
thread idx 3 steal from 6 [22 23)
thread idx 2 steal from 7 [31 32)
thread idx 6 steal from 7 [39 40)
thread idx 3 steal from 7 [47 48)
thread idx 2 steal from 7 [55 56)
thread idx 3 steal from 7 [63 64)
thread idx 6 steal from 0 [0 1)
thread idx 2 steal from 0 [8 9)
thread idx 6 steal from 0 [16 17)
thread idx 2 steal from 0 [32 33)
thread idx 6 steal from 0 [40 41)
thread idx 6 steal from 0 [48 49)
thread idx 6 steal from 0 [56 57)
thread idx 3 steal from 0 [24 25)
thread idx 2 steal from 1 [1 2)
thread idx 6 steal from 1 [9 10)
thread idx 3 steal from 1 [17 18)
thread idx 6 steal from 1 [25 26)
thread idx 3 steal from 1 [33 34)
thread idx 6 steal from 1 [49 50)
thread idx 6 steal from 1 [57 58)
thread idx 2 steal from 1 [41 42)
threadid 2 done 1 task, taskid 269, remainingTaksNum 130
thread idx 270, Get A workFromWaitingQueue, taskId64, num_total_tasks 0 deped_has_not_been_done_num 64
thread idx 6 steal from 7 [7 8)
thread idx 0 steal from 1 [1 2)
thread idx 6 steal from 7 [15 16)
thread idx 6 steal from 7 [23 24)
thread idx 0 steal from 1 [9 10)
thread idx 6 steal from 7 [31 32)
thread idx 0 steal from 1 [17 18)
thread idx 6 steal from 7 [39 40)
thread idx 6 steal from 7 [47 48)
thread idx 0 steal from 1 [25 26)
thread idx 6 steal from 7 [55 56)
thread idx 0 steal from 1 [33 34)
thread idx 6 steal from 7 [63 64)
thread idx 0 steal from 1 [41 42)
thread idx 5 steal from 1 [49 50)
thread idx 6 steal from 1 [57 58)
thread idx 0 steal from 2 [2 3)
thread idx 5 steal from 2 [10 11)
thread idx 0 steal from 2 [18 19)
thread idx 6 steal from 2 [26 27)
thread idx 5 steal from 2 [34 35)
thread idx 0 steal from 2 [42 43)
thread idx 6 steal from 2 [50 51)
thread idx 5 steal from 2 [58 59)
thread idx 0 steal from 3 [3 4)
thread idx 6 steal from 3 [11 12)
thread idx 5 steal from 3 [19 20)
thread idx 0 steal from 3 [27 28)
thread idx 5 steal from 3 [43 44)
thread idx 5 steal from 3 [51 52)
thread idx 5 steal from 3 [59 60)
thread idx 5 steal from 4 [44 45)
thread idx 6 steal from 3 [35 36)
threadid 6 done 1 task, taskid 270, remainingTaksNum 129
thread idx 271, Get A workFromWaitingQueue, taskId64, num_total_tasks 0 deped_has_not_been_done_num 64
thread idx 1 steal from 2 [2 3)
thread idx 1 steal from 2 [10 11)
thread idx 1 steal from 2 [18 19)
thread idx 1 steal from 2 [26 27)
thread idx 1 steal from 2 [34 35)
thread idx 1 steal from 2 [42 43)
thread idx 1 steal from 2 [50 51)
thread idx 1 steal from 2 [58 59)
thread idx 1 steal from 3 [3 4)
thread idx 1 steal from 3 [11 12)
thread idx 4 steal from 5 [5 6)
thread idx 1 steal from 3 [19 20)
thread idx 4 steal from 5 [13 14)
thread idx 1 steal from 3 [27 28)
thread idx 4 steal from 5 [21 22)
thread idx 1 steal from 3 [35 36)
thread idx 4 steal from 5 [29 30)
thread idx 1 steal from 3 [43 44)
thread idx 4 steal from 5 [37 38)
thread idx 1 steal from 3 [51 52)
thread idx 4 steal from 5 [45 46)
thread idx 1 steal from 3 [59 60)
thread idx 4 steal from 5 [53 54)
thread idx 1 steal from 5 [61 62)
thread idx 4 steal from 6 [38 39)
thread idx 1 steal from 6 [46 47)
thread idx 4 steal from 6 [62 63)
thread idx 1 steal from 7 [7 8)
thread idx 6 steal from 7 [15 16)
thread idx 4 steal from 7 [23 24)
thread idx 6 steal from 7 [39 40)
thread idx 6 steal from 7 [47 48)
thread idx 1 steal from 7 [31 32)
thread idx 3 steal from 7 [55 56)
thread idx 5 steal from 7 [63 64)
thread idx 7 steal from 0 [0 1)
thread idx 4 steal from 0 [8 9)
threadid 4 done 1 task, taskid 271, remainingTaksNum 128
thread idx 272, Get A workFromWaitingQueue, taskId64, num_total_tasks 0 deped_has_not_been_done_num 64
thread idx 4 steal from 5 [5 6)
thread idx 4 steal from 5 [13 14)
thread idx 4 steal from 5 [21 22)
thread idx 4 steal from 5 [29 30)
thread idx 4 steal from 5 [37 38)
thread idx 4 steal from 5 [45 46)
thread idx 4 steal from 5 [61 62)
thread idx 5 steal from 6 [6 7)
thread idx 4 steal from 6 [14 15)
thread idx 5 steal from 6 [22 23)
thread idx 4 steal from 6 [30 31)
thread idx 5 steal from 6 [38 39)
thread idx 4 steal from 6 [46 47)
thread idx 5 steal from 6 [54 55)
thread idx 4 steal from 6 [62 63)
thread idx 5 steal from 7 [7 8)
thread idx 4 steal from 7 [15 16)
thread idx 5 steal from 7 [23 24)
thread idx 4 steal from 7 [31 32)
thread idx 5 steal from 7 [39 40)
thread idx 4 steal from 7 [47 48)
thread idx 5 steal from 7 [55 56)
thread idx 4 steal from 7 [63 64)
thread idx 5 steal from 0 [0 1)
thread idx 4 steal from 0 [8 9)
thread idx 3 steal from 0 [16 17)
thread idx 1 steal from 2 [2 3)
thread idx 1 steal from 2 [10 11)
thread idx 3 steal from 0 [40 41)
thread idx 1 steal from 2 [18 19)
thread idx 3 steal from 0 [48 49)
thread idx 1 steal from 2 [26 27)
thread idx 3 steal from 0 [56 57)
thread idx 4 steal from 0 [24 25)
thread idx 4 steal from 2 [42 43)
thread idx 4 steal from 2 [50 51)
thread idx 4 steal from 2 [58 59)
thread idx 1 steal from 2 [34 35)
thread idx 5 steal from 0 [32 33)
threadid 5 done 1 task, taskid 272, remainingTaksNum 127
thread idx 273, Get A workFromWaitingQueue, taskId64, num_total_tasks 0 deped_has_not_been_done_num 64
thread idx 3 steal from 4 [4 5)
thread idx 3 steal from 4 [12 13)
thread idx 3 steal from 4 [20 21)
thread idx 3 steal from 4 [28 29)
thread idx 7 steal from 0 [0 1)
thread idx 3 steal from 4 [36 37)
thread idx 7 steal from 0 [8 9)
thread idx 3 steal from 4 [44 45)
thread idx 7 steal from 0 [16 17)
thread idx 3 steal from 4 [52 53)
thread idx 7 steal from 0 [24 25)
thread idx 3 steal from 4 [60 61)
thread idx 7 steal from 0 [32 33)
thread idx 3 steal from 5 [5 6)
thread idx 7 steal from 0 [40 41)
thread idx 7 steal from 0 [48 49)
thread idx 3 steal from 5 [13 14)
thread idx 7 steal from 0 [56 57)
thread idx 3 steal from 5 [21 22)
thread idx 7 steal from 1 [1 2)
thread idx 3 steal from 5 [29 30)
thread idx 7 steal from 1 [9 10)
thread idx 3 steal from 5 [37 38)
thread idx 7 steal from 1 [17 18)
thread idx 3 steal from 5 [45 46)
thread idx 7 steal from 1 [25 26)
thread idx 3 steal from 5 [53 54)
thread idx 7 steal from 1 [33 34)
thread idx 3 steal from 5 [61 62)
thread idx 7 steal from 1 [41 42)
thread idx 3 steal from 6 [6 7)
thread idx 7 steal from 1 [57 58)
thread idx 0 steal from 1 [49 50)
thread idx 3 steal from 6 [14 15)
thread idx 7 steal from 2 [2 3)
thread idx 7 steal from 2 [10 11)
thread idx 0 steal from 2 [18 19)
thread idx 3 steal from 6 [22 23)
thread idx 0 steal from 2 [26 27)
thread idx 7 steal from 2 [34 35)
thread idx 4 steal from 6 [30 31)
thread idx 3 steal from 6 [38 39)
thread idx 7 steal from 2 [50 51)
thread idx 3 steal from 6 [46 47)
thread idx 7 steal from 2 [58 59)
thread idx 3 steal from 6 [54 55)
thread idx 4 steal from 6 [62 63)
thread idx 0 steal from 2 [42 43)
threadid 0 done 1 task, taskid 273, remainingTaksNum 126
thread idx 274, Get A workFromWaitingQueue, taskId64, num_total_tasks 0 deped_has_not_been_done_num 64
thread idx 0 steal from 1 [1 2)
thread idx 0 steal from 1 [9 10)
thread idx 0 steal from 1 [17 18)
thread idx 0 steal from 1 [25 26)
thread idx 0 steal from 1 [33 34)
thread idx 0 steal from 1 [41 42)
thread idx 0 steal from 1 [49 50)
thread idx 0 steal from 1 [57 58)
thread idx 0 steal from 2 [2 3)
thread idx 0 steal from 2 [10 11)
thread idx 0 steal from 2 [18 19)
thread idx 0 steal from 2 [26 27)
thread idx 0 steal from 2 [34 35)
thread idx 0 steal from 2 [42 43)
thread idx 0 steal from 2 [50 51)
thread idx 0 steal from 3 [11 12)
thread idx 0 steal from 3 [19 20)
thread idx 0 steal from 3 [27 28)
thread idx 0 steal from 3 [35 36)
thread idx 0 steal from 3 [43 44)
thread idx 0 steal from 3 [51 52)
thread idx 0 steal from 3 [59 60)
thread idx 0 steal from 4 [4 5)
thread idx 0 steal from 4 [12 13)
thread idx 0 steal from 4 [20 21)
thread idx 0 steal from 4 [28 29)
thread idx 0 steal from 4 [36 37)
thread idx 0 steal from 4 [44 45)
thread idx 0 steal from 4 [60 61)
thread idx 4 steal from 5 [21 22)
thread idx 7 steal from 2 [58 59)
thread idx 5 steal from 6 [6 7)
thread idx 7 steal from 6 [14 15)
thread idx 5 steal from 6 [22 23)
thread idx 7 steal from 6 [30 31)
thread idx 5 steal from 6 [38 39)
thread idx 7 steal from 6 [46 47)
thread idx 5 steal from 6 [54 55)
thread idx 7 steal from 6 [62 63)
thread idx 1 steal from 3 [3 4)
thread idx 0 steal from 5 [29 30)
threadid 0 done 1 task, taskid 274, remainingTaksNum 125
thread idx 275, Get A workFromWaitingQueue, taskId64, num_total_tasks 0 deped_has_not_been_done_num 64
thread idx 6 steal from 7 [7 8)
thread idx 6 steal from 7 [15 16)
thread idx 6 steal from 7 [23 24)
thread idx 6 steal from 7 [31 32)
thread idx 6 steal from 7 [39 40)
thread idx 6 steal from 7 [47 48)
thread idx 6 steal from 7 [55 56)
thread idx 6 steal from 7 [63 64)
thread idx 6 steal from 0 [0 1)
thread idx 6 steal from 0 [8 9)
thread idx 5 steal from 0 [16 17)
thread idx 5 steal from 0 [40 41)
thread idx 5 steal from 0 [56 57)
thread idx 0 steal from 1 [1 2)
thread idx 5 steal from 1 [9 10)
thread idx 0 steal from 1 [17 18)
thread idx 5 steal from 1 [25 26)
thread idx 0 steal from 1 [33 34)
thread idx 6 steal from 0 [24 25)
thread idx 5 steal from 1 [41 42)
thread idx 0 steal from 1 [49 50)
thread idx 6 steal from 1 [57 58)
thread idx 5 steal from 2 [2 3)
thread idx 0 steal from 2 [10 11)
thread idx 6 steal from 2 [26 27)
thread idx 0 steal from 2 [42 43)
thread idx 0 steal from 2 [50 51)
thread idx 5 steal from 2 [58 59)
thread idx 2 steal from 3 [3 4)
thread idx 0 steal from 3 [19 20)
thread idx 5 steal from 3 [27 28)
thread idx 4 steal from 3 [35 36)
thread idx 0 steal from 3 [43 44)
thread idx 5 steal from 3 [51 52)
thread idx 4 steal from 3 [59 60)
thread idx 6 steal from 3 [11 12)
threadid 6 done 1 task, taskid 275, remainingTaksNum 124
thread idx 276, Get A workFromWaitingQueue, taskId64, num_total_tasks 0 deped_has_not_been_done_num 64
thread idx 6 steal from 7 [7 8)
thread idx 6 steal from 7 [15 16)
thread idx 6 steal from 7 [23 24)
thread idx 6 steal from 7 [31 32)
thread idx 6 steal from 7 [39 40)
thread idx 6 steal from 7 [47 48)
thread idx 6 steal from 7 [55 56)
thread idx 6 steal from 7 [63 64)
thread idx 6 steal from 0 [0 1)
thread idx 6 steal from 0 [8 9)
thread idx 2 steal from 3 [3 4)
thread idx 6 steal from 0 [16 17)
thread idx 2 steal from 3 [11 12)
thread idx 6 steal from 0 [24 25)
thread idx 2 steal from 3 [19 20)
thread idx 2 steal from 3 [27 28)
thread idx 6 steal from 0 [32 33)
thread idx 2 steal from 3 [35 36)
thread idx 6 steal from 0 [40 41)
thread idx 2 steal from 3 [43 44)
thread idx 2 steal from 3 [51 52)
thread idx 6 steal from 0 [48 49)
thread idx 2 steal from 3 [59 60)
thread idx 6 steal from 0 [56 57)
thread idx 3 steal from 4 [4 5)
thread idx 1 steal from 4 [20 21)
thread idx 3 steal from 4 [28 29)
thread idx 1 steal from 4 [36 37)
thread idx 1 steal from 4 [44 45)
thread idx 1 steal from 4 [52 53)
thread idx 1 steal from 4 [60 61)
thread idx 2 steal from 4 [12 13)
thread idx 1 steal from 5 [5 6)
thread idx 2 steal from 5 [13 14)
thread idx 1 steal from 5 [21 22)
thread idx 2 steal from 5 [29 30)
thread idx 1 steal from 5 [37 38)
thread idx 2 steal from 5 [45 46)
thread idx 1 steal from 5 [53 54)
thread idx 2 steal from 5 [61 62)
thread idx 6 steal from 1 [1 2)
threadid 6 done 1 task, taskid 276, remainingTaksNum 123
thread idx 277, Get A workFromWaitingQueue, taskId64, num_total_tasks 0 deped_has_not_been_done_num 64
thread idx 4 steal from 5 [21 22)
thread idx 4 steal from 5 [37 38)
thread idx 4 steal from 5 [53 54)
thread idx 4 steal from 5 [61 62)
thread idx 2 steal from 3 [3 4)
thread idx 2 steal from 3 [11 12)
thread idx 2 steal from 3 [19 20)
thread idx 4 steal from 6 [14 15)
thread idx 2 steal from 3 [27 28)
thread idx 2 steal from 3 [35 36)
thread idx 2 steal from 3 [43 44)
thread idx 2 steal from 3 [51 52)
thread idx 2 steal from 3 [59 60)
thread idx 2 steal from 6 [22 23)
thread idx 2 steal from 6 [30 31)
thread idx 2 steal from 6 [38 39)
thread idx 3 steal from 6 [46 47)
thread idx 2 steal from 6 [54 55)
thread idx 3 steal from 6 [62 63)
thread idx 2 steal from 7 [7 8)
thread idx 3 steal from 7 [15 16)
thread idx 2 steal from 7 [23 24)
thread idx 3 steal from 7 [31 32)
thread idx 2 steal from 7 [39 40)
thread idx 3 steal from 7 [47 48)
thread idx 2 steal from 7 [55 56)
thread idx 3 steal from 7 [63 64)
thread idx 2 steal from 1 [9 10)
thread idx 3 steal from 1 [17 18)
thread idx 2 steal from 1 [25 26)
thread idx 3 steal from 1 [33 34)
thread idx 2 steal from 1 [41 42)
thread idx 4 steal from 1 [49 50)
thread idx 3 steal from 1 [57 58)
thread idx 0 steal from 1 [1 2)
thread idx 5 steal from 6 [6 7)
threadid 5 done 1 task, taskid 277, remainingTaksNum 122
thread idx 278, Get A workFromWaitingQueue, taskId64, num_total_tasks 0 deped_has_not_been_done_num 64
thread idx 6 steal from 7 [7 8)
thread idx 6 steal from 7 [15 16)
thread idx 6 steal from 7 [23 24)
thread idx 6 steal from 7 [31 32)
thread idx 6 steal from 7 [39 40)
thread idx 6 steal from 7 [47 48)
thread idx 6 steal from 7 [55 56)
thread idx 6 steal from 7 [63 64)
thread idx 6 steal from 0 [0 1)
thread idx 3 steal from 4 [4 5)
thread idx 3 steal from 4 [12 13)
thread idx 3 steal from 4 [20 21)
thread idx 3 steal from 4 [28 29)
thread idx 3 steal from 4 [36 37)
thread idx 6 steal from 0 [8 9)
thread idx 3 steal from 4 [44 45)
thread idx 6 steal from 0 [16 17)
thread idx 3 steal from 4 [52 53)
thread idx 6 steal from 0 [24 25)
thread idx 6 steal from 0 [32 33)
thread idx 3 steal from 4 [60 61)
thread idx 6 steal from 0 [40 41)
thread idx 3 steal from 5 [5 6)
thread idx 6 steal from 0 [48 49)
thread idx 3 steal from 5 [13 14)
thread idx 7 steal from 0 [56 57)
thread idx 3 steal from 5 [21 22)
thread idx 6 steal from 1 [1 2)
thread idx 3 steal from 5 [29 30)
thread idx 7 steal from 1 [9 10)
thread idx 6 steal from 1 [17 18)
thread idx 7 steal from 1 [25 26)
thread idx 7 steal from 1 [33 34)
thread idx 7 steal from 1 [41 42)
thread idx 7 steal from 1 [49 50)
thread idx 7 steal from 1 [57 58)
thread idx 7 steal from 2 [2 3)
thread idx 7 steal from 2 [10 11)
thread idx 7 steal from 2 [18 19)
thread idx 7 steal from 2 [26 27)
thread idx 7 steal from 2 [34 35)
thread idx 7 steal from 2 [50 51)
thread idx 7 steal from 5 [45 46)
thread idx 2 steal from 5 [53 54)
thread idx 7 steal from 5 [61 62)
thread idx 3 steal from 5 [37 38)
threadid 3 done 1 task, taskid 278, remainingTaksNum 121
thread idx 279, Get A workFromWaitingQueue, taskId64, num_total_tasks 0 deped_has_not_been_done_num 64
thread idx 3 steal from 4 [4 5)
thread idx 3 steal from 4 [12 13)
thread idx 3 steal from 4 [20 21)
thread idx 2 steal from 4 [28 29)
thread idx 3 steal from 4 [36 37)
thread idx 2 steal from 4 [44 45)
thread idx 3 steal from 4 [52 53)
thread idx 2 steal from 4 [60 61)
thread idx 3 steal from 5 [5 6)
thread idx 2 steal from 5 [13 14)
thread idx 3 steal from 5 [21 22)
thread idx 2 steal from 5 [29 30)
thread idx 6 steal from 7 [7 8)
thread idx 2 steal from 5 [37 38)
thread idx 0 steal from 1 [1 2)
thread idx 2 steal from 5 [53 54)
thread idx 2 steal from 5 [61 62)
thread idx 2 steal from 7 [23 24)
thread idx 2 steal from 7 [31 32)
thread idx 2 steal from 7 [39 40)
thread idx 2 steal from 7 [47 48)
thread idx 2 steal from 7 [55 56)
thread idx 2 steal from 7 [63 64)
thread idx 2 steal from 1 [9 10)
thread idx 2 steal from 1 [17 18)
thread idx 2 steal from 1 [25 26)
thread idx 2 steal from 1 [33 34)
thread idx 2 steal from 1 [41 42)
thread idx 2 steal from 1 [49 50)
thread idx 2 steal from 1 [57 58)
thread idx 3 steal from 5 [45 46)
thread idx 6 steal from 7 [15 16)
threadid 6 done 1 task, taskid 279, remainingTaksNum 120
thread idx 280, Get A workFromWaitingQueue, taskId64, num_total_tasks 0 deped_has_not_been_done_num 64
thread idx 3 steal from 4 [4 5)
thread idx 1 steal from 2 [2 3)
thread idx 1 steal from 2 [10 11)
thread idx 1 steal from 2 [18 19)
thread idx 1 steal from 2 [26 27)
thread idx 1 steal from 2 [34 35)
thread idx 1 steal from 2 [42 43)
thread idx 1 steal from 2 [50 51)
thread idx 1 steal from 2 [58 59)
thread idx 1 steal from 4 [12 13)
thread idx 1 steal from 4 [20 21)
thread idx 1 steal from 4 [28 29)
thread idx 3 steal from 4 [36 37)
thread idx 1 steal from 4 [44 45)
thread idx 3 steal from 4 [52 53)
thread idx 1 steal from 4 [60 61)
thread idx 3 steal from 5 [5 6)
thread idx 1 steal from 5 [13 14)
thread idx 3 steal from 5 [21 22)
thread idx 1 steal from 5 [29 30)
thread idx 3 steal from 5 [37 38)
thread idx 1 steal from 5 [45 46)
thread idx 3 steal from 5 [53 54)
thread idx 1 steal from 5 [61 62)
thread idx 3 steal from 6 [6 7)
thread idx 1 steal from 6 [14 15)
thread idx 3 steal from 6 [22 23)
thread idx 1 steal from 6 [30 31)
thread idx 3 steal from 6 [38 39)
thread idx 1 steal from 6 [46 47)
thread idx 3 steal from 6 [54 55)
thread idx 1 steal from 6 [62 63)
thread idx 3 steal from 7 [7 8)
thread idx 1 steal from 7 [15 16)
thread idx 3 steal from 7 [23 24)
thread idx 1 steal from 7 [31 32)
thread idx 3 steal from 7 [39 40)
thread idx 0 steal from 1 [1 2)
thread idx 0 steal from 7 [63 64)
thread idx 1 steal from 7 [47 48)
thread idx 3 steal from 7 [55 56)
threadid 3 done 1 task, taskid 280, remainingTaksNum 119
thread idx 281, Get A workFromWaitingQueue, taskId64, num_total_tasks 0 deped_has_not_been_done_num 64
thread idx 3 steal from 4 [4 5)
thread idx 3 steal from 4 [12 13)
thread idx 3 steal from 4 [20 21)
thread idx 3 steal from 4 [28 29)
thread idx 3 steal from 4 [36 37)
thread idx 3 steal from 4 [44 45)
thread idx 3 steal from 4 [52 53)
thread idx 3 steal from 4 [60 61)
thread idx 3 steal from 6 [6 7)
thread idx 5 steal from 6 [14 15)
thread idx 3 steal from 6 [22 23)
thread idx 5 steal from 6 [30 31)
thread idx 1 steal from 2 [2 3)
thread idx 5 steal from 6 [38 39)
thread idx 1 steal from 2 [10 11)
thread idx 5 steal from 6 [54 55)
thread idx 3 steal from 6 [46 47)
thread idx 1 steal from 2 [18 19)
thread idx 5 steal from 6 [62 63)
thread idx 1 steal from 2 [26 27)
thread idx 5 steal from 0 [8 9)
thread idx 1 steal from 2 [34 35)
thread idx 5 steal from 0 [16 17)
thread idx 3 steal from 0 [24 25)
thread idx 5 steal from 0 [32 33)
thread idx 1 steal from 2 [42 43)
thread idx 3 steal from 0 [40 41)
thread idx 5 steal from 0 [48 49)
thread idx 1 steal from 2 [50 51)
thread idx 7 steal from 0 [0 1)
thread idx 3 steal from 2 [58 59)
thread idx 5 steal from 0 [56 57)
threadid 5 done 1 task, taskid 281, remainingTaksNum 118
thread idx 282, Get A workFromWaitingQueue, taskId64, num_total_tasks 0 deped_has_not_been_done_num 64
thread idx 0 steal from 1 [1 2)
thread idx 0 steal from 1 [9 10)
thread idx 0 steal from 1 [17 18)
thread idx 0 steal from 1 [25 26)
thread idx 0 steal from 1 [33 34)
thread idx 0 steal from 1 [41 42)
thread idx 0 steal from 1 [49 50)
thread idx 0 steal from 1 [57 58)
thread idx 0 steal from 2 [2 3)
thread idx 6 steal from 7 [7 8)
thread idx 6 steal from 7 [15 16)
thread idx 6 steal from 7 [23 24)
thread idx 0 steal from 2 [10 11)
thread idx 6 steal from 7 [31 32)
thread idx 0 steal from 2 [18 19)
thread idx 6 steal from 7 [39 40)
thread idx 0 steal from 2 [26 27)
thread idx 0 steal from 2 [34 35)
thread idx 6 steal from 7 [47 48)
thread idx 0 steal from 2 [42 43)
thread idx 0 steal from 2 [50 51)
thread idx 6 steal from 7 [55 56)
thread idx 0 steal from 2 [58 59)
thread idx 0 steal from 3 [3 4)
thread idx 6 steal from 7 [63 64)
thread idx 0 steal from 3 [11 12)
thread idx 0 steal from 3 [19 20)
thread idx 6 steal from 3 [27 28)
thread idx 0 steal from 3 [43 44)
thread idx 2 steal from 3 [35 36)
thread idx 6 steal from 3 [51 52)
thread idx 2 steal from 4 [4 5)
thread idx 2 steal from 4 [12 13)
thread idx 2 steal from 4 [20 21)
thread idx 1 steal from 4 [28 29)
thread idx 6 steal from 4 [44 45)
thread idx 6 steal from 4 [52 53)
thread idx 0 steal from 3 [59 60)
thread idx 6 steal from 5 [5 6)
thread idx 6 steal from 5 [13 14)
thread idx 0 steal from 5 [21 22)
thread idx 4 steal from 5 [29 30)
thread idx 0 steal from 5 [45 46)
thread idx 0 steal from 5 [53 54)
thread idx 0 steal from 5 [61 62)
thread idx 1 steal from 4 [60 61)
thread idx 2 steal from 4 [36 37)
thread idx 6 steal from 5 [37 38)
threadid 6 done 1 task, taskid 282, remainingTaksNum 117
thread idx 283, Get A workFromWaitingQueue, taskId64, num_total_tasks 0 deped_has_not_been_done_num 64
thread idx 0 steal from 1 [1 2)
thread idx 0 steal from 1 [9 10)
thread idx 0 steal from 1 [17 18)
thread idx 0 steal from 1 [25 26)
thread idx 0 steal from 1 [33 34)
thread idx 0 steal from 1 [41 42)
thread idx 0 steal from 1 [49 50)
thread idx 0 steal from 1 [57 58)
thread idx 0 steal from 2 [2 3)
thread idx 0 steal from 2 [10 11)
thread idx 0 steal from 2 [18 19)
thread idx 3 steal from 4 [4 5)
thread idx 7 steal from 2 [26 27)
thread idx 6 steal from 2 [42 43)
thread idx 6 steal from 2 [50 51)
thread idx 7 steal from 2 [58 59)
thread idx 6 steal from 4 [20 21)
thread idx 6 steal from 4 [28 29)
thread idx 6 steal from 4 [36 37)
thread idx 6 steal from 4 [44 45)
thread idx 6 steal from 4 [52 53)
thread idx 6 steal from 4 [60 61)
thread idx 6 steal from 5 [5 6)
thread idx 6 steal from 5 [13 14)
thread idx 3 steal from 4 [12 13)
thread idx 3 steal from 5 [29 30)
thread idx 3 steal from 5 [37 38)
thread idx 6 steal from 5 [21 22)
thread idx 3 steal from 5 [45 46)
thread idx 6 steal from 5 [53 54)
thread idx 3 steal from 5 [61 62)
thread idx 0 steal from 2 [34 35)
threadid 0 done 1 task, taskid 283, remainingTaksNum 116
thread idx 1 steal from 0 [0 1)
thread idx 284, Get A workFromWaitingQueue, taskId64, num_total_tasks 0 deped_has_not_been_done_num 63
thread idx 0 steal from 2 [2 3)
thread idx 1 steal from 2 [10 11)
thread idx 0 steal from 2 [18 19)
thread idx 1 steal from 2 [26 27)
thread idx 0 steal from 2 [34 35)
thread idx 1 steal from 2 [50 51)
thread idx 0 steal from 2 [58 59)
thread idx 0 steal from 3 [3 4)
thread idx 0 steal from 3 [11 12)
thread idx 0 steal from 3 [19 20)
thread idx 0 steal from 3 [27 28)
thread idx 7 steal from 2 [42 43)
thread idx 7 steal from 3 [43 44)
thread idx 5 steal from 6 [6 7)
thread idx 5 steal from 6 [14 15)
thread idx 5 steal from 6 [22 23)
thread idx 5 steal from 6 [30 31)
thread idx 5 steal from 6 [38 39)
thread idx 5 steal from 6 [46 47)
thread idx 5 steal from 6 [54 55)
thread idx 5 steal from 6 [62 63)
thread idx 5 steal from 3 [51 52)
thread idx 5 steal from 3 [59 60)
thread idx 4 steal from 5 [5 6)
thread idx 1 steal from 3 [35 36)
threadid 1 done 1 task, taskid 284, remainingTaksNum 115
thread idx 285, Get A workFromWaitingQueue, taskId64, num_total_tasks 0 deped_has_not_been_done_num 64
thread idx 1 steal from 2 [2 3)
thread idx 5 steal from 6 [6 7)
thread idx 1 steal from 2 [10 11)
thread idx 5 steal from 6 [14 15)
thread idx 5 steal from 6 [22 23)
thread idx 1 steal from 2 [18 19)
thread idx 1 steal from 2 [26 27)
thread idx 1 steal from 2 [34 35)
thread idx 1 steal from 2 [42 43)
thread idx 1 steal from 2 [50 51)
thread idx 1 steal from 2 [58 59)
thread idx 1 steal from 3 [3 4)
thread idx 1 steal from 3 [11 12)
thread idx 1 steal from 3 [19 20)
thread idx 5 steal from 6 [30 31)
thread idx 1 steal from 3 [27 28)
thread idx 5 steal from 6 [62 63)
thread idx 6 steal from 7 [7 8)
thread idx 5 steal from 7 [15 16)
thread idx 5 steal from 7 [23 24)
thread idx 5 steal from 7 [31 32)
thread idx 6 steal from 7 [39 40)
thread idx 1 steal from 3 [35 36)
thread idx 6 steal from 7 [55 56)
thread idx 6 steal from 7 [63 64)
thread idx 6 steal from 0 [0 1)
thread idx 6 steal from 0 [8 9)
thread idx 1 steal from 3 [43 44)
thread idx 6 steal from 0 [16 17)
thread idx 1 steal from 3 [51 52)
thread idx 6 steal from 0 [24 25)
thread idx 1 steal from 3 [59 60)
thread idx 6 steal from 0 [32 33)
thread idx 1 steal from 4 [4 5)
thread idx 6 steal from 0 [40 41)
thread idx 5 steal from 7 [47 48)
thread idx 1 steal from 4 [12 13)
thread idx 6 steal from 0 [56 57)
thread idx 3 steal from 4 [52 53)
thread idx 3 steal from 4 [60 61)
thread idx 2 steal from 4 [20 21)
thread idx 0 steal from 4 [28 29)
thread idx 1 steal from 4 [36 37)
thread idx 5 steal from 4 [44 45)
threadid 5 done 1 task, taskid 285, remainingTaksNum 114
thread idx 286, Get A workFromWaitingQueue, taskId64, num_total_tasks 0 deped_has_not_been_done_num 64
thread idx 5 steal from 6 [6 7)
thread idx 5 steal from 6 [14 15)
thread idx 7 steal from 0 [0 1)
thread idx 7 steal from 0 [8 9)
thread idx 7 steal from 0 [16 17)
thread idx 7 steal from 0 [24 25)
thread idx 6 steal from 0 [32 33)
thread idx 5 steal from 6 [22 23)
thread idx 4 steal from 0 [48 49)
thread idx 5 steal from 0 [56 57)
thread idx 4 steal from 1 [1 2)
thread idx 5 steal from 1 [9 10)
thread idx 4 steal from 1 [17 18)
thread idx 5 steal from 1 [25 26)
thread idx 2 steal from 3 [3 4)
thread idx 4 steal from 1 [41 42)
thread idx 5 steal from 1 [49 50)
thread idx 2 steal from 3 [11 12)
thread idx 4 steal from 1 [57 58)
thread idx 0 steal from 3 [19 20)
thread idx 2 steal from 3 [27 28)
thread idx 0 steal from 3 [35 36)
thread idx 5 steal from 3 [43 44)
thread idx 2 steal from 3 [51 52)
thread idx 0 steal from 3 [59 60)
thread idx 6 steal from 1 [33 34)
thread idx 7 steal from 0 [40 41)
threadid 7 done 1 task, taskid 286, remainingTaksNum 113
thread idx 287, Get A workFromWaitingQueue, taskId64, num_total_tasks 0 deped_has_not_been_done_num 64
thread idx 1 steal from 2 [2 3)
thread idx 1 steal from 2 [10 11)
thread idx 1 steal from 2 [18 19)
thread idx 1 steal from 2 [26 27)
thread idx 1 steal from 2 [34 35)
thread idx 1 steal from 2 [42 43)
thread idx 1 steal from 2 [50 51)
thread idx 1 steal from 2 [58 59)
thread idx 1 steal from 3 [3 4)
thread idx 1 steal from 3 [11 12)
thread idx 1 steal from 3 [19 20)
thread idx 1 steal from 3 [27 28)
thread idx 1 steal from 3 [35 36)
thread idx 1 steal from 3 [43 44)
thread idx 1 steal from 3 [51 52)
thread idx 1 steal from 3 [59 60)
thread idx 1 steal from 4 [4 5)
thread idx 1 steal from 4 [12 13)
thread idx 1 steal from 4 [20 21)
thread idx 1 steal from 4 [28 29)
thread idx 1 steal from 4 [36 37)
thread idx 1 steal from 4 [44 45)
thread idx 1 steal from 4 [52 53)
thread idx 1 steal from 4 [60 61)
thread idx 1 steal from 5 [5 6)
thread idx 4 steal from 5 [13 14)
thread idx 4 steal from 5 [29 30)
thread idx 4 steal from 5 [37 38)
thread idx 4 steal from 5 [45 46)
thread idx 1 steal from 5 [21 22)
thread idx 4 steal from 5 [53 54)
thread idx 1 steal from 5 [61 62)
thread idx 4 steal from 6 [6 7)
thread idx 1 steal from 6 [14 15)
thread idx 4 steal from 6 [22 23)
thread idx 1 steal from 6 [30 31)
thread idx 4 steal from 6 [38 39)
thread idx 1 steal from 6 [46 47)
thread idx 4 steal from 6 [54 55)
thread idx 1 steal from 6 [62 63)
thread idx 4 steal from 7 [7 8)
thread idx 1 steal from 7 [15 16)
thread idx 4 steal from 7 [23 24)
thread idx 1 steal from 7 [31 32)
thread idx 4 steal from 7 [39 40)
thread idx 1 steal from 7 [47 48)
thread idx 4 steal from 7 [55 56)
thread idx 1 steal from 7 [63 64)
thread idx 4 steal from 0 [0 1)
thread idx 1 steal from 0 [8 9)
thread idx 4 steal from 0 [16 17)
thread idx 1 steal from 0 [24 25)
thread idx 4 steal from 0 [32 33)
thread idx 1 steal from 0 [40 41)
thread idx 4 steal from 0 [48 49)
thread idx 1 steal from 0 [56 57)
threadid 1 done 1 task, taskid 287, remainingTaksNum 112
thread idx 288, Get A workFromWaitingQueue, taskId64, num_total_tasks 0 deped_has_not_been_done_num 64
thread idx 5 steal from 6 [6 7)
thread idx 5 steal from 6 [14 15)
thread idx 5 steal from 6 [22 23)
thread idx 5 steal from 6 [30 31)
thread idx 5 steal from 6 [38 39)
thread idx 5 steal from 6 [46 47)
thread idx 5 steal from 6 [54 55)
thread idx 5 steal from 6 [62 63)
thread idx 5 steal from 7 [7 8)
thread idx 5 steal from 7 [15 16)
thread idx 5 steal from 7 [23 24)
thread idx 5 steal from 7 [31 32)
thread idx 5 steal from 7 [39 40)
thread idx 5 steal from 7 [47 48)
thread idx 5 steal from 7 [55 56)
thread idx 5 steal from 7 [63 64)
thread idx 5 steal from 0 [0 1)
thread idx 5 steal from 0 [8 9)
thread idx 5 steal from 0 [16 17)
thread idx 5 steal from 0 [48 49)
thread idx 5 steal from 1 [1 2)
thread idx 0 steal from 1 [9 10)
thread idx 5 steal from 1 [17 18)
thread idx 0 steal from 1 [25 26)
thread idx 5 steal from 1 [33 34)
thread idx 0 steal from 1 [41 42)
thread idx 5 steal from 1 [49 50)
thread idx 0 steal from 1 [57 58)
thread idx 5 steal from 2 [2 3)
thread idx 0 steal from 2 [10 11)
thread idx 5 steal from 2 [18 19)
thread idx 0 steal from 2 [26 27)
thread idx 5 steal from 2 [34 35)
thread idx 0 steal from 2 [50 51)
thread idx 3 steal from 2 [42 43)
thread idx 5 steal from 2 [58 59)
thread idx 4 steal from 0 [24 25)
threadid 4 done 1 task, taskid 288, remainingTaksNum 111
thread idx 289, Get A workFromWaitingQueue, taskId64, num_total_tasks 0 deped_has_not_been_done_num 64
thread idx 2 steal from 3 [3 4)
thread idx 2 steal from 3 [11 12)
thread idx 2 steal from 3 [19 20)
thread idx 2 steal from 3 [27 28)
thread idx 2 steal from 3 [35 36)
thread idx 2 steal from 3 [43 44)
thread idx 2 steal from 3 [51 52)
thread idx 2 steal from 3 [59 60)
thread idx 2 steal from 4 [4 5)
thread idx 2 steal from 4 [12 13)
thread idx 2 steal from 4 [20 21)
thread idx 2 steal from 4 [28 29)
thread idx 3 steal from 4 [36 37)
thread idx 2 steal from 4 [44 45)
thread idx 3 steal from 4 [52 53)
thread idx 3 steal from 4 [60 61)
thread idx 2 steal from 5 [5 6)
thread idx 3 steal from 5 [13 14)
thread idx 2 steal from 5 [21 22)
thread idx 3 steal from 5 [29 30)
thread idx 2 steal from 5 [37 38)
thread idx 3 steal from 5 [45 46)
thread idx 2 steal from 5 [53 54)
thread idx 3 steal from 5 [61 62)
thread idx 2 steal from 6 [6 7)
thread idx 3 steal from 6 [14 15)
thread idx 7 steal from 0 [0 1)
thread idx 2 steal from 6 [30 31)
thread idx 7 steal from 0 [8 9)
thread idx 7 steal from 0 [16 17)
thread idx 2 steal from 6 [62 63)
thread idx 7 steal from 0 [32 33)
thread idx 7 steal from 0 [40 41)
thread idx 7 steal from 0 [48 49)
thread idx 7 steal from 0 [56 57)
thread idx 2 steal from 1 [1 2)
thread idx 7 steal from 1 [9 10)
thread idx 7 steal from 1 [17 18)
thread idx 7 steal from 1 [25 26)
thread idx 2 steal from 1 [33 34)
thread idx 6 steal from 0 [24 25)
thread idx 3 steal from 1 [41 42)
thread idx 0 steal from 1 [49 50)
thread idx 4 steal from 1 [57 58)
threadid 6 done 1 task, taskid 289, remainingTaksNum 110
thread idx 3 steal from 0 [0 1)
thread idx 290, Get A workFromWaitingQueue, taskId64, num_total_tasks 0 deped_has_not_been_done_num 63
thread idx 3 steal from 4 [52 53)
thread idx 0 steal from 1 [1 2)
thread idx 3 steal from 5 [5 6)
thread idx 0 steal from 1 [9 10)
thread idx 2 steal from 5 [21 22)
thread idx 3 steal from 5 [29 30)
thread idx 0 steal from 1 [17 18)
thread idx 0 steal from 1 [25 26)
thread idx 0 steal from 1 [33 34)
thread idx 3 steal from 5 [37 38)
thread idx 0 steal from 1 [41 42)
thread idx 3 steal from 5 [45 46)
thread idx 0 steal from 1 [49 50)
thread idx 2 steal from 5 [53 54)
thread idx 0 steal from 1 [57 58)
thread idx 6 steal from 7 [7 8)
thread idx 4 steal from 5 [13 14)
thread idx 6 steal from 7 [23 24)
thread idx 6 steal from 7 [31 32)
thread idx 2 steal from 7 [39 40)
thread idx 6 steal from 7 [47 48)
thread idx 3 steal from 5 [61 62)
thread idx 6 steal from 7 [63 64)
thread idx 2 steal from 7 [55 56)
thread idx 0 steal from 7 [15 16)
threadid 0 done 1 task, taskid 290, remainingTaksNum 109
thread idx 291, Get A workFromWaitingQueue, taskId64, num_total_tasks 0 deped_has_not_been_done_num 64
thread idx 7 steal from 0 [0 1)
thread idx 7 steal from 0 [8 9)
thread idx 7 steal from 0 [16 17)
thread idx 7 steal from 0 [24 25)
thread idx 7 steal from 0 [32 33)
thread idx 7 steal from 0 [40 41)
thread idx 4 steal from 5 [5 6)
thread idx 7 steal from 0 [48 49)
thread idx 4 steal from 5 [13 14)
thread idx 4 steal from 5 [21 22)
thread idx 7 steal from 0 [56 57)
thread idx 4 steal from 5 [29 30)
thread idx 4 steal from 5 [37 38)
thread idx 7 steal from 1 [1 2)
thread idx 4 steal from 5 [45 46)
thread idx 4 steal from 5 [53 54)
thread idx 7 steal from 1 [9 10)
thread idx 7 steal from 1 [17 18)
thread idx 7 steal from 1 [25 26)
thread idx 1 steal from 2 [2 3)
thread idx 1 steal from 2 [10 11)
thread idx 1 steal from 2 [18 19)
thread idx 1 steal from 2 [26 27)
thread idx 1 steal from 2 [34 35)
thread idx 1 steal from 2 [42 43)
thread idx 1 steal from 2 [50 51)
thread idx 1 steal from 2 [58 59)
thread idx 1 steal from 3 [3 4)
thread idx 1 steal from 3 [11 12)
thread idx 1 steal from 3 [19 20)
thread idx 1 steal from 3 [27 28)
thread idx 1 steal from 3 [35 36)
thread idx 1 steal from 3 [43 44)
thread idx 1 steal from 3 [51 52)
thread idx 1 steal from 3 [59 60)
thread idx 1 steal from 6 [6 7)
thread idx 5 steal from 6 [14 15)
thread idx 7 steal from 6 [38 39)
thread idx 5 steal from 6 [46 47)
thread idx 7 steal from 6 [54 55)
thread idx 5 steal from 6 [62 63)
thread idx 1 steal from 6 [22 23)
thread idx 4 steal from 5 [61 62)
thread idx 3 steal from 6 [30 31)
threadid 3 done 1 task, taskid 291, remainingTaksNum 108
thread idx 292, Get A workFromWaitingQueue, taskId64, num_total_tasks 0 deped_has_not_been_done_num 64
thread idx 7 steal from 0 [0 1)
thread idx 7 steal from 0 [8 9)
thread idx 7 steal from 0 [16 17)
thread idx 7 steal from 0 [24 25)
thread idx 7 steal from 0 [32 33)
thread idx 7 steal from 0 [40 41)
thread idx 6 steal from 0 [48 49)
thread idx 7 steal from 0 [56 57)
thread idx 0 steal from 1 [1 2)
thread idx 7 steal from 1 [17 18)
thread idx 7 steal from 1 [25 26)
thread idx 7 steal from 1 [33 34)
thread idx 7 steal from 1 [41 42)
thread idx 0 steal from 1 [49 50)
thread idx 0 steal from 1 [57 58)
thread idx 7 steal from 2 [2 3)
thread idx 0 steal from 2 [10 11)
thread idx 7 steal from 2 [18 19)
thread idx 0 steal from 2 [26 27)
thread idx 7 steal from 2 [34 35)
thread idx 0 steal from 2 [42 43)
thread idx 7 steal from 2 [50 51)
thread idx 6 steal from 1 [9 10)
thread idx 2 steal from 3 [3 4)
thread idx 4 steal from 5 [5 6)
thread idx 2 steal from 3 [19 20)
thread idx 4 steal from 5 [13 14)
thread idx 1 steal from 3 [27 28)
thread idx 2 steal from 3 [35 36)
thread idx 0 steal from 2 [58 59)
thread idx 2 steal from 3 [43 44)
thread idx 0 steal from 3 [51 52)
thread idx 2 steal from 3 [59 60)
thread idx 1 steal from 5 [29 30)
thread idx 2 steal from 5 [45 46)
thread idx 0 steal from 5 [37 38)
thread idx 1 steal from 5 [53 54)
thread idx 2 steal from 5 [61 62)
thread idx 4 steal from 5 [21 22)
thread idx 7 steal from 3 [11 12)
threadid 7 done 1 task, taskid 292, remainingTaksNum 107
thread idx 293, Get A workFromWaitingQueue, taskId64, num_total_tasks 0 deped_has_not_been_done_num 64
thread idx 6 steal from 7 [7 8)
thread idx 6 steal from 7 [15 16)
thread idx 6 steal from 7 [23 24)
thread idx 6 steal from 7 [31 32)
thread idx 1 steal from 2 [2 3)
thread idx 1 steal from 2 [10 11)
thread idx 1 steal from 2 [18 19)
thread idx 1 steal from 2 [26 27)
thread idx 1 steal from 2 [34 35)
thread idx 1 steal from 2 [42 43)
thread idx 1 steal from 2 [50 51)
thread idx 1 steal from 2 [58 59)
thread idx 1 steal from 3 [3 4)
thread idx 1 steal from 3 [11 12)
thread idx 6 steal from 7 [39 40)
thread idx 1 steal from 3 [19 20)
thread idx 1 steal from 3 [27 28)
thread idx 6 steal from 7 [47 48)
thread idx 1 steal from 3 [35 36)
thread idx 6 steal from 7 [55 56)
thread idx 1 steal from 3 [43 44)
thread idx 6 steal from 7 [63 64)
thread idx 1 steal from 3 [51 52)
thread idx 6 steal from 0 [0 1)
thread idx 1 steal from 3 [59 60)
thread idx 6 steal from 0 [8 9)
thread idx 1 steal from 4 [4 5)
thread idx 6 steal from 0 [16 17)
thread idx 1 steal from 4 [12 13)
thread idx 6 steal from 0 [24 25)
thread idx 1 steal from 4 [20 21)
thread idx 6 steal from 0 [32 33)
thread idx 1 steal from 4 [28 29)
thread idx 6 steal from 0 [40 41)
thread idx 1 steal from 4 [36 37)
thread idx 6 steal from 0 [48 49)
thread idx 1 steal from 4 [44 45)
thread idx 6 steal from 0 [56 57)
thread idx 1 steal from 4 [52 53)
thread idx 6 steal from 4 [60 61)
thread idx 1 steal from 5 [5 6)
thread idx 6 steal from 5 [13 14)
thread idx 1 steal from 5 [21 22)
thread idx 6 steal from 5 [29 30)
thread idx 1 steal from 5 [37 38)
thread idx 6 steal from 5 [45 46)
thread idx 1 steal from 5 [53 54)
thread idx 4 steal from 5 [61 62)
threadid 4 done 1 task, taskid 293, remainingTaksNum 106
thread idx 294, Get A workFromWaitingQueue, taskId64, num_total_tasks 0 deped_has_not_been_done_num 64
thread idx 1 steal from 2 [2 3)
thread idx 1 steal from 2 [10 11)
thread idx 1 steal from 2 [18 19)
thread idx 1 steal from 2 [26 27)
thread idx 1 steal from 2 [34 35)
thread idx 1 steal from 2 [42 43)
thread idx 1 steal from 2 [50 51)
thread idx 1 steal from 2 [58 59)
thread idx 1 steal from 3 [3 4)
thread idx 1 steal from 3 [11 12)
thread idx 1 steal from 3 [19 20)
thread idx 1 steal from 3 [27 28)
thread idx 1 steal from 3 [35 36)
thread idx 1 steal from 3 [43 44)
thread idx 1 steal from 3 [51 52)
thread idx 1 steal from 3 [59 60)
thread idx 1 steal from 4 [4 5)
thread idx 1 steal from 4 [12 13)
thread idx 1 steal from 4 [20 21)
thread idx 1 steal from 4 [28 29)
thread idx 1 steal from 4 [36 37)
thread idx 1 steal from 4 [44 45)
thread idx 1 steal from 4 [52 53)
thread idx 1 steal from 4 [60 61)
thread idx 1 steal from 5 [5 6)
thread idx 0 steal from 5 [13 14)
thread idx 1 steal from 5 [21 22)
thread idx 0 steal from 5 [29 30)
thread idx 1 steal from 5 [37 38)
thread idx 0 steal from 5 [53 54)
thread idx 1 steal from 5 [61 62)
thread idx 5 steal from 6 [6 7)
thread idx 1 steal from 6 [22 23)
thread idx 1 steal from 6 [30 31)
thread idx 1 steal from 6 [38 39)
thread idx 1 steal from 6 [46 47)
thread idx 1 steal from 6 [54 55)
thread idx 1 steal from 6 [62 63)
thread idx 1 steal from 7 [7 8)
thread idx 1 steal from 7 [15 16)
thread idx 1 steal from 7 [23 24)
thread idx 1 steal from 7 [31 32)
thread idx 1 steal from 7 [39 40)
thread idx 1 steal from 7 [47 48)
thread idx 1 steal from 7 [55 56)
thread idx 1 steal from 7 [63 64)
thread idx 0 steal from 6 [14 15)
threadid 0 done 1 task, taskid 294, remainingTaksNum 105
thread idx 295, Get A workFromWaitingQueue, taskId64, num_total_tasks 0 deped_has_not_been_done_num 64
thread idx 6 steal from 7 [7 8)
thread idx 0 steal from 1 [1 2)
thread idx 6 steal from 7 [15 16)
thread idx 0 steal from 1 [9 10)
thread idx 6 steal from 7 [23 24)
thread idx 0 steal from 1 [17 18)
thread idx 6 steal from 7 [31 32)
thread idx 0 steal from 1 [25 26)
thread idx 6 steal from 7 [39 40)
thread idx 0 steal from 1 [33 34)
thread idx 6 steal from 7 [47 48)
thread idx 0 steal from 1 [41 42)
thread idx 6 steal from 7 [55 56)
thread idx 6 steal from 7 [63 64)
thread idx 0 steal from 1 [49 50)
thread idx 6 steal from 1 [57 58)
thread idx 0 steal from 2 [2 3)
thread idx 6 steal from 2 [10 11)
thread idx 0 steal from 2 [18 19)
thread idx 0 steal from 2 [26 27)
thread idx 6 steal from 2 [34 35)
thread idx 0 steal from 2 [42 43)
thread idx 6 steal from 2 [50 51)
thread idx 0 steal from 2 [58 59)
thread idx 6 steal from 3 [3 4)
thread idx 0 steal from 3 [11 12)
thread idx 6 steal from 3 [19 20)
thread idx 0 steal from 3 [27 28)
thread idx 6 steal from 3 [35 36)
thread idx 0 steal from 3 [43 44)
thread idx 6 steal from 3 [51 52)
thread idx 0 steal from 3 [59 60)
thread idx 6 steal from 4 [4 5)
thread idx 0 steal from 4 [12 13)
thread idx 6 steal from 4 [20 21)
thread idx 0 steal from 4 [28 29)
thread idx 6 steal from 4 [36 37)
thread idx 0 steal from 4 [44 45)
thread idx 6 steal from 4 [52 53)
thread idx 0 steal from 4 [60 61)
thread idx 6 steal from 5 [5 6)
thread idx 0 steal from 5 [13 14)
thread idx 6 steal from 5 [21 22)
thread idx 0 steal from 5 [29 30)
thread idx 6 steal from 5 [37 38)
thread idx 0 steal from 5 [45 46)
thread idx 6 steal from 5 [53 54)
thread idx 0 steal from 5 [61 62)
threadid 0 done 1 task, taskid 295, remainingTaksNum 104
thread idx 296, Get A workFromWaitingQueue, taskId64, num_total_tasks 0 deped_has_not_been_done_num 64
thread idx 1 steal from 2 [26 27)
thread idx 1 steal from 2 [42 43)
thread idx 1 steal from 2 [58 59)
thread idx 2 steal from 3 [3 4)
thread idx 1 steal from 3 [11 12)
thread idx 2 steal from 3 [19 20)
thread idx 2 steal from 3 [27 28)
thread idx 2 steal from 3 [35 36)
thread idx 2 steal from 3 [43 44)
thread idx 7 steal from 0 [0 1)
thread idx 7 steal from 0 [8 9)
thread idx 5 steal from 0 [24 25)
thread idx 5 steal from 0 [32 33)
thread idx 5 steal from 0 [40 41)
thread idx 5 steal from 0 [48 49)
thread idx 5 steal from 0 [56 57)
thread idx 5 steal from 3 [51 52)
thread idx 5 steal from 3 [59 60)
thread idx 5 steal from 4 [4 5)
thread idx 5 steal from 4 [12 13)
thread idx 1 steal from 4 [20 21)
thread idx 5 steal from 4 [28 29)
thread idx 1 steal from 4 [36 37)
thread idx 5 steal from 4 [44 45)
thread idx 1 steal from 4 [52 53)
thread idx 5 steal from 4 [60 61)
thread idx 6 steal from 0 [16 17)
threadid 6 done 1 task, taskid 296, remainingTaksNum 103
thread idx 297, Get A workFromWaitingQueue, taskId64, num_total_tasks 0 deped_has_not_been_done_num 64
thread idx 2 steal from 3 [3 4)
thread idx 2 steal from 3 [11 12)
thread idx 6 steal from 7 [7 8)
thread idx 2 steal from 3 [19 20)
thread idx 6 steal from 7 [15 16)
thread idx 2 steal from 3 [27 28)
thread idx 1 steal from 3 [35 36)
thread idx 2 steal from 3 [43 44)
thread idx 1 steal from 4 [4 5)
thread idx 3 steal from 4 [12 13)
thread idx 2 steal from 4 [28 29)
thread idx 2 steal from 4 [36 37)
thread idx 3 steal from 4 [44 45)
thread idx 2 steal from 4 [52 53)
thread idx 3 steal from 4 [60 61)
thread idx 3 steal from 5 [5 6)
thread idx 2 steal from 5 [13 14)
thread idx 1 steal from 4 [20 21)
thread idx 3 steal from 5 [21 22)
thread idx 2 steal from 5 [29 30)
thread idx 1 steal from 5 [37 38)
thread idx 3 steal from 5 [45 46)
thread idx 2 steal from 5 [53 54)
thread idx 3 steal from 5 [61 62)
thread idx 1 steal from 7 [31 32)
thread idx 3 steal from 7 [47 48)
thread idx 3 steal from 7 [55 56)
thread idx 3 steal from 7 [63 64)
thread idx 3 steal from 0 [0 1)
thread idx 1 steal from 0 [8 9)
thread idx 2 steal from 7 [39 40)
thread idx 1 steal from 0 [24 25)
thread idx 5 steal from 0 [32 33)
thread idx 1 steal from 0 [40 41)
thread idx 5 steal from 0 [48 49)
thread idx 1 steal from 0 [56 57)
thread idx 6 steal from 7 [23 24)
thread idx 3 steal from 0 [16 17)
threadid 3 done 1 task, taskid 297, remainingTaksNum 102
thread idx 298, Get A workFromWaitingQueue, taskId64, num_total_tasks 0 deped_has_not_been_done_num 64
thread idx 0 steal from 1 [1 2)
thread idx 0 steal from 1 [9 10)
thread idx 0 steal from 1 [17 18)
thread idx 0 steal from 1 [25 26)
thread idx 0 steal from 1 [33 34)
thread idx 0 steal from 1 [41 42)
thread idx 0 steal from 1 [49 50)
thread idx 0 steal from 2 [2 3)
thread idx 1 steal from 2 [10 11)
thread idx 0 steal from 2 [18 19)
thread idx 1 steal from 2 [26 27)
thread idx 0 steal from 2 [34 35)
thread idx 1 steal from 2 [42 43)
thread idx 0 steal from 2 [50 51)
thread idx 1 steal from 2 [58 59)
thread idx 0 steal from 3 [3 4)
thread idx 0 steal from 3 [11 12)
thread idx 1 steal from 3 [19 20)
thread idx 0 steal from 3 [27 28)
thread idx 1 steal from 3 [35 36)
thread idx 0 steal from 3 [43 44)
thread idx 1 steal from 3 [51 52)
thread idx 0 steal from 3 [59 60)
thread idx 1 steal from 4 [4 5)
thread idx 0 steal from 4 [12 13)
thread idx 1 steal from 4 [20 21)
thread idx 0 steal from 4 [28 29)
thread idx 1 steal from 4 [36 37)
thread idx 0 steal from 4 [44 45)
thread idx 1 steal from 4 [52 53)
thread idx 0 steal from 4 [60 61)
thread idx 1 steal from 5 [5 6)
thread idx 0 steal from 5 [13 14)
thread idx 1 steal from 5 [21 22)
thread idx 0 steal from 5 [29 30)
thread idx 1 steal from 5 [37 38)
thread idx 0 steal from 5 [45 46)
thread idx 1 steal from 5 [53 54)
thread idx 0 steal from 5 [61 62)
thread idx 1 steal from 6 [6 7)
thread idx 0 steal from 6 [14 15)
thread idx 1 steal from 6 [22 23)
thread idx 0 steal from 6 [30 31)
thread idx 1 steal from 6 [38 39)
thread idx 1 steal from 6 [46 47)
thread idx 0 steal from 6 [54 55)
thread idx 4 steal from 6 [62 63)
thread idx 2 steal from 7 [23 24)
thread idx 4 steal from 7 [31 32)
thread idx 0 steal from 7 [7 8)
thread idx 4 steal from 7 [39 40)
thread idx 0 steal from 7 [47 48)
thread idx 4 steal from 7 [55 56)
thread idx 0 steal from 7 [63 64)
thread idx 1 steal from 7 [15 16)
threadid 1 done 1 task, taskid 298, remainingTaksNum 101
thread idx 299, Get A workFromWaitingQueue, taskId64, num_total_tasks 0 deped_has_not_been_done_num 64
thread idx 5 steal from 6 [6 7)
thread idx 5 steal from 6 [14 15)
thread idx 5 steal from 6 [22 23)
thread idx 5 steal from 6 [30 31)
thread idx 5 steal from 6 [38 39)
thread idx 5 steal from 6 [46 47)
thread idx 5 steal from 6 [54 55)
thread idx 5 steal from 6 [62 63)
thread idx 5 steal from 7 [7 8)
thread idx 5 steal from 7 [15 16)
thread idx 5 steal from 7 [23 24)
thread idx 5 steal from 7 [31 32)
thread idx 5 steal from 7 [39 40)
thread idx 5 steal from 7 [47 48)
thread idx 5 steal from 7 [55 56)
thread idx 5 steal from 7 [63 64)
thread idx 5 steal from 0 [0 1)
thread idx 5 steal from 0 [8 9)
thread idx 5 steal from 0 [16 17)
thread idx 5 steal from 0 [24 25)
thread idx 5 steal from 0 [32 33)
thread idx 5 steal from 0 [40 41)
thread idx 5 steal from 0 [48 49)
thread idx 5 steal from 0 [56 57)
thread idx 5 steal from 1 [1 2)
thread idx 5 steal from 1 [9 10)
thread idx 5 steal from 1 [17 18)
thread idx 5 steal from 1 [25 26)
thread idx 5 steal from 1 [33 34)
thread idx 5 steal from 1 [41 42)
thread idx 5 steal from 1 [49 50)
thread idx 5 steal from 1 [57 58)
thread idx 5 steal from 2 [2 3)
thread idx 5 steal from 2 [10 11)
thread idx 5 steal from 2 [18 19)
thread idx 5 steal from 2 [26 27)
thread idx 5 steal from 2 [34 35)
thread idx 5 steal from 2 [42 43)
thread idx 5 steal from 2 [50 51)
thread idx 5 steal from 2 [58 59)
thread idx 5 steal from 3 [3 4)
thread idx 5 steal from 3 [11 12)
thread idx 5 steal from 3 [19 20)
thread idx 5 steal from 3 [27 28)
thread idx 5 steal from 3 [35 36)
thread idx 5 steal from 3 [43 44)
thread idx 5 steal from 3 [59 60)
thread idx 0 steal from 3 [51 52)
thread idx 0 steal from 4 [12 13)
thread idx 0 steal from 4 [20 21)
thread idx 0 steal from 4 [28 29)
thread idx 0 steal from 4 [36 37)
thread idx 0 steal from 4 [44 45)
thread idx 0 steal from 4 [52 53)
thread idx 0 steal from 4 [60 61)
thread idx 5 steal from 4 [4 5)
threadid 5 done 1 task, taskid 299, remainingTaksNum 100
thread idx 300, Get A workFromWaitingQueue, taskId64, num_total_tasks 0 deped_has_not_been_done_num 64
thread idx 6 steal from 7 [7 8)
thread idx 6 steal from 7 [15 16)
thread idx 6 steal from 7 [23 24)
thread idx 6 steal from 7 [31 32)
thread idx 6 steal from 7 [39 40)
thread idx 6 steal from 7 [47 48)
thread idx 6 steal from 7 [55 56)
thread idx 6 steal from 7 [63 64)
thread idx 6 steal from 0 [0 1)
thread idx 6 steal from 0 [8 9)
thread idx 6 steal from 0 [16 17)
thread idx 6 steal from 0 [24 25)
thread idx 6 steal from 0 [32 33)
thread idx 6 steal from 0 [40 41)
thread idx 6 steal from 0 [48 49)
thread idx 6 steal from 0 [56 57)
thread idx 6 steal from 1 [1 2)
thread idx 6 steal from 1 [9 10)
thread idx 6 steal from 1 [17 18)
thread idx 6 steal from 1 [25 26)
thread idx 6 steal from 1 [33 34)
thread idx 6 steal from 1 [41 42)
thread idx 6 steal from 1 [49 50)
thread idx 6 steal from 1 [57 58)
thread idx 6 steal from 2 [2 3)
thread idx 6 steal from 2 [10 11)
thread idx 6 steal from 2 [18 19)
thread idx 5 steal from 2 [26 27)
thread idx 5 steal from 2 [42 43)
thread idx 5 steal from 2 [50 51)
thread idx 6 steal from 2 [34 35)
thread idx 5 steal from 2 [58 59)
thread idx 6 steal from 3 [3 4)
thread idx 5 steal from 3 [11 12)
thread idx 6 steal from 3 [19 20)
thread idx 5 steal from 3 [35 36)
thread idx 6 steal from 3 [43 44)
thread idx 5 steal from 3 [51 52)
thread idx 5 steal from 3 [59 60)
thread idx 5 steal from 4 [4 5)
thread idx 6 steal from 4 [12 13)
thread idx 5 steal from 4 [20 21)
thread idx 1 steal from 3 [27 28)
thread idx 6 steal from 4 [28 29)
thread idx 5 steal from 4 [36 37)
thread idx 1 steal from 4 [44 45)
thread idx 6 steal from 4 [52 53)
thread idx 5 steal from 4 [60 61)
threadid 5 done 1 task, taskid 300, remainingTaksNum 99
thread idx 301, Get A workFromWaitingQueue, taskId64, num_total_tasks 0 deped_has_not_been_done_num 64
thread idx 3 steal from 4 [4 5)
thread idx 3 steal from 4 [12 13)
thread idx 3 steal from 4 [20 21)
thread idx 3 steal from 4 [28 29)
thread idx 3 steal from 4 [36 37)
thread idx 3 steal from 4 [44 45)
thread idx 3 steal from 4 [52 53)
thread idx 3 steal from 4 [60 61)
thread idx 3 steal from 5 [5 6)
thread idx 3 steal from 5 [13 14)
thread idx 3 steal from 5 [21 22)
thread idx 3 steal from 5 [29 30)
thread idx 3 steal from 5 [37 38)
thread idx 3 steal from 5 [45 46)
thread idx 3 steal from 5 [53 54)
thread idx 3 steal from 5 [61 62)
thread idx 3 steal from 6 [6 7)
thread idx 3 steal from 6 [14 15)
thread idx 3 steal from 6 [22 23)
thread idx 3 steal from 6 [30 31)
thread idx 3 steal from 6 [38 39)
thread idx 3 steal from 6 [46 47)
thread idx 3 steal from 6 [54 55)
thread idx 3 steal from 6 [62 63)
thread idx 3 steal from 7 [7 8)
thread idx 3 steal from 7 [15 16)
thread idx 3 steal from 7 [23 24)
thread idx 3 steal from 7 [31 32)
thread idx 3 steal from 7 [39 40)
thread idx 3 steal from 7 [47 48)
thread idx 3 steal from 7 [55 56)
thread idx 3 steal from 7 [63 64)
thread idx 3 steal from 0 [0 1)
thread idx 3 steal from 0 [8 9)
thread idx 3 steal from 0 [16 17)
thread idx 3 steal from 0 [24 25)
thread idx 3 steal from 0 [32 33)
thread idx 4 steal from 0 [40 41)
thread idx 4 steal from 0 [56 57)
thread idx 3 steal from 0 [48 49)
thread idx 4 steal from 1 [1 2)
thread idx 3 steal from 1 [9 10)
thread idx 4 steal from 1 [17 18)
thread idx 3 steal from 1 [25 26)
thread idx 4 steal from 1 [33 34)
thread idx 3 steal from 1 [41 42)
thread idx 4 steal from 1 [49 50)
thread idx 3 steal from 1 [57 58)
thread idx 4 steal from 2 [2 3)
thread idx 3 steal from 2 [10 11)
thread idx 4 steal from 2 [18 19)
thread idx 3 steal from 2 [26 27)
thread idx 4 steal from 2 [34 35)
thread idx 3 steal from 2 [42 43)
thread idx 4 steal from 2 [50 51)
thread idx 3 steal from 2 [58 59)
threadid 3 done 1 task, taskid 301, remainingTaksNum 98
thread idx 302, Get A workFromWaitingQueue, taskId64, num_total_tasks 0 deped_has_not_been_done_num 64
thread idx 4 steal from 5 [5 6)
thread idx 4 steal from 5 [13 14)
thread idx 4 steal from 5 [21 22)
thread idx 2 steal from 3 [3 4)
thread idx 2 steal from 3 [11 12)
thread idx 2 steal from 3 [19 20)
thread idx 4 steal from 5 [29 30)
thread idx 7 steal from 0 [0 1)
thread idx 4 steal from 5 [37 38)
thread idx 4 steal from 5 [45 46)
thread idx 7 steal from 0 [8 9)
thread idx 4 steal from 5 [53 54)
thread idx 7 steal from 0 [16 17)
thread idx 4 steal from 5 [61 62)
thread idx 2 steal from 3 [27 28)
thread idx 4 steal from 6 [6 7)
thread idx 4 steal from 6 [14 15)
thread idx 4 steal from 6 [22 23)
thread idx 4 steal from 6 [30 31)
thread idx 4 steal from 6 [38 39)
thread idx 2 steal from 3 [35 36)
thread idx 4 steal from 6 [46 47)
thread idx 2 steal from 3 [43 44)
thread idx 4 steal from 6 [54 55)
thread idx 2 steal from 3 [51 52)
thread idx 4 steal from 6 [62 63)
thread idx 2 steal from 3 [59 60)
thread idx 4 steal from 0 [32 33)
thread idx 2 steal from 0 [40 41)
thread idx 4 steal from 0 [48 49)
thread idx 2 steal from 0 [56 57)
thread idx 4 steal from 1 [57 58)
thread idx 7 steal from 0 [24 25)
threadid 7 done 1 task, taskid 302, remainingTaksNum 97
thread idx 7 steal from 0 [0 1)
thread idx 303, Get A workFromWaitingQueue, taskId64, num_total_tasks 0 deped_has_not_been_done_num 64
thread idx 3 steal from 4 [4 5)
thread idx 7 steal from 0 [8 9)
thread idx 3 steal from 4 [12 13)
thread idx 7 steal from 0 [16 17)
thread idx 3 steal from 4 [20 21)
thread idx 7 steal from 0 [24 25)
thread idx 3 steal from 4 [28 29)
thread idx 7 steal from 0 [32 33)
thread idx 3 steal from 4 [36 37)
thread idx 7 steal from 0 [40 41)
thread idx 3 steal from 4 [44 45)
thread idx 7 steal from 0 [48 49)
thread idx 7 steal from 0 [56 57)
thread idx 3 steal from 4 [60 61)
thread idx 7 steal from 1 [1 2)
thread idx 7 steal from 1 [9 10)
thread idx 7 steal from 1 [17 18)
thread idx 7 steal from 1 [25 26)
thread idx 3 steal from 5 [45 46)
thread idx 7 steal from 1 [33 34)
thread idx 3 steal from 6 [6 7)
thread idx 7 steal from 1 [41 42)
thread idx 5 steal from 6 [14 15)
thread idx 3 steal from 6 [22 23)
thread idx 5 steal from 6 [30 31)
thread idx 5 steal from 6 [38 39)
thread idx 5 steal from 6 [46 47)
thread idx 5 steal from 6 [54 55)
thread idx 3 steal from 6 [62 63)
thread idx 2 steal from 4 [52 53)
thread idx 7 steal from 1 [49 50)
thread idx 5 steal from 1 [57 58)
threadid 5 done 1 task, taskid 303, remainingTaksNum 96
thread idx 7 steal from 0 [0 1)
thread idx 304, Get A workFromWaitingQueue, taskId64, num_total_tasks 0 deped_has_not_been_done_num 64
thread idx 5 steal from 6 [6 7)
thread idx 5 steal from 6 [14 15)
thread idx 5 steal from 6 [22 23)
thread idx 5 steal from 6 [30 31)
thread idx 5 steal from 6 [38 39)
thread idx 5 steal from 6 [46 47)
thread idx 5 steal from 6 [54 55)
thread idx 5 steal from 6 [62 63)
thread idx 5 steal from 0 [8 9)
thread idx 7 steal from 0 [16 17)
thread idx 5 steal from 0 [24 25)
thread idx 7 steal from 0 [32 33)
thread idx 5 steal from 0 [40 41)
thread idx 7 steal from 0 [48 49)
thread idx 5 steal from 0 [56 57)
thread idx 7 steal from 1 [1 2)
thread idx 5 steal from 1 [9 10)
thread idx 7 steal from 1 [17 18)
thread idx 5 steal from 1 [25 26)
thread idx 7 steal from 1 [33 34)
thread idx 5 steal from 1 [41 42)
thread idx 7 steal from 1 [49 50)
thread idx 5 steal from 1 [57 58)
thread idx 7 steal from 2 [2 3)
thread idx 5 steal from 2 [10 11)
thread idx 7 steal from 2 [18 19)
thread idx 5 steal from 2 [26 27)
thread idx 7 steal from 2 [34 35)
thread idx 5 steal from 2 [42 43)
thread idx 7 steal from 2 [50 51)
thread idx 5 steal from 2 [58 59)
thread idx 7 steal from 3 [3 4)
thread idx 5 steal from 3 [11 12)
thread idx 7 steal from 3 [19 20)
thread idx 5 steal from 3 [27 28)
thread idx 7 steal from 3 [35 36)
thread idx 5 steal from 3 [43 44)
thread idx 7 steal from 3 [51 52)
thread idx 5 steal from 3 [59 60)
thread idx 7 steal from 4 [4 5)
thread idx 5 steal from 4 [12 13)
thread idx 7 steal from 4 [20 21)
thread idx 5 steal from 4 [28 29)
thread idx 7 steal from 4 [36 37)
thread idx 5 steal from 4 [44 45)
thread idx 7 steal from 4 [52 53)
thread idx 5 steal from 4 [60 61)
threadid 5 done 1 task, taskid 304, remainingTaksNum 95
thread idx 305, Get A workFromWaitingQueue, taskId64, num_total_tasks 0 deped_has_not_been_done_num 64
thread idx 6 steal from 7 [7 8)
thread idx 6 steal from 7 [15 16)
thread idx 6 steal from 7 [23 24)
thread idx 6 steal from 7 [31 32)
thread idx 6 steal from 7 [39 40)
thread idx 6 steal from 7 [47 48)
thread idx 6 steal from 7 [55 56)
thread idx 6 steal from 7 [63 64)
thread idx 6 steal from 0 [0 1)
thread idx 6 steal from 0 [8 9)
thread idx 6 steal from 0 [16 17)
thread idx 6 steal from 0 [24 25)
thread idx 6 steal from 0 [32 33)
thread idx 6 steal from 0 [40 41)
thread idx 6 steal from 0 [48 49)
thread idx 6 steal from 0 [56 57)
thread idx 6 steal from 1 [1 2)
thread idx 7 steal from 1 [9 10)
thread idx 6 steal from 1 [17 18)
thread idx 7 steal from 1 [25 26)
thread idx 6 steal from 1 [33 34)
thread idx 7 steal from 1 [41 42)
thread idx 6 steal from 1 [49 50)
thread idx 7 steal from 1 [57 58)
thread idx 6 steal from 2 [2 3)
thread idx 7 steal from 2 [10 11)
thread idx 6 steal from 2 [18 19)
thread idx 7 steal from 2 [26 27)
thread idx 6 steal from 2 [34 35)
thread idx 7 steal from 2 [42 43)
thread idx 6 steal from 2 [50 51)
thread idx 7 steal from 2 [58 59)
thread idx 6 steal from 3 [3 4)
thread idx 7 steal from 3 [11 12)
thread idx 6 steal from 3 [19 20)
thread idx 7 steal from 3 [27 28)
thread idx 6 steal from 3 [35 36)
thread idx 4 steal from 5 [5 6)
thread idx 7 steal from 3 [43 44)
thread idx 4 steal from 5 [13 14)
thread idx 6 steal from 3 [51 52)
thread idx 4 steal from 5 [21 22)
thread idx 6 steal from 5 [29 30)
thread idx 4 steal from 5 [37 38)
thread idx 4 steal from 5 [45 46)
thread idx 4 steal from 5 [53 54)
thread idx 4 steal from 5 [61 62)
thread idx 7 steal from 3 [59 60)
threadid 7 done 1 task, taskid 305, remainingTaksNum 94
thread idx 306, Get A workFromWaitingQueue, taskId64, num_total_tasks 0 deped_has_not_been_done_num 63
thread idx 5 steal from 6 [6 7)
thread idx 5 steal from 6 [14 15)
thread idx 7 steal from 0 [0 1)
thread idx 5 steal from 6 [22 23)
thread idx 7 steal from 0 [8 9)
thread idx 5 steal from 6 [30 31)
thread idx 7 steal from 0 [16 17)
thread idx 5 steal from 6 [38 39)
thread idx 5 steal from 6 [46 47)
thread idx 5 steal from 6 [54 55)
thread idx 5 steal from 6 [62 63)
thread idx 5 steal from 0 [32 33)
thread idx 5 steal from 0 [40 41)
thread idx 5 steal from 0 [48 49)
thread idx 7 steal from 0 [24 25)
thread idx 5 steal from 0 [56 57)
thread idx 7 steal from 1 [1 2)
thread idx 7 steal from 1 [17 18)
thread idx 7 steal from 1 [25 26)
thread idx 7 steal from 1 [33 34)
thread idx 7 steal from 1 [41 42)
thread idx 7 steal from 1 [49 50)
thread idx 7 steal from 1 [57 58)
thread idx 7 steal from 2 [2 3)
thread idx 7 steal from 2 [10 11)
thread idx 7 steal from 2 [18 19)
thread idx 7 steal from 2 [26 27)
thread idx 7 steal from 2 [34 35)
thread idx 7 steal from 2 [42 43)
thread idx 7 steal from 2 [50 51)
thread idx 7 steal from 2 [58 59)
thread idx 7 steal from 3 [3 4)
thread idx 7 steal from 3 [11 12)
thread idx 7 steal from 3 [19 20)
thread idx 7 steal from 3 [27 28)
thread idx 7 steal from 3 [35 36)
thread idx 7 steal from 3 [43 44)
thread idx 7 steal from 3 [51 52)
thread idx 7 steal from 3 [59 60)
thread idx 7 steal from 4 [4 5)
thread idx 2 steal from 4 [12 13)
thread idx 2 steal from 4 [28 29)
thread idx 2 steal from 4 [36 37)
thread idx 2 steal from 4 [44 45)
thread idx 2 steal from 4 [52 53)
thread idx 2 steal from 4 [60 61)
thread idx 7 steal from 4 [20 21)
thread idx 5 steal from 1 [9 10)
threadid 5 done 1 task, taskid 306, remainingTaksNum 93
thread idx 307, Get A workFromWaitingQueue, taskId64, num_total_tasks 0 deped_has_not_been_done_num 60
thread idx 3 steal from 4 [12 13)
thread idx 3 steal from 4 [20 21)
thread idx 3 steal from 4 [28 29)
thread idx 3 steal from 4 [36 37)
thread idx 3 steal from 4 [44 45)
thread idx 2 steal from 4 [52 53)
thread idx 3 steal from 4 [60 61)
thread idx 2 steal from 5 [5 6)
thread idx 3 steal from 5 [13 14)
thread idx 2 steal from 5 [21 22)
thread idx 3 steal from 5 [29 30)
thread idx 2 steal from 5 [45 46)
thread idx 3 steal from 5 [53 54)
thread idx 2 steal from 6 [6 7)
thread idx 5 steal from 6 [14 15)
thread idx 2 steal from 6 [30 31)
thread idx 5 steal from 6 [38 39)
thread idx 5 steal from 6 [46 47)
thread idx 5 steal from 6 [54 55)
thread idx 5 steal from 6 [62 63)
thread idx 2 steal from 7 [7 8)
thread idx 5 steal from 7 [15 16)
thread idx 2 steal from 7 [23 24)
thread idx 5 steal from 7 [31 32)
thread idx 2 steal from 7 [39 40)
thread idx 5 steal from 7 [47 48)
thread idx 2 steal from 7 [55 56)
thread idx 5 steal from 7 [63 64)
thread idx 2 steal from 0 [0 1)
thread idx 5 steal from 0 [8 9)
thread idx 2 steal from 0 [16 17)
thread idx 5 steal from 0 [24 25)
thread idx 1 steal from 0 [32 33)
thread idx 5 steal from 0 [48 49)
thread idx 2 steal from 0 [40 41)
thread idx 1 steal from 0 [56 57)
thread idx 3 steal from 6 [22 23)
threadid 4 done 1 task, taskid 307, remainingTaksNum 92
thread idx 308, Get A workFromWaitingQueue, taskId64, num_total_tasks 0 deped_has_not_been_done_num 64
thread idx 7 steal from 0 [0 1)
thread idx 7 steal from 0 [8 9)
thread idx 7 steal from 0 [16 17)
thread idx 7 steal from 0 [24 25)
thread idx 7 steal from 0 [32 33)
thread idx 7 steal from 0 [40 41)
thread idx 7 steal from 0 [48 49)
thread idx 7 steal from 0 [56 57)
thread idx 7 steal from 1 [1 2)
thread idx 7 steal from 1 [9 10)
thread idx 6 steal from 1 [17 18)
thread idx 7 steal from 1 [25 26)
thread idx 6 steal from 1 [33 34)
thread idx 7 steal from 1 [41 42)
thread idx 6 steal from 1 [49 50)
thread idx 7 steal from 1 [57 58)
thread idx 6 steal from 2 [2 3)
thread idx 7 steal from 2 [10 11)
thread idx 6 steal from 2 [18 19)
thread idx 7 steal from 2 [26 27)
thread idx 6 steal from 2 [34 35)
thread idx 7 steal from 2 [42 43)
thread idx 6 steal from 2 [50 51)
thread idx 7 steal from 2 [58 59)
thread idx 6 steal from 3 [3 4)
thread idx 7 steal from 3 [11 12)
thread idx 6 steal from 3 [19 20)
thread idx 7 steal from 3 [27 28)
thread idx 6 steal from 3 [35 36)
thread idx 7 steal from 3 [43 44)
thread idx 6 steal from 3 [51 52)
thread idx 7 steal from 3 [59 60)
thread idx 6 steal from 4 [4 5)
thread idx 7 steal from 4 [12 13)
thread idx 6 steal from 4 [20 21)
thread idx 6 steal from 5 [13 14)
thread idx 6 steal from 5 [21 22)
thread idx 6 steal from 5 [29 30)
thread idx 6 steal from 5 [37 38)
thread idx 6 steal from 5 [45 46)
thread idx 6 steal from 5 [53 54)
thread idx 6 steal from 5 [61 62)
thread idx 7 steal from 4 [28 29)
thread idx 2 steal from 4 [36 37)
thread idx 1 steal from 4 [44 45)
thread idx 4 steal from 5 [5 6)
threadid 4 done 1 task, taskid 308, remainingTaksNum 91
thread idx 309, Get A workFromWaitingQueue, taskId64, num_total_tasks 0 deped_has_not_been_done_num 64
thread idx 5 steal from 6 [6 7)
thread idx 5 steal from 6 [14 15)
thread idx 5 steal from 6 [22 23)
thread idx 5 steal from 6 [30 31)
thread idx 5 steal from 6 [38 39)
thread idx 5 steal from 6 [46 47)
thread idx 5 steal from 6 [54 55)
thread idx 5 steal from 6 [62 63)
thread idx 5 steal from 7 [7 8)
thread idx 5 steal from 7 [15 16)
thread idx 5 steal from 7 [23 24)
thread idx 5 steal from 7 [31 32)
thread idx 5 steal from 7 [39 40)
thread idx 2 steal from 3 [3 4)
thread idx 4 steal from 7 [55 56)
thread idx 4 steal from 7 [63 64)
thread idx 4 steal from 0 [0 1)
thread idx 4 steal from 0 [8 9)
thread idx 4 steal from 0 [16 17)
thread idx 2 steal from 3 [11 12)
thread idx 4 steal from 0 [24 25)
thread idx 2 steal from 3 [35 36)
thread idx 4 steal from 0 [32 33)
thread idx 2 steal from 3 [51 52)
thread idx 3 steal from 0 [40 41)
thread idx 4 steal from 0 [48 49)
thread idx 2 steal from 0 [56 57)
thread idx 3 steal from 1 [1 2)
thread idx 4 steal from 1 [9 10)
thread idx 2 steal from 1 [17 18)
thread idx 3 steal from 1 [25 26)
thread idx 3 steal from 1 [33 34)
thread idx 5 steal from 7 [47 48)
thread idx 4 steal from 1 [41 42)
thread idx 2 steal from 1 [49 50)
thread idx 3 steal from 1 [57 58)
threadid 2 done 1 task, taskid 309, remainingTaksNum 90
thread idx 3 steal from 0 [0 1)
thread idx 310, Get A workFromWaitingQueue, taskId64, num_total_tasks 0 deped_has_not_been_done_num 63
thread idx 2 steal from 3 [3 4)
thread idx 2 steal from 3 [11 12)
thread idx 2 steal from 3 [19 20)
thread idx 2 steal from 3 [27 28)
thread idx 2 steal from 3 [35 36)
thread idx 2 steal from 3 [43 44)
thread idx 2 steal from 3 [51 52)
thread idx 2 steal from 3 [59 60)
thread idx 2 steal from 4 [12 13)
thread idx 2 steal from 4 [20 21)
thread idx 2 steal from 4 [36 37)
thread idx 2 steal from 4 [60 61)
thread idx 4 steal from 5 [5 6)
thread idx 4 steal from 5 [21 22)
thread idx 4 steal from 5 [29 30)
thread idx 2 steal from 5 [13 14)
thread idx 4 steal from 5 [37 38)
thread idx 2 steal from 5 [45 46)
thread idx 4 steal from 5 [53 54)
thread idx 4 steal from 5 [61 62)
thread idx 2 steal from 6 [6 7)
thread idx 4 steal from 6 [14 15)
thread idx 2 steal from 6 [22 23)
thread idx 4 steal from 6 [30 31)
thread idx 2 steal from 6 [38 39)
thread idx 4 steal from 6 [46 47)
thread idx 2 steal from 6 [54 55)
thread idx 2 steal from 6 [62 63)
thread idx 4 steal from 7 [63 64)
thread idx 7 steal from 0 [8 9)
thread idx 3 steal from 1 [9 10)
thread idx 3 steal from 1 [17 18)
thread idx 3 steal from 1 [25 26)
thread idx 3 steal from 1 [33 34)
thread idx 3 steal from 1 [41 42)
thread idx 3 steal from 1 [49 50)
thread idx 3 steal from 1 [57 58)
thread idx 0 steal from 1 [1 2)
thread idx 4 steal from 0 [24 25)
thread idx 2 steal from 0 [16 17)
threadid 2 done 1 task, taskid 310, remainingTaksNum 89
thread idx 311, Get A workFromWaitingQueue, taskId64, num_total_tasks 0 deped_has_not_been_done_num 64
thread idx 2 steal from 3 [27 28)
thread idx 4 steal from 5 [5 6)
thread idx 4 steal from 5 [13 14)
thread idx 3 steal from 5 [21 22)
thread idx 3 steal from 5 [37 38)
thread idx 3 steal from 5 [45 46)
thread idx 3 steal from 5 [53 54)
thread idx 3 steal from 5 [61 62)
thread idx 3 steal from 6 [6 7)
thread idx 3 steal from 6 [14 15)
thread idx 3 steal from 6 [22 23)
thread idx 3 steal from 6 [30 31)
thread idx 4 steal from 5 [29 30)
thread idx 3 steal from 6 [38 39)
thread idx 3 steal from 6 [46 47)
thread idx 4 steal from 6 [54 55)
thread idx 3 steal from 6 [62 63)
thread idx 4 steal from 7 [7 8)
thread idx 3 steal from 7 [15 16)
thread idx 4 steal from 7 [23 24)
thread idx 1 steal from 7 [47 48)
thread idx 1 steal from 7 [55 56)
thread idx 1 steal from 7 [63 64)
thread idx 1 steal from 0 [0 1)
thread idx 1 steal from 0 [8 9)
thread idx 1 steal from 0 [16 17)
thread idx 1 steal from 0 [24 25)
thread idx 1 steal from 0 [32 33)
thread idx 4 steal from 0 [40 41)
thread idx 1 steal from 0 [48 49)
thread idx 1 steal from 0 [56 57)
thread idx 3 steal from 7 [31 32)
thread idx 2 steal from 7 [39 40)
threadid 2 done 1 task, taskid 311, remainingTaksNum 88
thread idx 312, Get A workFromWaitingQueue, taskId64, num_total_tasks 0 deped_has_not_been_done_num 64
thread idx 2 steal from 3 [3 4)
thread idx 2 steal from 3 [11 12)
thread idx 2 steal from 3 [19 20)
thread idx 2 steal from 3 [27 28)
thread idx 2 steal from 3 [35 36)
thread idx 2 steal from 3 [43 44)
thread idx 2 steal from 3 [51 52)
thread idx 2 steal from 3 [59 60)
thread idx 2 steal from 4 [28 29)
thread idx 2 steal from 4 [52 53)
thread idx 2 steal from 5 [5 6)
thread idx 4 steal from 5 [13 14)
thread idx 2 steal from 5 [21 22)
thread idx 2 steal from 5 [29 30)
thread idx 4 steal from 5 [37 38)
thread idx 4 steal from 5 [45 46)
thread idx 2 steal from 5 [53 54)
thread idx 4 steal from 5 [61 62)
thread idx 2 steal from 6 [6 7)
thread idx 4 steal from 6 [14 15)
thread idx 2 steal from 6 [22 23)
thread idx 4 steal from 6 [30 31)
thread idx 4 steal from 6 [38 39)
thread idx 2 steal from 6 [46 47)
thread idx 7 steal from 0 [0 1)
thread idx 2 steal from 6 [62 63)
thread idx 2 steal from 0 [8 9)
thread idx 2 steal from 0 [16 17)
thread idx 7 steal from 0 [24 25)
thread idx 2 steal from 0 [32 33)
thread idx 7 steal from 0 [40 41)
thread idx 2 steal from 0 [48 49)
thread idx 7 steal from 0 [56 57)
thread idx 2 steal from 1 [1 2)
thread idx 7 steal from 1 [9 10)
thread idx 4 steal from 6 [54 55)
thread idx 7 steal from 1 [25 26)
thread idx 4 steal from 1 [33 34)
thread idx 7 steal from 1 [41 42)
thread idx 4 steal from 1 [57 58)
threadid 4 done 1 task, taskid 312, remainingTaksNum 87
thread idx 313, Get A workFromWaitingQueue, taskId64, num_total_tasks 0 deped_has_not_been_done_num 64
thread idx 2 steal from 3 [3 4)
thread idx 2 steal from 3 [11 12)
thread idx 2 steal from 3 [19 20)
thread idx 2 steal from 3 [27 28)
thread idx 2 steal from 3 [35 36)
thread idx 2 steal from 3 [43 44)
thread idx 2 steal from 3 [51 52)
thread idx 2 steal from 3 [59 60)
thread idx 2 steal from 4 [4 5)
thread idx 2 steal from 4 [12 13)
thread idx 2 steal from 4 [20 21)
thread idx 2 steal from 4 [28 29)
thread idx 2 steal from 4 [36 37)
thread idx 2 steal from 4 [44 45)
thread idx 2 steal from 4 [52 53)
thread idx 2 steal from 4 [60 61)
thread idx 2 steal from 5 [5 6)
thread idx 2 steal from 5 [13 14)
thread idx 2 steal from 5 [21 22)
thread idx 2 steal from 5 [29 30)
thread idx 2 steal from 5 [37 38)
thread idx 1 steal from 5 [45 46)
thread idx 1 steal from 5 [61 62)
thread idx 1 steal from 6 [6 7)
thread idx 1 steal from 6 [14 15)
thread idx 1 steal from 6 [22 23)
thread idx 2 steal from 5 [53 54)
thread idx 1 steal from 6 [30 31)
thread idx 2 steal from 6 [38 39)
thread idx 1 steal from 6 [46 47)
thread idx 2 steal from 6 [54 55)
thread idx 1 steal from 6 [62 63)
thread idx 2 steal from 7 [7 8)
thread idx 1 steal from 7 [15 16)
thread idx 1 steal from 7 [31 32)
thread idx 1 steal from 7 [39 40)
thread idx 1 steal from 7 [47 48)
thread idx 1 steal from 7 [55 56)
thread idx 1 steal from 7 [63 64)
thread idx 1 steal from 0 [0 1)
thread idx 1 steal from 0 [8 9)
thread idx 2 steal from 7 [23 24)
thread idx 1 steal from 0 [24 25)
threadid 0 done 1 task, taskid 313, remainingTaksNum 86
thread idx 314, Get A workFromWaitingQueue, taskId64, num_total_tasks 0 deped_has_not_been_done_num 64
thread idx 6 steal from 0 [0 1)
thread idx 3 steal from 4 [4 5)
thread idx 3 steal from 4 [12 13)
thread idx 6 steal from 7 [7 8)
thread idx 3 steal from 4 [20 21)
thread idx 6 steal from 7 [15 16)
thread idx 1 steal from 0 [8 9)
thread idx 3 steal from 4 [28 29)
thread idx 6 steal from 7 [23 24)
thread idx 3 steal from 4 [36 37)
thread idx 6 steal from 7 [31 32)
thread idx 6 steal from 7 [39 40)
thread idx 6 steal from 7 [47 48)
thread idx 6 steal from 7 [55 56)
thread idx 6 steal from 7 [63 64)
thread idx 6 steal from 0 [16 17)
thread idx 6 steal from 0 [24 25)
thread idx 6 steal from 0 [32 33)
thread idx 6 steal from 0 [40 41)
thread idx 6 steal from 0 [48 49)
thread idx 6 steal from 0 [56 57)
thread idx 6 steal from 2 [10 11)
thread idx 6 steal from 2 [18 19)
thread idx 3 steal from 4 [44 45)
thread idx 3 steal from 4 [52 53)
thread idx 1 steal from 2 [2 3)
thread idx 3 steal from 4 [60 61)
thread idx 3 steal from 5 [5 6)
thread idx 3 steal from 5 [13 14)
thread idx 3 steal from 5 [21 22)
thread idx 3 steal from 5 [29 30)
thread idx 3 steal from 5 [37 38)
thread idx 3 steal from 5 [45 46)
thread idx 3 steal from 5 [53 54)
thread idx 3 steal from 5 [61 62)
thread idx 3 steal from 2 [34 35)
thread idx 3 steal from 2 [42 43)
thread idx 3 steal from 2 [50 51)
thread idx 3 steal from 2 [58 59)
thread idx 6 steal from 2 [26 27)
threadid 6 done 1 task, taskid 314, remainingTaksNum 85
thread idx 315, Get A workFromWaitingQueue, taskId64, num_total_tasks 0 deped_has_not_been_done_num 64
thread idx 6 steal from 7 [7 8)
thread idx 6 steal from 7 [15 16)
thread idx 6 steal from 7 [23 24)
thread idx 6 steal from 7 [31 32)
thread idx 6 steal from 7 [39 40)
thread idx 6 steal from 7 [47 48)
thread idx 6 steal from 7 [55 56)
thread idx 6 steal from 7 [63 64)
thread idx 6 steal from 0 [0 1)
thread idx 6 steal from 0 [8 9)
thread idx 6 steal from 0 [16 17)
thread idx 6 steal from 0 [24 25)
thread idx 4 steal from 5 [5 6)
thread idx 6 steal from 0 [32 33)
thread idx 4 steal from 5 [21 22)
thread idx 4 steal from 5 [29 30)
thread idx 4 steal from 5 [37 38)
thread idx 4 steal from 5 [45 46)
thread idx 6 steal from 0 [40 41)
thread idx 4 steal from 5 [53 54)
thread idx 6 steal from 0 [48 49)
thread idx 4 steal from 5 [61 62)
thread idx 6 steal from 0 [56 57)
thread idx 4 steal from 1 [1 2)
thread idx 4 steal from 1 [9 10)
thread idx 4 steal from 1 [17 18)
thread idx 4 steal from 1 [25 26)
thread idx 4 steal from 1 [33 34)
thread idx 4 steal from 1 [41 42)
thread idx 4 steal from 1 [49 50)
thread idx 4 steal from 1 [57 58)
thread idx 4 steal from 2 [2 3)
thread idx 4 steal from 2 [10 11)
thread idx 4 steal from 2 [18 19)
thread idx 3 steal from 5 [13 14)
threadid 3 done 1 task, taskid 315, remainingTaksNum 84
thread idx 316, Get A workFromWaitingQueue, taskId64, num_total_tasks 0 deped_has_not_been_done_num 64
thread idx 2 steal from 3 [3 4)
thread idx 2 steal from 3 [11 12)
thread idx 2 steal from 3 [19 20)
thread idx 2 steal from 3 [27 28)
thread idx 2 steal from 3 [35 36)
thread idx 2 steal from 3 [43 44)
thread idx 2 steal from 3 [51 52)
thread idx 2 steal from 3 [59 60)
thread idx 2 steal from 4 [4 5)
thread idx 2 steal from 4 [12 13)
thread idx 2 steal from 4 [20 21)
thread idx 2 steal from 4 [28 29)
thread idx 2 steal from 4 [36 37)
thread idx 2 steal from 4 [44 45)
thread idx 2 steal from 4 [52 53)
thread idx 2 steal from 4 [60 61)
thread idx 2 steal from 5 [5 6)
thread idx 2 steal from 5 [13 14)
thread idx 2 steal from 5 [21 22)
thread idx 2 steal from 5 [29 30)
thread idx 2 steal from 5 [37 38)
thread idx 2 steal from 5 [45 46)
thread idx 2 steal from 5 [53 54)
thread idx 2 steal from 5 [61 62)
thread idx 2 steal from 6 [6 7)
thread idx 2 steal from 6 [14 15)
thread idx 2 steal from 6 [22 23)
thread idx 2 steal from 6 [30 31)
thread idx 2 steal from 6 [38 39)
thread idx 5 steal from 6 [46 47)
thread idx 5 steal from 6 [62 63)
thread idx 5 steal from 7 [7 8)
thread idx 2 steal from 6 [54 55)
thread idx 5 steal from 7 [15 16)
thread idx 2 steal from 7 [23 24)
thread idx 5 steal from 7 [31 32)
thread idx 2 steal from 7 [39 40)
thread idx 5 steal from 7 [47 48)
thread idx 2 steal from 7 [55 56)
thread idx 1 steal from 0 [0 1)
thread idx 1 steal from 0 [8 9)
thread idx 1 steal from 0 [16 17)
thread idx 1 steal from 0 [24 25)
thread idx 1 steal from 0 [32 33)
thread idx 3 steal from 0 [40 41)
thread idx 2 steal from 0 [56 57)
thread idx 1 steal from 0 [48 49)
thread idx 5 steal from 7 [63 64)
threadid 5 done 1 task, taskid 316, remainingTaksNum 83
thread idx 6 steal from 0 [0 1)
thread idx 317, Get A workFromWaitingQueue, taskId64, num_total_tasks 0 deped_has_not_been_done_num 64
thread idx 6 steal from 7 [7 8)
thread idx 6 steal from 7 [15 16)
thread idx 6 steal from 7 [23 24)
thread idx 6 steal from 7 [31 32)
thread idx 6 steal from 7 [39 40)
thread idx 6 steal from 7 [47 48)
thread idx 6 steal from 7 [55 56)
thread idx 6 steal from 7 [63 64)
thread idx 6 steal from 0 [8 9)
thread idx 6 steal from 0 [16 17)
thread idx 6 steal from 0 [24 25)
thread idx 6 steal from 0 [32 33)
thread idx 6 steal from 0 [40 41)
thread idx 6 steal from 0 [48 49)
thread idx 6 steal from 0 [56 57)
thread idx 6 steal from 1 [1 2)
thread idx 6 steal from 1 [9 10)
thread idx 6 steal from 1 [17 18)
thread idx 6 steal from 1 [25 26)
thread idx 6 steal from 1 [33 34)
thread idx 6 steal from 1 [41 42)
thread idx 6 steal from 1 [49 50)
thread idx 6 steal from 1 [57 58)
thread idx 2 steal from 3 [3 4)
thread idx 2 steal from 3 [11 12)
thread idx 2 steal from 3 [19 20)
thread idx 6 steal from 3 [27 28)
thread idx 4 steal from 5 [5 6)
thread idx 6 steal from 3 [43 44)
thread idx 6 steal from 3 [51 52)
thread idx 6 steal from 3 [59 60)
thread idx 6 steal from 5 [13 14)
thread idx 4 steal from 5 [21 22)
thread idx 6 steal from 5 [29 30)
thread idx 4 steal from 5 [37 38)
thread idx 6 steal from 5 [45 46)
thread idx 6 steal from 5 [53 54)
thread idx 6 steal from 5 [61 62)
thread idx 2 steal from 3 [35 36)
threadid 2 done 1 task, taskid 317, remainingTaksNum 82
thread idx 318, Get A workFromWaitingQueue, taskId64, num_total_tasks 0 deped_has_not_been_done_num 64
thread idx 6 steal from 7 [7 8)
thread idx 6 steal from 7 [15 16)
thread idx 6 steal from 7 [23 24)
thread idx 6 steal from 7 [31 32)
thread idx 6 steal from 7 [39 40)
thread idx 6 steal from 7 [47 48)
thread idx 6 steal from 7 [55 56)
thread idx 2 steal from 3 [3 4)
thread idx 6 steal from 7 [63 64)
thread idx 2 steal from 3 [11 12)
thread idx 6 steal from 0 [0 1)
thread idx 2 steal from 3 [19 20)
thread idx 6 steal from 0 [8 9)
thread idx 2 steal from 3 [27 28)
thread idx 6 steal from 0 [16 17)
thread idx 6 steal from 0 [24 25)
thread idx 2 steal from 3 [35 36)
thread idx 6 steal from 0 [32 33)
thread idx 2 steal from 3 [43 44)
thread idx 6 steal from 0 [40 41)
thread idx 2 steal from 3 [51 52)
thread idx 6 steal from 0 [48 49)
thread idx 2 steal from 3 [59 60)
thread idx 5 steal from 0 [56 57)
thread idx 6 steal from 1 [1 2)
thread idx 2 steal from 4 [4 5)
thread idx 5 steal from 1 [9 10)
thread idx 6 steal from 1 [17 18)
thread idx 6 steal from 1 [25 26)
thread idx 6 steal from 1 [33 34)
thread idx 6 steal from 1 [41 42)
thread idx 5 steal from 1 [49 50)
thread idx 6 steal from 1 [57 58)
thread idx 2 steal from 4 [12 13)
thread idx 5 steal from 4 [20 21)
thread idx 6 steal from 4 [28 29)
thread idx 2 steal from 4 [36 37)
thread idx 5 steal from 4 [44 45)
thread idx 6 steal from 4 [52 53)
thread idx 1 steal from 4 [60 61)
threadid 1 done 1 task, taskid 318, remainingTaksNum 81
thread idx 319, Get A workFromWaitingQueue, taskId64, num_total_tasks 0 deped_has_not_been_done_num 64
thread idx 1 steal from 2 [2 3)
thread idx 1 steal from 2 [10 11)
thread idx 1 steal from 2 [18 19)
thread idx 1 steal from 2 [26 27)
thread idx 7 steal from 0 [0 1)
thread idx 1 steal from 2 [34 35)
thread idx 7 steal from 0 [8 9)
thread idx 1 steal from 2 [42 43)
thread idx 7 steal from 0 [16 17)
thread idx 1 steal from 2 [50 51)
thread idx 7 steal from 0 [24 25)
thread idx 1 steal from 2 [58 59)
thread idx 7 steal from 0 [32 33)
thread idx 2 steal from 3 [3 4)
thread idx 1 steal from 3 [11 12)
thread idx 1 steal from 3 [19 20)
thread idx 2 steal from 3 [27 28)
thread idx 2 steal from 3 [43 44)
thread idx 2 steal from 3 [51 52)
thread idx 1 steal from 3 [35 36)
thread idx 2 steal from 3 [59 60)
thread idx 2 steal from 4 [4 5)
thread idx 2 steal from 4 [12 13)
thread idx 1 steal from 4 [20 21)
thread idx 2 steal from 4 [28 29)
thread idx 0 steal from 4 [52 53)
thread idx 2 steal from 4 [60 61)
thread idx 7 steal from 0 [40 41)
thread idx 3 steal from 4 [36 37)
thread idx 5 steal from 6 [6 7)
thread idx 5 steal from 6 [14 15)
thread idx 5 steal from 6 [22 23)
thread idx 0 steal from 6 [30 31)
thread idx 1 steal from 4 [44 45)
thread idx 1 steal from 6 [54 55)
thread idx 4 steal from 5 [5 6)
thread idx 2 steal from 5 [13 14)
thread idx 5 steal from 6 [38 39)
threadid 5 done 1 task, taskid 319, remainingTaksNum 80
thread idx 320, Get A workFromWaitingQueue, taskId64, num_total_tasks 0 deped_has_not_been_done_num 64
thread idx 4 steal from 5 [5 6)
thread idx 4 steal from 5 [13 14)
thread idx 4 steal from 5 [21 22)
thread idx 4 steal from 5 [29 30)
thread idx 4 steal from 5 [37 38)
thread idx 4 steal from 5 [45 46)
thread idx 4 steal from 5 [53 54)
thread idx 4 steal from 5 [61 62)
thread idx 4 steal from 6 [6 7)
thread idx 4 steal from 6 [14 15)
thread idx 4 steal from 6 [22 23)
thread idx 4 steal from 6 [30 31)
thread idx 0 steal from 1 [1 2)
thread idx 4 steal from 6 [38 39)
thread idx 0 steal from 1 [9 10)
thread idx 4 steal from 6 [54 55)
thread idx 5 steal from 6 [46 47)
thread idx 0 steal from 1 [17 18)
thread idx 4 steal from 6 [62 63)
thread idx 5 steal from 7 [7 8)
thread idx 4 steal from 7 [15 16)
thread idx 4 steal from 7 [23 24)
thread idx 4 steal from 7 [31 32)
thread idx 4 steal from 7 [39 40)
thread idx 4 steal from 7 [47 48)
thread idx 5 steal from 7 [55 56)
thread idx 4 steal from 7 [63 64)
thread idx 5 steal from 1 [33 34)
thread idx 4 steal from 1 [41 42)
thread idx 5 steal from 1 [49 50)
thread idx 4 steal from 1 [57 58)
thread idx 5 steal from 3 [27 28)
thread idx 2 steal from 3 [19 20)
thread idx 0 steal from 1 [25 26)
thread idx 4 steal from 3 [43 44)
threadid 4 done 1 task, taskid 320, remainingTaksNum 79
thread idx 321, Get A workFromWaitingQueue, taskId64, num_total_tasks 0 deped_has_not_been_done_num 64
thread idx 6 steal from 7 [7 8)
thread idx 6 steal from 7 [15 16)
thread idx 6 steal from 7 [23 24)
thread idx 6 steal from 7 [31 32)
thread idx 6 steal from 7 [39 40)
thread idx 6 steal from 7 [47 48)
thread idx 6 steal from 7 [55 56)
thread idx 6 steal from 7 [63 64)
thread idx 6 steal from 0 [0 1)
thread idx 6 steal from 0 [8 9)
thread idx 6 steal from 0 [16 17)
thread idx 5 steal from 0 [24 25)
thread idx 5 steal from 0 [32 33)
thread idx 5 steal from 0 [40 41)
thread idx 5 steal from 0 [48 49)
thread idx 5 steal from 0 [56 57)
thread idx 5 steal from 2 [10 11)
thread idx 5 steal from 2 [18 19)
thread idx 5 steal from 2 [26 27)
thread idx 5 steal from 2 [34 35)
thread idx 6 steal from 2 [42 43)
thread idx 5 steal from 2 [50 51)
thread idx 6 steal from 2 [58 59)
thread idx 5 steal from 3 [3 4)
thread idx 6 steal from 3 [11 12)
thread idx 5 steal from 3 [19 20)
thread idx 6 steal from 3 [27 28)
thread idx 5 steal from 3 [35 36)
thread idx 5 steal from 3 [51 52)
thread idx 6 steal from 3 [43 44)
thread idx 2 steal from 3 [59 60)
thread idx 6 steal from 4 [12 13)
thread idx 6 steal from 4 [20 21)
thread idx 6 steal from 4 [28 29)
thread idx 6 steal from 4 [36 37)
thread idx 6 steal from 4 [44 45)
thread idx 6 steal from 4 [52 53)
thread idx 6 steal from 4 [60 61)
thread idx 1 steal from 2 [2 3)
thread idx 5 steal from 4 [4 5)
threadid 5 done 1 task, taskid 321, remainingTaksNum 78
thread idx 5 steal from 0 [0 1)
thread idx 0 steal from 1 [1 2)
thread idx 0 steal from 1 [9 10)
thread idx 0 steal from 1 [17 18)
thread idx 0 steal from 1 [25 26)
thread idx 0 steal from 1 [33 34)
thread idx 0 steal from 1 [41 42)
thread idx 0 steal from 1 [49 50)
thread idx 0 steal from 1 [57 58)
thread idx 0 steal from 2 [2 3)
thread idx 322, Get A workFromWaitingQueue, taskId64, num_total_tasks 0 deped_has_not_been_done_num 49
thread idx 0 steal from 2 [10 11)
thread idx 0 steal from 2 [18 19)
thread idx 0 steal from 2 [26 27)
thread idx 0 steal from 2 [34 35)
thread idx 0 steal from 2 [42 43)
thread idx 0 steal from 2 [50 51)
thread idx 0 steal from 2 [58 59)
thread idx 0 steal from 3 [3 4)
thread idx 0 steal from 3 [11 12)
thread idx 0 steal from 3 [19 20)
thread idx 0 steal from 3 [27 28)
thread idx 0 steal from 3 [35 36)
thread idx 4 steal from 6 [14 15)
thread idx 4 steal from 6 [22 23)
thread idx 4 steal from 6 [30 31)
thread idx 4 steal from 6 [38 39)
thread idx 0 steal from 3 [51 52)
thread idx 5 steal from 6 [6 7)
thread idx 2 steal from 3 [59 60)
thread idx 2 steal from 6 [54 55)
thread idx 2 steal from 6 [62 63)
thread idx 7 steal from 3 [43 44)
thread idx 4 steal from 6 [46 47)
threadid 4 done 1 task, taskid 322, remainingTaksNum 77
thread idx 4 steal from 0 [0 1)
thread idx 323, Get A workFromWaitingQueue, taskId64, num_total_tasks 0 deped_has_not_been_done_num 64
thread idx 5 steal from 6 [6 7)
thread idx 7 steal from 0 [8 9)
thread idx 2 steal from 3 [3 4)
thread idx 2 steal from 3 [11 12)
thread idx 2 steal from 3 [19 20)
thread idx 2 steal from 3 [27 28)
thread idx 2 steal from 3 [35 36)
thread idx 2 steal from 3 [43 44)
thread idx 2 steal from 3 [51 52)
thread idx 2 steal from 3 [59 60)
thread idx 2 steal from 4 [4 5)
thread idx 2 steal from 4 [12 13)
thread idx 2 steal from 4 [20 21)
thread idx 2 steal from 4 [28 29)
thread idx 2 steal from 4 [36 37)
thread idx 2 steal from 4 [44 45)
thread idx 2 steal from 4 [52 53)
thread idx 2 steal from 4 [60 61)
thread idx 2 steal from 6 [22 23)
thread idx 2 steal from 6 [30 31)
thread idx 2 steal from 6 [38 39)
thread idx 2 steal from 6 [46 47)
thread idx 2 steal from 6 [54 55)
thread idx 2 steal from 6 [62 63)
thread idx 2 steal from 0 [16 17)
thread idx 2 steal from 0 [24 25)
thread idx 2 steal from 0 [32 33)
thread idx 2 steal from 0 [40 41)
thread idx 7 steal from 0 [48 49)
thread idx 2 steal from 0 [56 57)
thread idx 7 steal from 1 [1 2)
thread idx 2 steal from 1 [9 10)
thread idx 7 steal from 1 [17 18)
thread idx 2 steal from 1 [25 26)
thread idx 7 steal from 1 [33 34)
thread idx 5 steal from 6 [14 15)
thread idx 4 steal from 1 [49 50)
thread idx 5 steal from 1 [57 58)
thread idx 2 steal from 1 [41 42)
threadid 2 done 1 task, taskid 323, remainingTaksNum 76
thread idx 324, Get A workFromWaitingQueue, taskId64, num_total_tasks 0 deped_has_not_been_done_num 64
thread idx 3 steal from 4 [4 5)
thread idx 3 steal from 4 [12 13)
thread idx 3 steal from 4 [20 21)
thread idx 3 steal from 4 [28 29)
thread idx 3 steal from 4 [36 37)
thread idx 3 steal from 4 [44 45)
thread idx 3 steal from 4 [52 53)
thread idx 1 steal from 2 [2 3)
thread idx 3 steal from 4 [60 61)
thread idx 1 steal from 2 [10 11)
thread idx 3 steal from 5 [5 6)
thread idx 1 steal from 2 [18 19)
thread idx 3 steal from 5 [13 14)
thread idx 1 steal from 2 [26 27)
thread idx 3 steal from 5 [21 22)
thread idx 1 steal from 2 [34 35)
thread idx 3 steal from 5 [29 30)
thread idx 1 steal from 2 [42 43)
thread idx 7 steal from 0 [0 1)
thread idx 1 steal from 2 [50 51)
thread idx 4 steal from 5 [45 46)
thread idx 1 steal from 2 [58 59)
thread idx 7 steal from 0 [48 49)
thread idx 2 steal from 5 [53 54)
thread idx 1 steal from 5 [61 62)
thread idx 2 steal from 6 [62 63)
thread idx 0 steal from 6 [54 55)
thread idx 3 steal from 5 [37 38)
threadid 3 done 1 task, taskid 324, remainingTaksNum 75
thread idx 325, Get A workFromWaitingQueue, taskId64, num_total_tasks 0 deped_has_not_been_done_num 63
thread idx 6 steal from 7 [7 8)
thread idx 6 steal from 7 [15 16)
thread idx 6 steal from 7 [23 24)
thread idx 6 steal from 7 [31 32)
thread idx 6 steal from 7 [39 40)
thread idx 6 steal from 7 [47 48)
thread idx 6 steal from 7 [55 56)
thread idx 6 steal from 7 [63 64)
thread idx 6 steal from 0 [0 1)
thread idx 6 steal from 0 [8 9)
thread idx 6 steal from 0 [16 17)
thread idx 6 steal from 0 [24 25)
thread idx 6 steal from 0 [32 33)
thread idx 6 steal from 0 [40 41)
thread idx 6 steal from 0 [48 49)
thread idx 6 steal from 0 [56 57)
thread idx 0 steal from 1 [1 2)
thread idx 0 steal from 1 [17 18)
thread idx 0 steal from 1 [25 26)
thread idx 0 steal from 1 [33 34)
thread idx 0 steal from 1 [41 42)
thread idx 0 steal from 1 [49 50)
thread idx 0 steal from 1 [57 58)
thread idx 0 steal from 2 [2 3)
thread idx 6 steal from 1 [9 10)
thread idx 0 steal from 2 [10 11)
thread idx 0 steal from 2 [18 19)
thread idx 4 steal from 5 [5 6)
thread idx 0 steal from 2 [34 35)
thread idx 5 steal from 2 [50 51)
thread idx 6 steal from 2 [26 27)
thread idx 6 steal from 2 [58 59)
thread idx 6 steal from 3 [3 4)
thread idx 6 steal from 3 [19 20)
thread idx 6 steal from 3 [43 44)
thread idx 2 steal from 3 [59 60)
thread idx 4 steal from 5 [13 14)
thread idx 1 steal from 2 [42 43)
threadid 1 done 1 task, taskid 325, remainingTaksNum 74
thread idx 5 steal from 2 [2 3)
thread idx 326, Get A workFromWaitingQueue, taskId64, num_total_tasks 0 deped_has_not_been_done_num 62
thread idx 6 steal from 7 [7 8)
thread idx 6 steal from 7 [15 16)
thread idx 1 steal from 2 [10 11)
thread idx 6 steal from 7 [23 24)
thread idx 1 steal from 2 [18 19)
thread idx 6 steal from 7 [39 40)
thread idx 5 steal from 7 [47 48)
thread idx 1 steal from 2 [26 27)
thread idx 6 steal from 7 [63 64)
thread idx 5 steal from 0 [0 1)
thread idx 7 steal from 0 [8 9)
thread idx 6 steal from 0 [16 17)
thread idx 5 steal from 0 [24 25)
thread idx 6 steal from 0 [32 33)
thread idx 5 steal from 0 [40 41)
thread idx 7 steal from 0 [48 49)
thread idx 6 steal from 2 [42 43)
thread idx 6 steal from 2 [50 51)
thread idx 7 steal from 2 [58 59)
thread idx 6 steal from 3 [3 4)
thread idx 5 steal from 0 [56 57)
thread idx 7 steal from 3 [11 12)
thread idx 5 steal from 3 [19 20)
thread idx 7 steal from 3 [27 28)
thread idx 5 steal from 3 [35 36)
thread idx 6 steal from 3 [43 44)
thread idx 7 steal from 3 [51 52)
thread idx 5 steal from 3 [59 60)
thread idx 6 steal from 4 [4 5)
thread idx 3 steal from 4 [12 13)
thread idx 7 steal from 4 [28 29)
thread idx 2 steal from 4 [36 37)
thread idx 7 steal from 4 [52 53)
thread idx 5 steal from 4 [20 21)
thread idx 6 steal from 4 [60 61)
thread idx 1 steal from 2 [34 35)
thread idx 3 steal from 4 [44 45)
threadid 3 done 1 task, taskid 326, remainingTaksNum 73
thread idx 327, Get A workFromWaitingQueue, taskId64, num_total_tasks 0 deped_has_not_been_done_num 64
thread idx 7 steal from 0 [0 1)
thread idx 7 steal from 0 [8 9)
thread idx 7 steal from 0 [16 17)
thread idx 7 steal from 0 [24 25)
thread idx 7 steal from 0 [32 33)
thread idx 7 steal from 0 [40 41)
thread idx 7 steal from 0 [48 49)
thread idx 7 steal from 0 [56 57)
thread idx 7 steal from 1 [1 2)
thread idx 4 steal from 5 [13 14)
thread idx 7 steal from 1 [9 10)
thread idx 4 steal from 5 [45 46)
thread idx 7 steal from 1 [17 18)
thread idx 4 steal from 5 [61 62)
thread idx 7 steal from 1 [25 26)
thread idx 5 steal from 6 [6 7)
thread idx 4 steal from 6 [14 15)
thread idx 5 steal from 6 [22 23)
thread idx 4 steal from 6 [30 31)
thread idx 4 steal from 6 [38 39)
thread idx 0 steal from 1 [41 42)
thread idx 5 steal from 6 [54 55)
thread idx 1 steal from 2 [18 19)
thread idx 7 steal from 1 [33 34)
thread idx 1 steal from 2 [50 51)
thread idx 2 steal from 3 [3 4)
thread idx 1 steal from 3 [11 12)
thread idx 0 steal from 3 [19 20)
thread idx 2 steal from 3 [27 28)
thread idx 7 steal from 3 [43 44)
thread idx 0 steal from 3 [51 52)
thread idx 7 steal from 3 [59 60)
thread idx 1 steal from 3 [35 36)
thread idx 4 steal from 6 [46 47)
thread idx 5 steal from 6 [62 63)
threadid 5 done 1 task, taskid 327, remainingTaksNum 72
thread idx 328, Get A workFromWaitingQueue, taskId64, num_total_tasks 0 deped_has_not_been_done_num 64
thread idx 1 steal from 2 [2 3)
thread idx 1 steal from 2 [10 11)
thread idx 1 steal from 2 [18 19)
thread idx 1 steal from 2 [26 27)
thread idx 1 steal from 2 [34 35)
thread idx 1 steal from 2 [42 43)
thread idx 1 steal from 2 [50 51)
thread idx 1 steal from 2 [58 59)
thread idx 1 steal from 3 [3 4)
thread idx 4 steal from 5 [5 6)
thread idx 1 steal from 3 [11 12)
thread idx 4 steal from 5 [13 14)
thread idx 7 steal from 0 [0 1)
thread idx 7 steal from 0 [8 9)
thread idx 7 steal from 0 [16 17)
thread idx 7 steal from 0 [24 25)
thread idx 6 steal from 0 [32 33)
thread idx 7 steal from 0 [40 41)
thread idx 6 steal from 0 [48 49)
thread idx 7 steal from 0 [56 57)
thread idx 6 steal from 3 [59 60)
thread idx 3 steal from 5 [21 22)
thread idx 6 steal from 5 [37 38)
thread idx 6 steal from 5 [45 46)
thread idx 6 steal from 5 [53 54)
thread idx 3 steal from 5 [61 62)
thread idx 7 steal from 5 [29 30)
threadid 7 done 1 task, taskid 328, remainingTaksNum 71
thread idx 329, Get A workFromWaitingQueue, taskId64, num_total_tasks 0 deped_has_not_been_done_num 64
thread idx 2 steal from 3 [3 4)
thread idx 6 steal from 7 [7 8)
thread idx 2 steal from 3 [11 12)
thread idx 6 steal from 7 [15 16)
thread idx 6 steal from 7 [23 24)
thread idx 2 steal from 3 [19 20)
thread idx 6 steal from 7 [31 32)
thread idx 2 steal from 3 [27 28)
thread idx 6 steal from 7 [39 40)
thread idx 2 steal from 3 [35 36)
thread idx 6 steal from 7 [47 48)
thread idx 2 steal from 3 [43 44)
thread idx 2 steal from 3 [51 52)
thread idx 6 steal from 7 [55 56)
thread idx 2 steal from 3 [59 60)
thread idx 2 steal from 4 [60 61)
thread idx 6 steal from 7 [63 64)
thread idx 4 steal from 5 [21 22)
thread idx 2 steal from 5 [29 30)
thread idx 6 steal from 0 [0 1)
thread idx 4 steal from 5 [53 54)
thread idx 6 steal from 0 [8 9)
thread idx 1 steal from 5 [61 62)
thread idx 4 steal from 0 [24 25)
thread idx 5 steal from 0 [32 33)
thread idx 5 steal from 0 [48 49)
thread idx 4 steal from 0 [56 57)
thread idx 6 steal from 0 [40 41)
thread idx 2 steal from 0 [16 17)
threadid 2 done 1 task, taskid 329, remainingTaksNum 70
thread idx 330, Get A workFromWaitingQueue, taskId64, num_total_tasks 0 deped_has_not_been_done_num 64
thread idx 2 steal from 3 [3 4)
thread idx 2 steal from 3 [11 12)
thread idx 2 steal from 3 [19 20)
thread idx 2 steal from 3 [27 28)
thread idx 1 steal from 3 [35 36)
thread idx 2 steal from 3 [43 44)
thread idx 1 steal from 3 [51 52)
thread idx 2 steal from 3 [59 60)
thread idx 1 steal from 4 [4 5)
thread idx 2 steal from 4 [12 13)
thread idx 1 steal from 4 [20 21)
thread idx 2 steal from 4 [28 29)
thread idx 2 steal from 4 [36 37)
thread idx 1 steal from 4 [44 45)
thread idx 2 steal from 4 [52 53)
thread idx 1 steal from 4 [60 61)
thread idx 2 steal from 5 [5 6)
thread idx 1 steal from 5 [13 14)
thread idx 2 steal from 5 [21 22)
thread idx 1 steal from 5 [29 30)
thread idx 2 steal from 5 [37 38)
thread idx 1 steal from 5 [45 46)
thread idx 2 steal from 5 [53 54)
thread idx 1 steal from 5 [61 62)
thread idx 2 steal from 6 [6 7)
thread idx 1 steal from 6 [14 15)
thread idx 2 steal from 6 [22 23)
thread idx 1 steal from 6 [30 31)
thread idx 3 steal from 6 [38 39)
thread idx 1 steal from 6 [54 55)
thread idx 1 steal from 6 [62 63)
thread idx 1 steal from 7 [7 8)
thread idx 3 steal from 7 [15 16)
thread idx 1 steal from 7 [23 24)
thread idx 0 steal from 7 [31 32)
thread idx 2 steal from 6 [46 47)
thread idx 2 steal from 7 [55 56)
thread idx 2 steal from 7 [63 64)
thread idx 3 steal from 7 [47 48)
thread idx 6 steal from 7 [39 40)
threadid 6 done 1 task, taskid 330, remainingTaksNum 69
thread idx 1 steal from 0 [0 1)
thread idx 331, Get A workFromWaitingQueue, taskId64, num_total_tasks 0 deped_has_not_been_done_num 64
thread idx 6 steal from 7 [7 8)
thread idx 6 steal from 7 [15 16)
thread idx 6 steal from 7 [23 24)
thread idx 6 steal from 7 [31 32)
thread idx 2 steal from 3 [3 4)
thread idx 6 steal from 7 [39 40)
thread idx 2 steal from 3 [11 12)
thread idx 2 steal from 3 [19 20)
thread idx 6 steal from 7 [47 48)
thread idx 2 steal from 3 [27 28)
thread idx 6 steal from 7 [55 56)
thread idx 2 steal from 3 [35 36)
thread idx 6 steal from 7 [63 64)
thread idx 2 steal from 3 [43 44)
thread idx 6 steal from 0 [8 9)
thread idx 2 steal from 3 [51 52)
thread idx 6 steal from 0 [16 17)
thread idx 2 steal from 3 [59 60)
thread idx 6 steal from 0 [24 25)
thread idx 2 steal from 4 [4 5)
thread idx 1 steal from 4 [12 13)
thread idx 1 steal from 4 [20 21)
thread idx 1 steal from 4 [28 29)
thread idx 1 steal from 4 [36 37)
thread idx 2 steal from 4 [44 45)
thread idx 1 steal from 4 [52 53)
thread idx 2 steal from 4 [60 61)
thread idx 6 steal from 0 [32 33)
thread idx 1 steal from 5 [5 6)
thread idx 2 steal from 5 [13 14)
thread idx 6 steal from 0 [40 41)
thread idx 1 steal from 5 [21 22)
thread idx 2 steal from 5 [29 30)
thread idx 1 steal from 5 [37 38)
thread idx 2 steal from 5 [45 46)
thread idx 1 steal from 5 [53 54)
thread idx 7 steal from 0 [56 57)
thread idx 2 steal from 0 [48 49)
thread idx 3 steal from 5 [61 62)
threadid 3 done 1 task, taskid 331, remainingTaksNum 68
thread idx 3 steal from 0 [0 1)
thread idx 332, Get A workFromWaitingQueue, taskId64, num_total_tasks 0 deped_has_not_been_done_num 64
thread idx 6 steal from 7 [7 8)
thread idx 6 steal from 7 [15 16)
thread idx 1 steal from 2 [2 3)
thread idx 6 steal from 7 [23 24)
thread idx 1 steal from 2 [10 11)
thread idx 6 steal from 7 [31 32)
thread idx 1 steal from 2 [18 19)
thread idx 1 steal from 2 [26 27)
thread idx 6 steal from 7 [39 40)
thread idx 1 steal from 2 [34 35)
thread idx 0 steal from 2 [42 43)
thread idx 6 steal from 7 [47 48)
thread idx 0 steal from 2 [58 59)
thread idx 0 steal from 3 [51 52)
thread idx 0 steal from 3 [59 60)
thread idx 0 steal from 4 [12 13)
thread idx 6 steal from 7 [55 56)
thread idx 0 steal from 4 [28 29)
thread idx 6 steal from 7 [63 64)
thread idx 3 steal from 4 [44 45)
thread idx 0 steal from 4 [60 61)
thread idx 1 steal from 2 [50 51)
threadid 1 done 1 task, taskid 332, remainingTaksNum 67
thread idx 333, Get A workFromWaitingQueue, taskId64, num_total_tasks 0 deped_has_not_been_done_num 64
thread idx 2 steal from 3 [3 4)
thread idx 2 steal from 3 [11 12)
thread idx 0 steal from 1 [1 2)
thread idx 2 steal from 3 [19 20)
thread idx 0 steal from 1 [9 10)
thread idx 2 steal from 3 [27 28)
thread idx 0 steal from 1 [17 18)
thread idx 2 steal from 3 [35 36)
thread idx 0 steal from 1 [25 26)
thread idx 2 steal from 3 [43 44)
thread idx 0 steal from 1 [33 34)
thread idx 2 steal from 3 [51 52)
thread idx 0 steal from 1 [41 42)
thread idx 2 steal from 3 [59 60)
thread idx 0 steal from 1 [49 50)
thread idx 2 steal from 4 [4 5)
thread idx 0 steal from 1 [57 58)
thread idx 2 steal from 4 [12 13)
thread idx 0 steal from 4 [20 21)
thread idx 6 steal from 7 [7 8)
thread idx 6 steal from 7 [15 16)
thread idx 6 steal from 7 [23 24)
thread idx 6 steal from 7 [31 32)
thread idx 0 steal from 4 [36 37)
thread idx 6 steal from 7 [39 40)
thread idx 0 steal from 4 [44 45)
thread idx 2 steal from 4 [28 29)
thread idx 0 steal from 4 [52 53)
thread idx 3 steal from 4 [60 61)
thread idx 2 steal from 5 [13 14)
thread idx 2 steal from 5 [21 22)
thread idx 6 steal from 7 [47 48)
thread idx 2 steal from 5 [29 30)
thread idx 7 steal from 5 [37 38)
thread idx 6 steal from 5 [45 46)
thread idx 7 steal from 5 [61 62)
thread idx 2 steal from 5 [53 54)
thread idx 0 steal from 5 [5 6)
threadid 0 done 1 task, taskid 333, remainingTaksNum 66
thread idx 334, Get A workFromWaitingQueue, taskId64, num_total_tasks 0 deped_has_not_been_done_num 64
thread idx 6 steal from 7 [7 8)
thread idx 6 steal from 7 [15 16)
thread idx 6 steal from 7 [23 24)
thread idx 6 steal from 7 [31 32)
thread idx 6 steal from 7 [39 40)
thread idx 4 steal from 5 [5 6)
thread idx 6 steal from 7 [47 48)
thread idx 4 steal from 5 [13 14)
thread idx 6 steal from 7 [55 56)
thread idx 4 steal from 5 [21 22)
thread idx 6 steal from 7 [63 64)
thread idx 2 steal from 3 [3 4)
thread idx 4 steal from 5 [29 30)
thread idx 6 steal from 0 [0 1)
thread idx 2 steal from 3 [11 12)
thread idx 4 steal from 5 [37 38)
thread idx 6 steal from 0 [16 17)
thread idx 2 steal from 3 [19 20)
thread idx 4 steal from 5 [45 46)
thread idx 6 steal from 0 [40 41)
thread idx 4 steal from 5 [53 54)
thread idx 0 steal from 1 [1 2)
thread idx 4 steal from 5 [61 62)
thread idx 0 steal from 1 [9 10)
thread idx 4 steal from 1 [17 18)
thread idx 6 steal from 1 [25 26)
thread idx 0 steal from 1 [33 34)
thread idx 4 steal from 1 [41 42)
thread idx 6 steal from 1 [49 50)
thread idx 4 steal from 1 [57 58)
thread idx 2 steal from 3 [27 28)
threadid 2 done 1 task, taskid 334, remainingTaksNum 65
thread idx 335, Get A workFromWaitingQueue, taskId64, num_total_tasks 0 deped_has_not_been_done_num 64
thread idx 5 steal from 6 [6 7)
thread idx 5 steal from 6 [14 15)
thread idx 5 steal from 6 [22 23)
thread idx 5 steal from 6 [30 31)
thread idx 3 steal from 4 [4 5)
thread idx 3 steal from 4 [12 13)
thread idx 5 steal from 6 [38 39)
thread idx 6 steal from 1 [17 18)
thread idx 6 steal from 1 [25 26)
thread idx 6 steal from 1 [33 34)
thread idx 6 steal from 1 [41 42)
thread idx 6 steal from 1 [49 50)
thread idx 6 steal from 1 [57 58)
thread idx 6 steal from 2 [26 27)
thread idx 6 steal from 2 [42 43)
thread idx 6 steal from 2 [58 59)
thread idx 0 steal from 1 [1 2)
thread idx 3 steal from 4 [20 21)
thread idx 7 steal from 1 [9 10)
thread idx 4 steal from 6 [46 47)
threadid 4 done 1 task, taskid 335, remainingTaksNum 64
thread idx 4 steal from 0 [0 1)
thread idx 6 steal from 1 [1 2)
thread idx 336, Get A workFromWaitingQueue, taskId64, num_total_tasks 0 deped_has_not_been_done_num 59
thread idx 6 steal from 7 [7 8)
thread idx 6 steal from 7 [23 24)
thread idx 6 steal from 7 [31 32)
thread idx 6 steal from 7 [55 56)
thread idx 7 steal from 0 [8 9)
thread idx 2 steal from 3 [3 4)
thread idx 2 steal from 3 [11 12)
thread idx 2 steal from 3 [19 20)
thread idx 2 steal from 3 [27 28)
thread idx 5 steal from 0 [24 25)
thread idx 4 steal from 0 [40 41)
thread idx 5 steal from 0 [56 57)
thread idx 0 steal from 1 [9 10)
thread idx 5 steal from 1 [25 26)
thread idx 2 steal from 3 [35 36)
thread idx 5 steal from 1 [33 34)
thread idx 2 steal from 3 [43 44)
thread idx 5 steal from 1 [41 42)
thread idx 2 steal from 3 [51 52)
thread idx 5 steal from 1 [49 50)
thread idx 5 steal from 1 [57 58)
thread idx 2 steal from 3 [59 60)
thread idx 4 steal from 1 [17 18)
thread idx 6 steal from 0 [16 17)
threadid 6 done 1 task, taskid 336, remainingTaksNum 63
thread idx 5 steal from 0 [0 1)
thread idx 337, Get A workFromWaitingQueue, taskId64, num_total_tasks 0 deped_has_not_been_done_num 64
thread idx 0 steal from 1 [1 2)
thread idx 0 steal from 1 [9 10)
thread idx 0 steal from 1 [17 18)
thread idx 0 steal from 1 [25 26)
thread idx 0 steal from 1 [33 34)
thread idx 0 steal from 1 [41 42)
thread idx 0 steal from 1 [49 50)
thread idx 5 steal from 6 [6 7)
thread idx 0 steal from 1 [57 58)
thread idx 5 steal from 6 [14 15)
thread idx 0 steal from 2 [2 3)
thread idx 5 steal from 6 [22 23)
thread idx 0 steal from 2 [10 11)
thread idx 5 steal from 6 [30 31)
thread idx 5 steal from 6 [38 39)
thread idx 0 steal from 2 [18 19)
thread idx 5 steal from 6 [46 47)
thread idx 7 steal from 2 [26 27)
thread idx 5 steal from 6 [54 55)
thread idx 5 steal from 6 [62 63)
thread idx 5 steal from 2 [42 43)
thread idx 5 steal from 2 [50 51)
thread idx 5 steal from 2 [58 59)
thread idx 5 steal from 3 [3 4)
thread idx 7 steal from 3 [11 12)
thread idx 5 steal from 3 [19 20)
thread idx 0 steal from 2 [34 35)
thread idx 7 steal from 3 [27 28)
thread idx 5 steal from 3 [35 36)
thread idx 0 steal from 3 [43 44)
thread idx 7 steal from 3 [51 52)
thread idx 5 steal from 3 [59 60)
thread idx 0 steal from 4 [4 5)
thread idx 7 steal from 4 [12 13)
thread idx 5 steal from 4 [20 21)
thread idx 2 steal from 4 [28 29)
thread idx 0 steal from 4 [36 37)
thread idx 5 steal from 4 [52 53)
thread idx 0 steal from 4 [60 61)
thread idx 7 steal from 4 [44 45)
threadid 7 done 1 task, taskid 337, remainingTaksNum 62
thread idx 3 steal from 4 [4 5)
thread idx 3 steal from 4 [12 13)
thread idx 3 steal from 4 [20 21)
thread idx 3 steal from 4 [28 29)
thread idx 338, Get A workFromWaitingQueue, taskId64, num_total_tasks 0 deped_has_not_been_done_num 53
thread idx 3 steal from 4 [36 37)
thread idx 3 steal from 4 [44 45)
thread idx 3 steal from 4 [52 53)
thread idx 3 steal from 4 [60 61)
thread idx 3 steal from 5 [13 14)
thread idx 3 steal from 5 [21 22)
thread idx 3 steal from 5 [29 30)
thread idx 3 steal from 5 [37 38)
thread idx 3 steal from 5 [45 46)
thread idx 3 steal from 5 [53 54)
thread idx 3 steal from 5 [61 62)
thread idx 7 steal from 0 [0 1)
thread idx 3 steal from 6 [14 15)
thread idx 7 steal from 0 [8 9)
thread idx 3 steal from 6 [22 23)
thread idx 7 steal from 0 [16 17)
thread idx 3 steal from 6 [30 31)
thread idx 3 steal from 6 [38 39)
thread idx 3 steal from 6 [46 47)
thread idx 3 steal from 6 [54 55)
thread idx 3 steal from 6 [62 63)
thread idx 3 steal from 0 [24 25)
thread idx 3 steal from 0 [32 33)
thread idx 3 steal from 0 [40 41)
thread idx 5 steal from 2 [10 11)
thread idx 5 steal from 2 [18 19)
thread idx 5 steal from 2 [26 27)
thread idx 5 steal from 2 [34 35)
thread idx 5 steal from 2 [42 43)
thread idx 5 steal from 2 [50 51)
thread idx 5 steal from 2 [58 59)
thread idx 6 steal from 0 [48 49)
thread idx 7 steal from 0 [56 57)
thread idx 1 steal from 2 [2 3)
threadid 1 done 1 task, taskid 338, remainingTaksNum 61
thread idx 339, Get A workFromWaitingQueue, taskId64, num_total_tasks 0 deped_has_not_been_done_num 64
thread idx 1 steal from 2 [2 3)
thread idx 1 steal from 2 [10 11)
thread idx 3 steal from 4 [4 5)
thread idx 3 steal from 4 [12 13)
thread idx 3 steal from 4 [20 21)
thread idx 3 steal from 4 [28 29)
thread idx 3 steal from 4 [36 37)
thread idx 3 steal from 4 [44 45)
thread idx 3 steal from 4 [52 53)
thread idx 3 steal from 4 [60 61)
thread idx 3 steal from 5 [5 6)
thread idx 3 steal from 5 [13 14)
thread idx 3 steal from 5 [21 22)
thread idx 1 steal from 2 [18 19)
thread idx 3 steal from 5 [29 30)
thread idx 1 steal from 2 [26 27)
thread idx 3 steal from 5 [37 38)
thread idx 1 steal from 2 [34 35)
thread idx 3 steal from 5 [45 46)
thread idx 1 steal from 2 [42 43)
thread idx 3 steal from 5 [53 54)
thread idx 1 steal from 2 [50 51)
thread idx 3 steal from 5 [61 62)
thread idx 1 steal from 2 [58 59)
thread idx 1 steal from 6 [6 7)
thread idx 1 steal from 6 [14 15)
thread idx 1 steal from 6 [22 23)
thread idx 1 steal from 6 [30 31)
thread idx 1 steal from 6 [38 39)
thread idx 2 steal from 6 [46 47)
thread idx 2 steal from 6 [62 63)
thread idx 2 steal from 7 [7 8)
thread idx 4 steal from 7 [15 16)
thread idx 2 steal from 7 [23 24)
thread idx 4 steal from 7 [31 32)
thread idx 1 steal from 6 [54 55)
thread idx 4 steal from 7 [47 48)
thread idx 4 steal from 7 [55 56)
thread idx 4 steal from 7 [63 64)
thread idx 1 steal from 0 [0 1)
thread idx 4 steal from 0 [8 9)
thread idx 1 steal from 0 [16 17)
thread idx 4 steal from 0 [24 25)
thread idx 1 steal from 0 [32 33)
thread idx 4 steal from 0 [40 41)
thread idx 1 steal from 0 [48 49)
thread idx 4 steal from 0 [56 57)
thread idx 2 steal from 7 [39 40)
threadid 3 done 1 task, taskid 339, remainingTaksNum 60
thread idx 340, Get A workFromWaitingQueue, taskId64, num_total_tasks 0 deped_has_not_been_done_num 64
thread idx 3 steal from 4 [20 21)
thread idx 0 steal from 1 [1 2)
thread idx 3 steal from 4 [52 53)
thread idx 4 steal from 5 [5 6)
thread idx 3 steal from 5 [13 14)
thread idx 3 steal from 5 [21 22)
thread idx 3 steal from 5 [29 30)
thread idx 3 steal from 5 [37 38)
thread idx 4 steal from 5 [45 46)
thread idx 3 steal from 5 [53 54)
thread idx 4 steal from 5 [61 62)
thread idx 3 steal from 6 [6 7)
thread idx 3 steal from 6 [14 15)
thread idx 3 steal from 6 [22 23)
thread idx 4 steal from 6 [30 31)
thread idx 3 steal from 6 [38 39)
thread idx 4 steal from 6 [46 47)
thread idx 3 steal from 6 [54 55)
thread idx 4 steal from 6 [62 63)
thread idx 3 steal from 7 [7 8)
thread idx 4 steal from 7 [15 16)
thread idx 3 steal from 7 [23 24)
thread idx 4 steal from 7 [31 32)
thread idx 0 steal from 1 [9 10)
thread idx 4 steal from 7 [47 48)
thread idx 4 steal from 7 [55 56)
thread idx 4 steal from 7 [63 64)
thread idx 4 steal from 1 [17 18)
thread idx 4 steal from 1 [25 26)
thread idx 4 steal from 1 [33 34)
thread idx 4 steal from 1 [41 42)
thread idx 4 steal from 1 [49 50)
thread idx 0 steal from 1 [57 58)
thread idx 4 steal from 2 [2 3)
thread idx 0 steal from 2 [10 11)
thread idx 7 steal from 2 [18 19)
thread idx 0 steal from 2 [34 35)
thread idx 3 steal from 7 [39 40)
thread idx 0 steal from 2 [42 43)
thread idx 0 steal from 2 [50 51)
thread idx 3 steal from 2 [58 59)
thread idx 4 steal from 2 [26 27)
threadid 4 done 1 task, taskid 340, remainingTaksNum 59
thread idx 341, Get A workFromWaitingQueue, taskId64, num_total_tasks 0 deped_has_not_been_done_num 64
thread idx 0 steal from 1 [1 2)
thread idx 0 steal from 1 [9 10)
thread idx 0 steal from 1 [17 18)
thread idx 0 steal from 1 [25 26)
thread idx 0 steal from 1 [33 34)
thread idx 0 steal from 1 [41 42)
thread idx 0 steal from 1 [49 50)
thread idx 6 steal from 7 [7 8)
thread idx 6 steal from 7 [15 16)
thread idx 6 steal from 7 [23 24)
thread idx 6 steal from 7 [31 32)
thread idx 6 steal from 7 [39 40)
thread idx 6 steal from 7 [47 48)
thread idx 6 steal from 7 [55 56)
thread idx 6 steal from 7 [63 64)
thread idx 6 steal from 2 [10 11)
thread idx 0 steal from 2 [18 19)
thread idx 6 steal from 2 [26 27)
thread idx 6 steal from 2 [34 35)
thread idx 0 steal from 2 [42 43)
thread idx 5 steal from 2 [50 51)
thread idx 0 steal from 3 [11 12)
thread idx 6 steal from 3 [3 4)
thread idx 0 steal from 3 [19 20)
thread idx 0 steal from 3 [27 28)
thread idx 6 steal from 3 [35 36)
thread idx 0 steal from 3 [43 44)
thread idx 5 steal from 3 [51 52)
thread idx 4 steal from 5 [5 6)
thread idx 7 steal from 2 [58 59)
thread idx 6 steal from 3 [59 60)
thread idx 1 steal from 2 [2 3)
threadid 1 done 1 task, taskid 341, remainingTaksNum 58
thread idx 342, Get A workFromWaitingQueue, taskId64, num_total_tasks 0 deped_has_not_been_done_num 64
thread idx 1 steal from 2 [2 3)
thread idx 1 steal from 2 [10 11)
thread idx 1 steal from 2 [18 19)
thread idx 1 steal from 2 [26 27)
thread idx 1 steal from 2 [34 35)
thread idx 1 steal from 2 [42 43)
thread idx 1 steal from 2 [50 51)
thread idx 1 steal from 2 [58 59)
thread idx 1 steal from 3 [3 4)
thread idx 1 steal from 3 [11 12)
thread idx 1 steal from 3 [19 20)
thread idx 1 steal from 3 [27 28)
thread idx 1 steal from 3 [35 36)
thread idx 1 steal from 3 [43 44)
thread idx 1 steal from 3 [51 52)
thread idx 1 steal from 3 [59 60)
thread idx 1 steal from 4 [4 5)
thread idx 1 steal from 4 [12 13)
thread idx 1 steal from 4 [20 21)
thread idx 1 steal from 4 [28 29)
thread idx 1 steal from 4 [36 37)
thread idx 1 steal from 4 [44 45)
thread idx 5 steal from 6 [6 7)
thread idx 1 steal from 4 [52 53)
thread idx 5 steal from 6 [14 15)
thread idx 1 steal from 4 [60 61)
thread idx 5 steal from 6 [22 23)
thread idx 1 steal from 6 [30 31)
thread idx 5 steal from 6 [38 39)
thread idx 1 steal from 6 [46 47)
thread idx 5 steal from 6 [54 55)
thread idx 5 steal from 6 [62 63)
thread idx 1 steal from 7 [7 8)
thread idx 5 steal from 7 [15 16)
thread idx 1 steal from 7 [23 24)
thread idx 5 steal from 7 [31 32)
thread idx 1 steal from 7 [39 40)
thread idx 5 steal from 7 [47 48)
thread idx 1 steal from 7 [55 56)
thread idx 5 steal from 7 [63 64)
thread idx 1 steal from 0 [0 1)
thread idx 5 steal from 0 [8 9)
thread idx 1 steal from 0 [16 17)
thread idx 5 steal from 0 [24 25)
thread idx 1 steal from 0 [32 33)
thread idx 5 steal from 0 [40 41)
thread idx 5 steal from 0 [48 49)
thread idx 1 steal from 0 [56 57)
threadid 1 done 1 task, taskid 342, remainingTaksNum 57
thread idx 343, Get A workFromWaitingQueue, taskId64, num_total_tasks 0 deped_has_not_been_done_num 64
thread idx 3 steal from 4 [4 5)
thread idx 3 steal from 4 [12 13)
thread idx 3 steal from 4 [20 21)
thread idx 3 steal from 4 [28 29)
thread idx 3 steal from 4 [36 37)
thread idx 3 steal from 4 [44 45)
thread idx 3 steal from 4 [52 53)
thread idx 3 steal from 4 [60 61)
thread idx 3 steal from 5 [5 6)
thread idx 3 steal from 5 [13 14)
thread idx 3 steal from 5 [21 22)
thread idx 3 steal from 5 [29 30)
thread idx 3 steal from 5 [37 38)
thread idx 3 steal from 5 [45 46)
thread idx 3 steal from 5 [53 54)
thread idx 3 steal from 5 [61 62)
thread idx 3 steal from 6 [6 7)
thread idx 3 steal from 6 [14 15)
thread idx 3 steal from 6 [22 23)
thread idx 3 steal from 6 [30 31)
thread idx 3 steal from 6 [38 39)
thread idx 3 steal from 6 [46 47)
thread idx 3 steal from 6 [54 55)
thread idx 3 steal from 6 [62 63)
thread idx 3 steal from 7 [7 8)
thread idx 3 steal from 7 [15 16)
thread idx 3 steal from 7 [23 24)
thread idx 3 steal from 7 [31 32)
thread idx 3 steal from 7 [39 40)
thread idx 3 steal from 7 [47 48)
thread idx 3 steal from 7 [55 56)
thread idx 3 steal from 7 [63 64)
thread idx 3 steal from 0 [0 1)
thread idx 3 steal from 0 [8 9)
thread idx 3 steal from 0 [16 17)
thread idx 3 steal from 0 [24 25)
thread idx 3 steal from 0 [32 33)
thread idx 3 steal from 0 [40 41)
thread idx 2 steal from 0 [48 49)
thread idx 5 steal from 1 [1 2)
thread idx 5 steal from 1 [9 10)
thread idx 5 steal from 1 [17 18)
thread idx 5 steal from 1 [25 26)
thread idx 5 steal from 1 [33 34)
thread idx 5 steal from 1 [41 42)
thread idx 5 steal from 1 [49 50)
thread idx 5 steal from 1 [57 58)
thread idx 3 steal from 0 [56 57)
threadid 3 done 1 task, taskid 343, remainingTaksNum 56
thread idx 3 steal from 0 [0 1)
thread idx 344, Get A workFromWaitingQueue, taskId64, num_total_tasks 0 deped_has_not_been_done_num 64
thread idx 5 steal from 6 [6 7)
thread idx 5 steal from 6 [14 15)
thread idx 5 steal from 6 [22 23)
thread idx 3 steal from 4 [4 5)
thread idx 5 steal from 6 [30 31)
thread idx 5 steal from 6 [38 39)
thread idx 3 steal from 4 [20 21)
thread idx 2 steal from 4 [12 13)
thread idx 2 steal from 4 [28 29)
thread idx 2 steal from 4 [36 37)
thread idx 3 steal from 4 [44 45)
thread idx 2 steal from 4 [52 53)
thread idx 3 steal from 4 [60 61)
thread idx 2 steal from 6 [54 55)
thread idx 3 steal from 6 [62 63)
thread idx 5 steal from 6 [46 47)
thread idx 2 steal from 7 [7 8)
thread idx 3 steal from 7 [15 16)
thread idx 5 steal from 7 [23 24)
thread idx 2 steal from 7 [31 32)
thread idx 3 steal from 7 [39 40)
thread idx 2 steal from 7 [47 48)
thread idx 5 steal from 7 [55 56)
thread idx 3 steal from 7 [63 64)
thread idx 2 steal from 0 [8 9)
thread idx 5 steal from 0 [16 17)
thread idx 3 steal from 0 [24 25)
thread idx 2 steal from 0 [32 33)
thread idx 5 steal from 0 [40 41)
thread idx 3 steal from 0 [48 49)
thread idx 2 steal from 0 [56 57)
thread idx 3 steal from 1 [1 2)
thread idx 5 steal from 1 [9 10)
thread idx 2 steal from 1 [17 18)
thread idx 3 steal from 1 [25 26)
thread idx 2 steal from 1 [33 34)
thread idx 5 steal from 1 [41 42)
thread idx 3 steal from 1 [49 50)
thread idx 2 steal from 1 [57 58)
threadid 2 done 1 task, taskid 344, remainingTaksNum 55
thread idx 345, Get A workFromWaitingQueue, taskId64, num_total_tasks 0 deped_has_not_been_done_num 64
thread idx 5 steal from 6 [6 7)
thread idx 5 steal from 6 [14 15)
thread idx 5 steal from 6 [22 23)
thread idx 5 steal from 6 [30 31)
thread idx 5 steal from 6 [38 39)
thread idx 5 steal from 6 [46 47)
thread idx 5 steal from 6 [54 55)
thread idx 5 steal from 6 [62 63)
thread idx 5 steal from 7 [7 8)
thread idx 5 steal from 7 [15 16)
thread idx 5 steal from 7 [23 24)
thread idx 5 steal from 7 [31 32)
thread idx 5 steal from 7 [39 40)
thread idx 5 steal from 7 [47 48)
thread idx 5 steal from 7 [55 56)
thread idx 5 steal from 7 [63 64)
thread idx 5 steal from 0 [0 1)
thread idx 5 steal from 0 [8 9)
thread idx 5 steal from 0 [16 17)
thread idx 5 steal from 0 [24 25)
thread idx 5 steal from 0 [32 33)
thread idx 5 steal from 0 [40 41)
thread idx 5 steal from 0 [48 49)
thread idx 5 steal from 0 [56 57)
thread idx 5 steal from 1 [1 2)
thread idx 5 steal from 1 [9 10)
thread idx 5 steal from 1 [17 18)
thread idx 5 steal from 1 [25 26)
thread idx 6 steal from 1 [33 34)
thread idx 6 steal from 1 [49 50)
thread idx 6 steal from 1 [57 58)
thread idx 6 steal from 2 [2 3)
thread idx 6 steal from 2 [10 11)
thread idx 6 steal from 2 [18 19)
thread idx 6 steal from 2 [26 27)
thread idx 6 steal from 2 [34 35)
thread idx 6 steal from 2 [42 43)
thread idx 6 steal from 2 [50 51)
thread idx 5 steal from 1 [41 42)
thread idx 6 steal from 2 [58 59)
thread idx 5 steal from 3 [3 4)
thread idx 6 steal from 3 [11 12)
thread idx 5 steal from 3 [19 20)
thread idx 6 steal from 3 [27 28)
thread idx 6 steal from 3 [35 36)
thread idx 5 steal from 3 [43 44)
thread idx 6 steal from 3 [51 52)
thread idx 5 steal from 3 [59 60)
thread idx 6 steal from 4 [60 61)
threadid 6 done 1 task, taskid 345, remainingTaksNum 54
thread idx 346, Get A workFromWaitingQueue, taskId64, num_total_tasks 0 deped_has_not_been_done_num 64
thread idx 3 steal from 4 [4 5)
thread idx 3 steal from 4 [12 13)
thread idx 3 steal from 4 [20 21)
thread idx 3 steal from 4 [28 29)
thread idx 3 steal from 4 [36 37)
thread idx 3 steal from 4 [44 45)
thread idx 3 steal from 4 [52 53)
thread idx 3 steal from 4 [60 61)
thread idx 3 steal from 5 [13 14)
thread idx 3 steal from 5 [29 30)
thread idx 0 steal from 1 [1 2)
thread idx 3 steal from 6 [14 15)
thread idx 0 steal from 1 [9 10)
thread idx 3 steal from 6 [22 23)
thread idx 0 steal from 1 [17 18)
thread idx 3 steal from 6 [30 31)
thread idx 7 steal from 1 [25 26)
thread idx 0 steal from 1 [33 34)
thread idx 0 steal from 1 [41 42)
thread idx 4 steal from 6 [46 47)
thread idx 0 steal from 1 [57 58)
thread idx 5 steal from 6 [6 7)
thread idx 0 steal from 2 [2 3)
thread idx 3 steal from 6 [38 39)
thread idx 4 steal from 6 [62 63)
thread idx 0 steal from 2 [10 11)
thread idx 3 steal from 2 [18 19)
thread idx 0 steal from 2 [26 27)
thread idx 4 steal from 2 [34 35)
thread idx 0 steal from 2 [42 43)
thread idx 3 steal from 2 [50 51)
thread idx 4 steal from 2 [58 59)
thread idx 5 steal from 6 [54 55)
thread idx 7 steal from 1 [49 50)
threadid 7 done 1 task, taskid 346, remainingTaksNum 53
thread idx 5 steal from 6 [6 7)
thread idx 347, Get A workFromWaitingQueue, taskId64, num_total_tasks 0 deped_has_not_been_done_num 56
thread idx 5 steal from 6 [14 15)
thread idx 5 steal from 6 [22 23)
thread idx 5 steal from 6 [30 31)
thread idx 5 steal from 6 [38 39)
thread idx 3 steal from 4 [4 5)
thread idx 3 steal from 4 [12 13)
thread idx 3 steal from 4 [20 21)
thread idx 3 steal from 4 [28 29)
thread idx 3 steal from 4 [36 37)
thread idx 3 steal from 4 [44 45)
thread idx 3 steal from 4 [52 53)
thread idx 3 steal from 4 [60 61)
thread idx 7 steal from 0 [8 9)
thread idx 3 steal from 6 [46 47)
thread idx 7 steal from 0 [16 17)
thread idx 7 steal from 0 [24 25)
thread idx 3 steal from 6 [54 55)
thread idx 7 steal from 0 [32 33)
thread idx 3 steal from 6 [62 63)
thread idx 7 steal from 0 [48 49)
thread idx 3 steal from 1 [1 2)
thread idx 7 steal from 1 [9 10)
thread idx 0 steal from 1 [17 18)
thread idx 0 steal from 1 [33 34)
thread idx 0 steal from 1 [57 58)
thread idx 1 steal from 2 [2 3)
thread idx 0 steal from 2 [10 11)
thread idx 5 steal from 2 [18 19)
thread idx 1 steal from 2 [26 27)
thread idx 1 steal from 2 [42 43)
thread idx 1 steal from 2 [50 51)
thread idx 1 steal from 2 [58 59)
thread idx 3 steal from 1 [25 26)
thread idx 0 steal from 2 [34 35)
threadid 0 done 1 task, taskid 347, remainingTaksNum 52
thread idx 348, Get A workFromWaitingQueue, taskId64, num_total_tasks 0 deped_has_not_been_done_num 64
thread idx 4 steal from 5 [5 6)
thread idx 4 steal from 5 [13 14)
thread idx 4 steal from 5 [21 22)
thread idx 4 steal from 5 [29 30)
thread idx 4 steal from 5 [37 38)
thread idx 4 steal from 5 [45 46)
thread idx 4 steal from 5 [53 54)
thread idx 4 steal from 5 [61 62)
thread idx 4 steal from 6 [6 7)
thread idx 4 steal from 6 [14 15)
thread idx 4 steal from 6 [22 23)
thread idx 4 steal from 6 [30 31)
thread idx 4 steal from 6 [38 39)
thread idx 4 steal from 6 [46 47)
thread idx 4 steal from 6 [54 55)
thread idx 4 steal from 6 [62 63)
thread idx 4 steal from 7 [7 8)
thread idx 4 steal from 7 [15 16)
thread idx 4 steal from 7 [23 24)
thread idx 4 steal from 7 [31 32)
thread idx 4 steal from 7 [39 40)
thread idx 6 steal from 7 [47 48)
thread idx 6 steal from 7 [63 64)
thread idx 6 steal from 0 [0 1)
thread idx 6 steal from 0 [8 9)
thread idx 6 steal from 0 [16 17)
thread idx 6 steal from 0 [24 25)
thread idx 6 steal from 0 [32 33)
thread idx 1 steal from 2 [2 3)
thread idx 5 steal from 0 [48 49)
thread idx 1 steal from 2 [10 11)
thread idx 5 steal from 0 [56 57)
thread idx 1 steal from 2 [18 19)
thread idx 1 steal from 2 [26 27)
thread idx 5 steal from 2 [34 35)
thread idx 1 steal from 2 [42 43)
thread idx 5 steal from 2 [50 51)
thread idx 1 steal from 2 [58 59)
thread idx 5 steal from 3 [3 4)
thread idx 5 steal from 3 [11 12)
thread idx 4 steal from 7 [55 56)
thread idx 1 steal from 3 [43 44)
thread idx 1 steal from 3 [59 60)
thread idx 6 steal from 0 [40 41)
thread idx 5 steal from 3 [27 28)
threadid 5 done 1 task, taskid 348, remainingTaksNum 51
thread idx 4 steal from 0 [0 1)
thread idx 6 steal from 0 [8 9)
thread idx 6 steal from 7 [7 8)
thread idx 6 steal from 7 [15 16)
thread idx 6 steal from 7 [23 24)
thread idx 6 steal from 7 [31 32)
thread idx 4 steal from 5 [5 6)
thread idx 4 steal from 5 [13 14)
thread idx 4 steal from 5 [21 22)
thread idx 4 steal from 5 [29 30)
thread idx 4 steal from 5 [37 38)
thread idx 4 steal from 5 [45 46)
thread idx 4 steal from 5 [53 54)
thread idx 4 steal from 5 [61 62)
thread idx 4 steal from 7 [39 40)
thread idx 4 steal from 7 [47 48)
thread idx 4 steal from 7 [55 56)
thread idx 4 steal from 7 [63 64)
thread idx 4 steal from 0 [16 17)
thread idx 6 steal from 0 [24 25)
thread idx 4 steal from 0 [32 33)
thread idx 6 steal from 0 [40 41)
thread idx 4 steal from 0 [48 49)
thread idx 6 steal from 0 [56 57)
thread idx 4 steal from 1 [1 2)
thread idx 6 steal from 1 [9 10)
thread idx 4 steal from 1 [17 18)
thread idx 6 steal from 1 [25 26)
thread idx 4 steal from 1 [33 34)
thread idx 4 steal from 1 [49 50)
thread idx 4 steal from 1 [57 58)
thread idx 4 steal from 2 [2 3)
thread idx 4 steal from 2 [10 11)
thread idx 349, Get A workFromWaitingQueue, taskId64, num_total_tasks 0 deped_has_not_been_done_num 52
thread idx 6 steal from 1 [41 42)
thread idx 5 steal from 2 [26 27)
thread idx 5 steal from 2 [34 35)
thread idx 5 steal from 2 [42 43)
thread idx 5 steal from 2 [50 51)
thread idx 5 steal from 2 [58 59)
thread idx 5 steal from 3 [3 4)
thread idx 5 steal from 3 [11 12)
thread idx 5 steal from 3 [19 20)
thread idx 5 steal from 3 [27 28)
thread idx 5 steal from 3 [35 36)
thread idx 5 steal from 3 [43 44)
thread idx 5 steal from 3 [51 52)
thread idx 5 steal from 3 [59 60)
thread idx 4 steal from 2 [18 19)
threadid 4 done 1 task, taskid 349, remainingTaksNum 50
thread idx 350, Get A workFromWaitingQueue, taskId64, num_total_tasks 0 deped_has_not_been_done_num 64
thread idx 4 steal from 5 [53 54)
thread idx 5 steal from 6 [6 7)
thread idx 4 steal from 6 [14 15)
thread idx 5 steal from 6 [22 23)
thread idx 4 steal from 6 [30 31)
thread idx 5 steal from 6 [38 39)
thread idx 4 steal from 6 [46 47)
thread idx 5 steal from 6 [54 55)
thread idx 4 steal from 6 [62 63)
thread idx 5 steal from 7 [7 8)
thread idx 4 steal from 7 [15 16)
thread idx 5 steal from 7 [31 32)
thread idx 4 steal from 7 [39 40)
thread idx 4 steal from 7 [47 48)
thread idx 4 steal from 7 [55 56)
thread idx 4 steal from 7 [63 64)
thread idx 4 steal from 0 [0 1)
thread idx 5 steal from 0 [8 9)
thread idx 4 steal from 0 [16 17)
thread idx 5 steal from 0 [24 25)
thread idx 4 steal from 0 [32 33)
thread idx 6 steal from 7 [23 24)
thread idx 4 steal from 0 [48 49)
thread idx 4 steal from 0 [56 57)
thread idx 4 steal from 1 [1 2)
thread idx 5 steal from 0 [40 41)
thread idx 4 steal from 1 [9 10)
thread idx 6 steal from 1 [17 18)
thread idx 5 steal from 1 [33 34)
thread idx 4 steal from 1 [41 42)
thread idx 5 steal from 1 [49 50)
thread idx 4 steal from 1 [57 58)
thread idx 5 steal from 2 [2 3)
thread idx 6 steal from 2 [10 11)
thread idx 3 steal from 1 [25 26)
thread idx 5 steal from 2 [26 27)
thread idx 3 steal from 2 [34 35)
thread idx 5 steal from 2 [42 43)
thread idx 6 steal from 2 [50 51)
thread idx 3 steal from 2 [58 59)
thread idx 4 steal from 2 [18 19)
threadid 4 done 1 task, taskid 350, remainingTaksNum 49
thread idx 351, Get A workFromWaitingQueue, taskId64, num_total_tasks 0 deped_has_not_been_done_num 64
thread idx 5 steal from 6 [6 7)
thread idx 5 steal from 6 [14 15)
thread idx 5 steal from 6 [22 23)
thread idx 5 steal from 6 [30 31)
thread idx 5 steal from 6 [38 39)
thread idx 5 steal from 6 [46 47)
thread idx 5 steal from 6 [54 55)
thread idx 5 steal from 6 [62 63)
thread idx 5 steal from 7 [23 24)
thread idx 5 steal from 7 [39 40)
thread idx 5 steal from 7 [55 56)
thread idx 5 steal from 0 [0 1)
thread idx 7 steal from 0 [8 9)
thread idx 5 steal from 0 [16 17)
thread idx 7 steal from 0 [24 25)
thread idx 5 steal from 0 [32 33)
thread idx 7 steal from 0 [40 41)
thread idx 5 steal from 0 [48 49)
thread idx 5 steal from 0 [56 57)
thread idx 7 steal from 1 [1 2)
thread idx 5 steal from 1 [9 10)
thread idx 7 steal from 1 [17 18)
thread idx 5 steal from 1 [25 26)
thread idx 7 steal from 1 [33 34)
thread idx 5 steal from 1 [41 42)
thread idx 7 steal from 1 [49 50)
thread idx 3 steal from 4 [4 5)
thread idx 3 steal from 4 [12 13)
thread idx 3 steal from 4 [20 21)
thread idx 3 steal from 4 [28 29)
thread idx 3 steal from 4 [36 37)
thread idx 3 steal from 4 [44 45)
thread idx 3 steal from 4 [52 53)
thread idx 3 steal from 4 [60 61)
thread idx 3 steal from 2 [10 11)
thread idx 3 steal from 2 [18 19)
thread idx 3 steal from 2 [26 27)
thread idx 7 steal from 2 [34 35)
thread idx 3 steal from 2 [42 43)
thread idx 7 steal from 2 [50 51)
thread idx 3 steal from 2 [58 59)
thread idx 5 steal from 1 [57 58)
thread idx 6 steal from 2 [2 3)
threadid 6 done 1 task, taskid 351, remainingTaksNum 48
thread idx 352, Get A workFromWaitingQueue, taskId64, num_total_tasks 0 deped_has_not_been_done_num 64
thread idx 5 steal from 6 [6 7)
thread idx 5 steal from 6 [14 15)
thread idx 5 steal from 6 [22 23)
thread idx 5 steal from 6 [30 31)
thread idx 5 steal from 6 [38 39)
thread idx 5 steal from 6 [46 47)
thread idx 5 steal from 6 [54 55)
thread idx 5 steal from 6 [62 63)
thread idx 5 steal from 7 [7 8)
thread idx 5 steal from 7 [15 16)
thread idx 5 steal from 7 [23 24)
thread idx 5 steal from 7 [31 32)
thread idx 5 steal from 7 [39 40)
thread idx 5 steal from 7 [47 48)
thread idx 5 steal from 7 [55 56)
thread idx 5 steal from 0 [0 1)
thread idx 7 steal from 0 [8 9)
thread idx 5 steal from 0 [16 17)
thread idx 7 steal from 0 [24 25)
thread idx 5 steal from 0 [32 33)
thread idx 7 steal from 0 [40 41)
thread idx 5 steal from 0 [48 49)
thread idx 7 steal from 0 [56 57)
thread idx 5 steal from 1 [1 2)
thread idx 7 steal from 1 [9 10)
thread idx 5 steal from 1 [17 18)
thread idx 7 steal from 1 [25 26)
thread idx 5 steal from 1 [33 34)
thread idx 7 steal from 1 [41 42)
thread idx 5 steal from 1 [49 50)
thread idx 7 steal from 1 [57 58)
thread idx 5 steal from 2 [2 3)
thread idx 7 steal from 2 [10 11)
thread idx 5 steal from 2 [18 19)
thread idx 7 steal from 2 [26 27)
thread idx 5 steal from 2 [34 35)
thread idx 7 steal from 2 [42 43)
thread idx 5 steal from 2 [50 51)
thread idx 7 steal from 2 [58 59)
thread idx 5 steal from 3 [3 4)
thread idx 7 steal from 3 [11 12)
thread idx 5 steal from 3 [19 20)
thread idx 7 steal from 3 [27 28)
thread idx 5 steal from 3 [35 36)
thread idx 7 steal from 3 [43 44)
thread idx 6 steal from 3 [51 52)
thread idx 7 steal from 4 [4 5)
thread idx 7 steal from 4 [12 13)
thread idx 7 steal from 4 [20 21)
thread idx 7 steal from 4 [28 29)
thread idx 6 steal from 4 [36 37)
thread idx 7 steal from 4 [44 45)
thread idx 6 steal from 4 [52 53)
thread idx 5 steal from 3 [59 60)
thread idx 7 steal from 4 [60 61)
threadid 7 done 1 task, taskid 352, remainingTaksNum 47
thread idx 7 steal from 0 [0 1)
thread idx 6 steal from 1 [1 2)
thread idx 353, Get A workFromWaitingQueue, taskId64, num_total_tasks 0 deped_has_not_been_done_num 64
thread idx 5 steal from 6 [6 7)
thread idx 5 steal from 6 [14 15)
thread idx 2 steal from 3 [3 4)
thread idx 2 steal from 3 [11 12)
thread idx 2 steal from 3 [19 20)
thread idx 2 steal from 3 [27 28)
thread idx 2 steal from 3 [35 36)
thread idx 4 steal from 6 [22 23)
thread idx 2 steal from 3 [43 44)
thread idx 4 steal from 6 [30 31)
thread idx 2 steal from 3 [51 52)
thread idx 1 steal from 3 [59 60)
thread idx 2 steal from 6 [46 47)
thread idx 4 steal from 6 [38 39)
thread idx 1 steal from 6 [54 55)
thread idx 4 steal from 6 [62 63)
thread idx 2 steal from 7 [7 8)
thread idx 1 steal from 7 [15 16)
thread idx 4 steal from 7 [23 24)
thread idx 2 steal from 7 [31 32)
thread idx 1 steal from 7 [39 40)
thread idx 4 steal from 7 [47 48)
thread idx 2 steal from 7 [55 56)
thread idx 1 steal from 7 [63 64)
thread idx 4 steal from 0 [16 17)
thread idx 1 steal from 0 [32 33)
thread idx 2 steal from 0 [40 41)
thread idx 1 steal from 0 [56 57)
threadid 5 done 1 task, taskid 353, remainingTaksNum 46
thread idx 1 steal from 0 [0 1)
thread idx 354, Get A workFromWaitingQueue, taskId64, num_total_tasks 0 deped_has_not_been_done_num 64
thread idx 5 steal from 6 [6 7)
thread idx 5 steal from 6 [14 15)
thread idx 5 steal from 6 [22 23)
thread idx 5 steal from 6 [30 31)
thread idx 5 steal from 6 [38 39)
thread idx 5 steal from 6 [46 47)
thread idx 5 steal from 6 [54 55)
thread idx 5 steal from 6 [62 63)
thread idx 6 steal from 7 [7 8)
thread idx 6 steal from 7 [23 24)
thread idx 6 steal from 7 [31 32)
thread idx 5 steal from 7 [15 16)
thread idx 6 steal from 7 [39 40)
thread idx 5 steal from 7 [47 48)
thread idx 5 steal from 7 [63 64)
thread idx 5 steal from 0 [16 17)
thread idx 5 steal from 0 [24 25)
thread idx 5 steal from 0 [32 33)
thread idx 5 steal from 0 [40 41)
thread idx 6 steal from 7 [55 56)
thread idx 5 steal from 0 [56 57)
thread idx 0 steal from 1 [41 42)
thread idx 0 steal from 1 [49 50)
thread idx 0 steal from 1 [57 58)
thread idx 5 steal from 2 [2 3)
thread idx 0 steal from 2 [10 11)
thread idx 5 steal from 2 [18 19)
thread idx 0 steal from 2 [26 27)
thread idx 5 steal from 2 [34 35)
thread idx 0 steal from 2 [42 43)
thread idx 0 steal from 2 [50 51)
thread idx 0 steal from 2 [58 59)
thread idx 0 steal from 3 [3 4)
thread idx 5 steal from 3 [11 12)
thread idx 0 steal from 3 [19 20)
thread idx 5 steal from 3 [27 28)
thread idx 5 steal from 3 [51 52)
thread idx 0 steal from 3 [43 44)
thread idx 5 steal from 3 [59 60)
thread idx 6 steal from 1 [33 34)
thread idx 6 steal from 4 [12 13)
thread idx 0 steal from 4 [4 5)
thread idx 2 steal from 4 [20 21)
thread idx 6 steal from 4 [28 29)
thread idx 0 steal from 4 [36 37)
thread idx 6 steal from 4 [44 45)
thread idx 2 steal from 4 [52 53)
thread idx 0 steal from 4 [60 61)
thread idx 1 steal from 3 [35 36)
threadid 1 done 1 task, taskid 354, remainingTaksNum 45
thread idx 355, Get A workFromWaitingQueue, taskId64, num_total_tasks 0 deped_has_not_been_done_num 64
thread idx 6 steal from 7 [7 8)
thread idx 6 steal from 7 [15 16)
thread idx 6 steal from 7 [23 24)
thread idx 6 steal from 7 [31 32)
thread idx 6 steal from 7 [39 40)
thread idx 6 steal from 7 [47 48)
thread idx 6 steal from 7 [55 56)
thread idx 6 steal from 7 [63 64)
thread idx 6 steal from 0 [0 1)
thread idx 6 steal from 0 [8 9)
thread idx 5 steal from 0 [16 17)
thread idx 7 steal from 0 [24 25)
thread idx 7 steal from 0 [40 41)
thread idx 7 steal from 0 [48 49)
thread idx 7 steal from 0 [56 57)
thread idx 1 steal from 2 [2 3)
thread idx 6 steal from 0 [32 33)
thread idx 0 steal from 2 [18 19)
thread idx 4 steal from 2 [42 43)
thread idx 1 steal from 2 [50 51)
thread idx 1 steal from 2 [58 59)
thread idx 7 steal from 2 [10 11)
thread idx 5 steal from 2 [34 35)
thread idx 3 steal from 4 [4 5)
thread idx 6 steal from 2 [26 27)
threadid 6 done 1 task, taskid 355, remainingTaksNum 44
thread idx 4 steal from 5 [5 6)
thread idx 4 steal from 5 [13 14)
thread idx 4 steal from 5 [21 22)
thread idx 4 steal from 5 [29 30)
thread idx 4 steal from 5 [37 38)
thread idx 4 steal from 5 [45 46)
thread idx 4 steal from 5 [53 54)
thread idx 4 steal from 5 [61 62)
thread idx 4 steal from 6 [6 7)
thread idx 4 steal from 6 [14 15)
thread idx 4 steal from 6 [22 23)
thread idx 4 steal from 6 [30 31)
thread idx 4 steal from 6 [38 39)
thread idx 4 steal from 6 [46 47)
thread idx 4 steal from 6 [54 55)
thread idx 4 steal from 6 [62 63)
thread idx 4 steal from 7 [7 8)
thread idx 4 steal from 7 [15 16)
thread idx 4 steal from 7 [23 24)
thread idx 356, Get A workFromWaitingQueue, taskId64, num_total_tasks 0 deped_has_not_been_done_num 38
thread idx 4 steal from 7 [31 32)
thread idx 4 steal from 7 [39 40)
thread idx 4 steal from 7 [47 48)
thread idx 4 steal from 7 [55 56)
thread idx 4 steal from 7 [63 64)
thread idx 4 steal from 0 [0 1)
thread idx 4 steal from 0 [8 9)
thread idx 4 steal from 0 [16 17)
thread idx 4 steal from 0 [24 25)
thread idx 4 steal from 0 [32 33)
thread idx 4 steal from 0 [40 41)
thread idx 4 steal from 0 [48 49)
thread idx 4 steal from 0 [56 57)
thread idx 4 steal from 1 [1 2)
thread idx 4 steal from 1 [9 10)
thread idx 4 steal from 1 [17 18)
thread idx 4 steal from 1 [25 26)
thread idx 4 steal from 1 [33 34)
thread idx 4 steal from 1 [41 42)
thread idx 3 steal from 1 [49 50)
thread idx 6 steal from 2 [2 3)
thread idx 3 steal from 2 [10 11)
thread idx 3 steal from 2 [18 19)
thread idx 3 steal from 2 [26 27)
thread idx 7 steal from 2 [42 43)
thread idx 7 steal from 2 [50 51)
thread idx 7 steal from 2 [58 59)
thread idx 6 steal from 2 [34 35)
thread idx 4 steal from 1 [57 58)
threadid 4 done 1 task, taskid 356, remainingTaksNum 43
thread idx 5 steal from 0 [0 1)
thread idx 357, Get A workFromWaitingQueue, taskId64, num_total_tasks 0 deped_has_not_been_done_num 60
thread idx 3 steal from 4 [12 13)
thread idx 3 steal from 4 [20 21)
thread idx 3 steal from 4 [28 29)
thread idx 3 steal from 4 [36 37)
thread idx 3 steal from 4 [44 45)
thread idx 3 steal from 4 [52 53)
thread idx 3 steal from 4 [60 61)
thread idx 3 steal from 5 [5 6)
thread idx 3 steal from 5 [13 14)
thread idx 3 steal from 5 [21 22)
thread idx 3 steal from 5 [29 30)
thread idx 3 steal from 5 [37 38)
thread idx 3 steal from 5 [45 46)
thread idx 3 steal from 5 [53 54)
thread idx 7 steal from 0 [8 9)
thread idx 3 steal from 5 [61 62)
thread idx 7 steal from 0 [16 17)
thread idx 7 steal from 0 [24 25)
thread idx 3 steal from 6 [38 39)
thread idx 7 steal from 0 [32 33)
thread idx 3 steal from 6 [46 47)
thread idx 7 steal from 0 [40 41)
thread idx 3 steal from 6 [62 63)
thread idx 2 steal from 6 [54 55)
thread idx 3 steal from 0 [56 57)
thread idx 3 steal from 1 [1 2)
thread idx 3 steal from 1 [9 10)
thread idx 3 steal from 1 [17 18)
thread idx 3 steal from 1 [25 26)
thread idx 2 steal from 1 [33 34)
thread idx 3 steal from 1 [41 42)
thread idx 2 steal from 1 [49 50)
thread idx 3 steal from 1 [57 58)
thread idx 7 steal from 0 [48 49)
threadid 4 done 1 task, taskid 357, remainingTaksNum 42
thread idx 358, Get A workFromWaitingQueue, taskId64, num_total_tasks 0 deped_has_not_been_done_num 64
thread idx 7 steal from 0 [0 1)
thread idx 7 steal from 0 [8 9)
thread idx 7 steal from 0 [16 17)
thread idx 7 steal from 0 [24 25)
thread idx 7 steal from 0 [32 33)
thread idx 7 steal from 0 [40 41)
thread idx 7 steal from 0 [48 49)
thread idx 7 steal from 0 [56 57)
thread idx 7 steal from 1 [1 2)
thread idx 7 steal from 1 [9 10)
thread idx 7 steal from 1 [17 18)
thread idx 7 steal from 1 [25 26)
thread idx 7 steal from 1 [33 34)
thread idx 7 steal from 1 [41 42)
thread idx 7 steal from 1 [49 50)
thread idx 7 steal from 1 [57 58)
thread idx 5 steal from 6 [6 7)
thread idx 7 steal from 2 [2 3)
thread idx 5 steal from 6 [14 15)
thread idx 7 steal from 2 [10 11)
thread idx 5 steal from 6 [22 23)
thread idx 7 steal from 2 [18 19)
thread idx 5 steal from 6 [30 31)
thread idx 7 steal from 2 [26 27)
thread idx 5 steal from 6 [38 39)
thread idx 7 steal from 2 [34 35)
thread idx 5 steal from 6 [46 47)
thread idx 7 steal from 2 [42 43)
thread idx 5 steal from 6 [54 55)
thread idx 7 steal from 2 [50 51)
thread idx 5 steal from 6 [62 63)
thread idx 7 steal from 2 [58 59)
thread idx 5 steal from 3 [3 4)
thread idx 7 steal from 3 [11 12)
thread idx 5 steal from 3 [19 20)
thread idx 7 steal from 3 [27 28)
thread idx 5 steal from 3 [35 36)
thread idx 7 steal from 3 [43 44)
thread idx 5 steal from 3 [51 52)
thread idx 7 steal from 3 [59 60)
thread idx 5 steal from 4 [4 5)
thread idx 5 steal from 4 [20 21)
thread idx 5 steal from 4 [28 29)
thread idx 7 steal from 4 [12 13)
thread idx 5 steal from 4 [36 37)
thread idx 7 steal from 4 [44 45)
thread idx 5 steal from 4 [52 53)
thread idx 7 steal from 4 [60 61)
threadid 7 done 1 task, taskid 358, remainingTaksNum 41
thread idx 7 steal from 0 [0 1)
thread idx 359, Get A workFromWaitingQueue, taskId64, num_total_tasks 0 deped_has_not_been_done_num 64
thread idx 7 steal from 0 [8 9)
thread idx 7 steal from 0 [16 17)
thread idx 7 steal from 0 [24 25)
thread idx 7 steal from 0 [32 33)
thread idx 7 steal from 0 [40 41)
thread idx 7 steal from 0 [48 49)
thread idx 4 steal from 5 [5 6)
thread idx 7 steal from 0 [56 57)
thread idx 7 steal from 1 [1 2)
thread idx 4 steal from 5 [13 14)
thread idx 7 steal from 1 [9 10)
thread idx 4 steal from 5 [21 22)
thread idx 7 steal from 1 [17 18)
thread idx 4 steal from 5 [45 46)
thread idx 7 steal from 1 [25 26)
thread idx 4 steal from 5 [61 62)
thread idx 7 steal from 1 [33 34)
thread idx 7 steal from 1 [41 42)
thread idx 7 steal from 1 [49 50)
thread idx 7 steal from 1 [57 58)
thread idx 7 steal from 2 [2 3)
thread idx 7 steal from 2 [10 11)
thread idx 7 steal from 2 [18 19)
thread idx 7 steal from 2 [34 35)
thread idx 4 steal from 6 [14 15)
thread idx 7 steal from 2 [50 51)
thread idx 7 steal from 3 [19 20)
thread idx 2 steal from 3 [27 28)
thread idx 7 steal from 3 [43 44)
thread idx 2 steal from 3 [51 52)
thread idx 7 steal from 3 [59 60)
thread idx 2 steal from 6 [22 23)
thread idx 7 steal from 6 [30 31)
thread idx 3 steal from 6 [38 39)
thread idx 7 steal from 6 [54 55)
thread idx 7 steal from 6 [62 63)
thread idx 2 steal from 6 [46 47)
thread idx 5 steal from 6 [6 7)
threadid 5 done 1 task, taskid 359, remainingTaksNum 40
thread idx 5 steal from 0 [0 1)
thread idx 360, Get A workFromWaitingQueue, taskId64, num_total_tasks 0 deped_has_not_been_done_num 64
thread idx 4 steal from 6 [6 7)
thread idx 5 steal from 6 [14 15)
thread idx 4 steal from 6 [22 23)
thread idx 5 steal from 6 [30 31)
thread idx 4 steal from 6 [38 39)
thread idx 5 steal from 6 [46 47)
thread idx 4 steal from 6 [54 55)
thread idx 5 steal from 6 [62 63)
thread idx 4 steal from 7 [7 8)
thread idx 5 steal from 7 [15 16)
thread idx 4 steal from 7 [23 24)
thread idx 5 steal from 7 [31 32)
thread idx 4 steal from 7 [39 40)
thread idx 5 steal from 7 [47 48)
thread idx 4 steal from 7 [55 56)
thread idx 5 steal from 7 [63 64)
thread idx 5 steal from 0 [8 9)
thread idx 2 steal from 3 [3 4)
thread idx 2 steal from 3 [11 12)
thread idx 2 steal from 3 [19 20)
thread idx 4 steal from 0 [16 17)
thread idx 2 steal from 3 [27 28)
thread idx 4 steal from 0 [32 33)
thread idx 2 steal from 3 [35 36)
thread idx 4 steal from 0 [40 41)
thread idx 2 steal from 3 [43 44)
thread idx 2 steal from 3 [51 52)
thread idx 4 steal from 0 [56 57)
thread idx 2 steal from 3 [59 60)
thread idx 4 steal from 1 [1 2)
thread idx 4 steal from 1 [9 10)
thread idx 3 steal from 1 [17 18)
thread idx 6 steal from 1 [33 34)
thread idx 6 steal from 1 [41 42)
thread idx 6 steal from 1 [57 58)
thread idx 7 steal from 0 [48 49)
thread idx 5 steal from 0 [24 25)
thread idx 4 steal from 1 [25 26)
threadid 4 done 1 task, taskid 360, remainingTaksNum 39
thread idx 361, Get A workFromWaitingQueue, taskId64, num_total_tasks 0 deped_has_not_been_done_num 64
thread idx 3 steal from 4 [4 5)
thread idx 3 steal from 4 [12 13)
thread idx 3 steal from 4 [20 21)
thread idx 3 steal from 4 [28 29)
thread idx 3 steal from 4 [36 37)
thread idx 3 steal from 4 [44 45)
thread idx 3 steal from 4 [52 53)
thread idx 6 steal from 4 [60 61)
thread idx 3 steal from 5 [5 6)
thread idx 2 steal from 1 [17 18)
thread idx 2 steal from 1 [25 26)
thread idx 2 steal from 1 [33 34)
thread idx 2 steal from 1 [41 42)
thread idx 2 steal from 1 [49 50)
thread idx 2 steal from 1 [57 58)
thread idx 4 steal from 5 [13 14)
thread idx 6 steal from 7 [7 8)
thread idx 5 steal from 7 [15 16)
thread idx 0 steal from 1 [1 2)
thread idx 7 steal from 1 [9 10)
thread idx 1 steal from 3 [43 44)
threadid 1 done 1 task, taskid 361, remainingTaksNum 38
thread idx 362, Get A workFromWaitingQueue, taskId64, num_total_tasks 0 deped_has_not_been_done_num 64
thread idx 5 steal from 7 [7 8)
thread idx 3 steal from 4 [4 5)
thread idx 1 steal from 2 [2 3)
thread idx 3 steal from 4 [12 13)
thread idx 1 steal from 2 [10 11)
thread idx 3 steal from 4 [20 21)
thread idx 1 steal from 2 [18 19)
thread idx 3 steal from 4 [28 29)
thread idx 3 steal from 4 [36 37)
thread idx 1 steal from 2 [26 27)
thread idx 0 steal from 2 [34 35)
thread idx 7 steal from 2 [50 51)
thread idx 0 steal from 2 [58 59)
thread idx 1 steal from 2 [42 43)
thread idx 3 steal from 4 [44 45)
thread idx 0 steal from 4 [60 61)
thread idx 7 steal from 4 [52 53)
thread idx 6 steal from 7 [15 16)
threadid 6 done 1 task, taskid 362, remainingTaksNum 37
thread idx 363, Get A workFromWaitingQueue, taskId64, num_total_tasks 0 deped_has_not_been_done_num 64
thread idx 1 steal from 2 [2 3)
thread idx 1 steal from 2 [10 11)
thread idx 1 steal from 2 [18 19)
thread idx 1 steal from 2 [26 27)
thread idx 1 steal from 2 [34 35)
thread idx 4 steal from 5 [5 6)
thread idx 4 steal from 5 [13 14)
thread idx 4 steal from 5 [21 22)
thread idx 4 steal from 5 [29 30)
thread idx 4 steal from 5 [37 38)
thread idx 4 steal from 5 [45 46)
thread idx 4 steal from 5 [53 54)
thread idx 4 steal from 5 [61 62)
thread idx 4 steal from 7 [15 16)
thread idx 4 steal from 7 [23 24)
thread idx 4 steal from 7 [39 40)
thread idx 4 steal from 0 [32 33)
thread idx 7 steal from 0 [40 41)
thread idx 4 steal from 0 [56 57)
thread idx 0 steal from 2 [42 43)
thread idx 7 steal from 2 [50 51)
thread idx 4 steal from 2 [58 59)
thread idx 7 steal from 3 [43 44)
thread idx 7 steal from 3 [59 60)
thread idx 6 steal from 7 [7 8)
threadid 6 done 1 task, taskid 363, remainingTaksNum 36
thread idx 364, Get A workFromWaitingQueue, taskId64, num_total_tasks 0 deped_has_not_been_done_num 64
thread idx 6 steal from 7 [7 8)
thread idx 6 steal from 7 [15 16)
thread idx 6 steal from 7 [23 24)
thread idx 6 steal from 7 [31 32)
thread idx 6 steal from 7 [39 40)
thread idx 6 steal from 7 [47 48)
thread idx 6 steal from 7 [55 56)
thread idx 6 steal from 7 [63 64)
thread idx 6 steal from 1 [1 2)
thread idx 0 steal from 1 [9 10)
thread idx 3 steal from 4 [4 5)
thread idx 0 steal from 1 [25 26)
thread idx 0 steal from 1 [33 34)
thread idx 0 steal from 1 [41 42)
thread idx 0 steal from 1 [49 50)
thread idx 0 steal from 1 [57 58)
thread idx 3 steal from 4 [12 13)
thread idx 0 steal from 4 [20 21)
thread idx 2 steal from 4 [28 29)
thread idx 0 steal from 4 [44 45)
thread idx 0 steal from 4 [52 53)
thread idx 0 steal from 4 [60 61)
thread idx 6 steal from 1 [17 18)
thread idx 3 steal from 4 [36 37)
threadid 3 done 1 task, taskid 364, remainingTaksNum 35
thread idx 365, Get A workFromWaitingQueue, taskId64, num_total_tasks 0 deped_has_not_been_done_num 64
thread idx 6 steal from 7 [7 8)
thread idx 6 steal from 7 [15 16)
thread idx 6 steal from 7 [23 24)
thread idx 6 steal from 7 [31 32)
thread idx 6 steal from 7 [39 40)
thread idx 6 steal from 7 [47 48)
thread idx 6 steal from 7 [55 56)
thread idx 4 steal from 5 [5 6)
thread idx 6 steal from 7 [63 64)
thread idx 4 steal from 5 [13 14)
thread idx 4 steal from 5 [21 22)
thread idx 4 steal from 5 [29 30)
thread idx 4 steal from 5 [37 38)
thread idx 4 steal from 5 [45 46)
thread idx 4 steal from 5 [53 54)
thread idx 4 steal from 5 [61 62)
thread idx 4 steal from 0 [8 9)
thread idx 4 steal from 0 [16 17)
thread idx 4 steal from 0 [24 25)
thread idx 4 steal from 0 [32 33)
thread idx 4 steal from 0 [40 41)
thread idx 4 steal from 0 [48 49)
thread idx 4 steal from 0 [56 57)
thread idx 4 steal from 1 [1 2)
thread idx 4 steal from 1 [9 10)
thread idx 4 steal from 1 [17 18)
thread idx 4 steal from 1 [25 26)
thread idx 0 steal from 1 [33 34)
thread idx 0 steal from 1 [49 50)
thread idx 0 steal from 1 [57 58)
thread idx 2 steal from 3 [3 4)
thread idx 0 steal from 3 [11 12)
thread idx 0 steal from 3 [19 20)
thread idx 2 steal from 3 [27 28)
thread idx 4 steal from 1 [41 42)
thread idx 2 steal from 3 [35 36)
thread idx 4 steal from 3 [43 44)
thread idx 1 steal from 3 [51 52)
thread idx 6 steal from 0 [0 1)
thread idx 2 steal from 3 [59 60)
threadid 2 done 1 task, taskid 365, remainingTaksNum 34
thread idx 366, Get A workFromWaitingQueue, taskId64, num_total_tasks 0 deped_has_not_been_done_num 64
thread idx 4 steal from 5 [5 6)
thread idx 4 steal from 5 [13 14)
thread idx 4 steal from 5 [21 22)
thread idx 4 steal from 5 [29 30)
thread idx 4 steal from 5 [37 38)
thread idx 6 steal from 7 [7 8)
thread idx 4 steal from 5 [45 46)
thread idx 6 steal from 7 [15 16)
thread idx 4 steal from 5 [53 54)
thread idx 6 steal from 7 [23 24)
thread idx 4 steal from 5 [61 62)
thread idx 2 steal from 3 [3 4)
thread idx 6 steal from 7 [31 32)
thread idx 2 steal from 3 [11 12)
thread idx 4 steal from 7 [39 40)
thread idx 2 steal from 3 [19 20)
thread idx 6 steal from 7 [47 48)
thread idx 2 steal from 3 [27 28)
thread idx 4 steal from 7 [55 56)
thread idx 2 steal from 3 [35 36)
thread idx 6 steal from 7 [63 64)
thread idx 2 steal from 3 [43 44)
thread idx 4 steal from 0 [0 1)
thread idx 1 steal from 3 [59 60)
thread idx 1 steal from 0 [24 25)
thread idx 1 steal from 0 [32 33)
thread idx 1 steal from 0 [40 41)
thread idx 1 steal from 0 [48 49)
thread idx 1 steal from 0 [56 57)
thread idx 2 steal from 3 [51 52)
thread idx 6 steal from 0 [8 9)
thread idx 5 steal from 0 [16 17)
threadid 5 done 1 task, taskid 366, remainingTaksNum 33
thread idx 5 steal from 0 [0 1)
thread idx 367, Get A workFromWaitingQueue, taskId64, num_total_tasks 0 deped_has_not_been_done_num 64
thread idx 3 steal from 4 [4 5)
thread idx 3 steal from 4 [12 13)
thread idx 3 steal from 4 [20 21)
thread idx 6 steal from 7 [7 8)
thread idx 3 steal from 4 [28 29)
thread idx 5 steal from 7 [15 16)
thread idx 6 steal from 7 [23 24)
thread idx 5 steal from 7 [31 32)
thread idx 5 steal from 7 [39 40)
thread idx 5 steal from 7 [47 48)
thread idx 5 steal from 7 [55 56)
thread idx 5 steal from 7 [63 64)
thread idx 5 steal from 0 [32 33)
thread idx 5 steal from 0 [40 41)
thread idx 5 steal from 0 [48 49)
thread idx 3 steal from 4 [36 37)
thread idx 0 steal from 1 [1 2)
thread idx 0 steal from 1 [9 10)
thread idx 0 steal from 1 [17 18)
thread idx 3 steal from 4 [44 45)
thread idx 3 steal from 4 [52 53)
thread idx 0 steal from 1 [33 34)
thread idx 7 steal from 1 [25 26)
thread idx 0 steal from 1 [41 42)
thread idx 6 steal from 1 [49 50)
thread idx 0 steal from 1 [57 58)
thread idx 7 steal from 2 [2 3)
thread idx 0 steal from 2 [10 11)
thread idx 0 steal from 2 [26 27)
thread idx 7 steal from 2 [18 19)
thread idx 6 steal from 2 [34 35)
thread idx 0 steal from 2 [42 43)
thread idx 7 steal from 2 [50 51)
thread idx 3 steal from 4 [60 61)
thread idx 0 steal from 2 [58 59)
thread idx 5 steal from 0 [56 57)
threadid 5 done 1 task, taskid 367, remainingTaksNum 32
thread idx 368, Get A workFromWaitingQueue, taskId64, num_total_tasks 0 deped_has_not_been_done_num 64
thread idx 1 steal from 2 [2 3)
thread idx 1 steal from 2 [10 11)
thread idx 1 steal from 2 [18 19)
thread idx 1 steal from 2 [26 27)
thread idx 1 steal from 2 [34 35)
thread idx 1 steal from 2 [42 43)
thread idx 1 steal from 2 [50 51)
thread idx 1 steal from 2 [58 59)
thread idx 1 steal from 3 [3 4)
thread idx 1 steal from 3 [11 12)
thread idx 1 steal from 3 [19 20)
thread idx 1 steal from 3 [27 28)
thread idx 1 steal from 3 [35 36)
thread idx 1 steal from 3 [43 44)
thread idx 1 steal from 3 [51 52)
thread idx 1 steal from 3 [59 60)
thread idx 1 steal from 4 [4 5)
thread idx 5 steal from 6 [6 7)
thread idx 1 steal from 4 [12 13)
thread idx 5 steal from 6 [14 15)
thread idx 1 steal from 4 [20 21)
thread idx 5 steal from 6 [22 23)
thread idx 1 steal from 4 [28 29)
thread idx 5 steal from 6 [30 31)
thread idx 1 steal from 4 [36 37)
thread idx 5 steal from 6 [38 39)
thread idx 1 steal from 4 [44 45)
thread idx 5 steal from 6 [46 47)
thread idx 1 steal from 4 [52 53)
thread idx 5 steal from 6 [54 55)
thread idx 1 steal from 4 [60 61)
thread idx 5 steal from 6 [62 63)
thread idx 1 steal from 7 [7 8)
thread idx 5 steal from 7 [15 16)
thread idx 1 steal from 7 [23 24)
thread idx 5 steal from 7 [31 32)
thread idx 1 steal from 7 [39 40)
thread idx 5 steal from 7 [47 48)
thread idx 1 steal from 7 [55 56)
thread idx 5 steal from 7 [63 64)
thread idx 1 steal from 0 [0 1)
thread idx 5 steal from 0 [8 9)
thread idx 1 steal from 0 [16 17)
thread idx 5 steal from 0 [24 25)
thread idx 1 steal from 0 [32 33)
thread idx 5 steal from 0 [40 41)
thread idx 1 steal from 0 [48 49)
thread idx 5 steal from 0 [56 57)
threadid 5 done 1 task, taskid 368, remainingTaksNum 31
thread idx 1 steal from 0 [0 1)
thread idx 7 steal from 1 [1 2)
thread idx 369, Get A workFromWaitingQueue, taskId64, num_total_tasks 0 deped_has_not_been_done_num 63
thread idx 5 steal from 6 [6 7)
thread idx 7 steal from 0 [8 9)
thread idx 5 steal from 6 [14 15)
thread idx 7 steal from 0 [16 17)
thread idx 5 steal from 6 [22 23)
thread idx 7 steal from 0 [24 25)
thread idx 5 steal from 6 [30 31)
thread idx 7 steal from 0 [32 33)
thread idx 5 steal from 6 [38 39)
thread idx 5 steal from 6 [46 47)
thread idx 5 steal from 6 [54 55)
thread idx 7 steal from 0 [40 41)
thread idx 6 steal from 0 [48 49)
thread idx 6 steal from 0 [56 57)
thread idx 6 steal from 2 [10 11)
thread idx 6 steal from 2 [18 19)
thread idx 6 steal from 2 [26 27)
thread idx 6 steal from 2 [34 35)
thread idx 6 steal from 2 [42 43)
thread idx 6 steal from 2 [50 51)
thread idx 6 steal from 2 [58 59)
thread idx 6 steal from 3 [3 4)
thread idx 6 steal from 3 [11 12)
thread idx 6 steal from 3 [19 20)
thread idx 6 steal from 3 [27 28)
thread idx 6 steal from 3 [35 36)
thread idx 6 steal from 3 [43 44)
thread idx 6 steal from 3 [51 52)
thread idx 7 steal from 3 [59 60)
thread idx 6 steal from 4 [4 5)
thread idx 0 steal from 4 [12 13)
thread idx 7 steal from 4 [28 29)
thread idx 7 steal from 4 [36 37)
thread idx 7 steal from 4 [44 45)
thread idx 7 steal from 4 [52 53)
thread idx 0 steal from 4 [60 61)
thread idx 6 steal from 4 [20 21)
thread idx 5 steal from 6 [62 63)
thread idx 1 steal from 2 [2 3)
threadid 1 done 1 task, taskid 369, remainingTaksNum 30
thread idx 370, Get A workFromWaitingQueue, taskId64, num_total_tasks 0 deped_has_not_been_done_num 64
thread idx 0 steal from 1 [1 2)
thread idx 5 steal from 0 [0 1)
thread idx 0 steal from 1 [9 10)
thread idx 0 steal from 1 [17 18)
thread idx 0 steal from 1 [25 26)
thread idx 5 steal from 6 [14 15)
thread idx 3 steal from 1 [41 42)
thread idx 5 steal from 6 [22 23)
thread idx 5 steal from 6 [30 31)
thread idx 5 steal from 6 [38 39)
thread idx 5 steal from 6 [46 47)
thread idx 5 steal from 6 [54 55)
thread idx 5 steal from 6 [62 63)
thread idx 5 steal from 7 [7 8)
thread idx 0 steal from 1 [33 34)
thread idx 5 steal from 7 [15 16)
thread idx 5 steal from 7 [23 24)
thread idx 3 steal from 4 [12 13)
thread idx 5 steal from 7 [31 32)
thread idx 3 steal from 4 [20 21)
thread idx 5 steal from 7 [39 40)
thread idx 3 steal from 4 [28 29)
thread idx 5 steal from 7 [47 48)
thread idx 3 steal from 4 [36 37)
thread idx 5 steal from 7 [55 56)
thread idx 3 steal from 4 [44 45)
thread idx 1 steal from 2 [10 11)
thread idx 3 steal from 4 [52 53)
thread idx 3 steal from 4 [60 61)
thread idx 7 steal from 1 [49 50)
thread idx 3 steal from 2 [18 19)
thread idx 1 steal from 2 [26 27)
thread idx 3 steal from 2 [34 35)
thread idx 1 steal from 2 [42 43)
thread idx 3 steal from 2 [50 51)
thread idx 1 steal from 2 [58 59)
thread idx 5 steal from 7 [63 64)
thread idx 0 steal from 2 [2 3)
threadid 0 done 1 task, taskid 370, remainingTaksNum 29
thread idx 371, Get A workFromWaitingQueue, taskId64, num_total_tasks 0 deped_has_not_been_done_num 64
thread idx 2 steal from 3 [3 4)
thread idx 2 steal from 3 [11 12)
thread idx 2 steal from 3 [19 20)
thread idx 2 steal from 3 [27 28)
thread idx 2 steal from 3 [43 44)
thread idx 3 steal from 4 [4 5)
thread idx 2 steal from 4 [12 13)
thread idx 7 steal from 0 [0 1)
thread idx 2 steal from 4 [28 29)
thread idx 1 steal from 4 [36 37)
thread idx 7 steal from 0 [8 9)
thread idx 4 steal from 5 [5 6)
thread idx 7 steal from 0 [16 17)
thread idx 4 steal from 5 [13 14)
thread idx 3 steal from 4 [20 21)
thread idx 3 steal from 5 [29 30)
thread idx 4 steal from 5 [45 46)
thread idx 3 steal from 5 [61 62)
thread idx 5 steal from 6 [6 7)
thread idx 3 steal from 6 [22 23)
thread idx 3 steal from 6 [30 31)
thread idx 3 steal from 6 [38 39)
thread idx 7 steal from 0 [24 25)
thread idx 3 steal from 6 [54 55)
thread idx 5 steal from 6 [46 47)
thread idx 7 steal from 0 [32 33)
thread idx 3 steal from 6 [62 63)
thread idx 5 steal from 0 [40 41)
thread idx 7 steal from 0 [48 49)
thread idx 3 steal from 0 [56 57)
thread idx 4 steal from 6 [14 15)
thread idx 2 steal from 4 [52 53)
threadid 2 done 1 task, taskid 371, remainingTaksNum 28
thread idx 2 steal from 0 [0 1)
thread idx 372, Get A workFromWaitingQueue, taskId64, num_total_tasks 0 deped_has_not_been_done_num 64
thread idx 4 steal from 5 [5 6)
thread idx 4 steal from 5 [13 14)
thread idx 4 steal from 5 [21 22)
thread idx 4 steal from 5 [29 30)
thread idx 4 steal from 5 [37 38)
thread idx 4 steal from 5 [45 46)
thread idx 4 steal from 5 [53 54)
thread idx 4 steal from 5 [61 62)
thread idx 4 steal from 6 [14 15)
thread idx 5 steal from 7 [23 24)
thread idx 5 steal from 7 [31 32)
thread idx 5 steal from 7 [39 40)
thread idx 5 steal from 7 [47 48)
thread idx 5 steal from 7 [55 56)
thread idx 5 steal from 7 [63 64)
thread idx 5 steal from 0 [8 9)
thread idx 5 steal from 0 [16 17)
thread idx 5 steal from 0 [24 25)
thread idx 5 steal from 0 [32 33)
thread idx 5 steal from 0 [40 41)
thread idx 5 steal from 0 [48 49)
thread idx 5 steal from 0 [56 57)
thread idx 5 steal from 1 [1 2)
thread idx 5 steal from 1 [9 10)
thread idx 5 steal from 1 [17 18)
thread idx 5 steal from 1 [25 26)
thread idx 5 steal from 1 [33 34)
thread idx 5 steal from 1 [41 42)
thread idx 5 steal from 1 [49 50)
thread idx 4 steal from 1 [57 58)
thread idx 5 steal from 2 [2 3)
thread idx 4 steal from 2 [10 11)
thread idx 5 steal from 2 [18 19)
thread idx 4 steal from 2 [26 27)
thread idx 5 steal from 2 [34 35)
thread idx 4 steal from 2 [42 43)
thread idx 5 steal from 2 [50 51)
thread idx 4 steal from 2 [58 59)
thread idx 5 steal from 3 [51 52)
thread idx 4 steal from 3 [59 60)
thread idx 6 steal from 7 [15 16)
threadid 2 done 1 task, taskid 372, remainingTaksNum 27
thread idx 373, Get A workFromWaitingQueue, taskId64, num_total_tasks 0 deped_has_not_been_done_num 64
thread idx 3 steal from 4 [52 53)
thread idx 3 steal from 4 [60 61)
thread idx 4 steal from 5 [13 14)
thread idx 3 steal from 5 [21 22)
thread idx 4 steal from 5 [37 38)
thread idx 3 steal from 5 [53 54)
thread idx 4 steal from 5 [61 62)
thread idx 5 steal from 6 [22 23)
thread idx 4 steal from 6 [38 39)
thread idx 4 steal from 6 [46 47)
thread idx 4 steal from 6 [54 55)
thread idx 1 steal from 2 [10 11)
thread idx 1 steal from 2 [18 19)
thread idx 1 steal from 2 [26 27)
thread idx 4 steal from 6 [62 63)
thread idx 6 steal from 7 [7 8)
thread idx 4 steal from 7 [15 16)
thread idx 3 steal from 6 [30 31)
thread idx 0 steal from 2 [42 43)
thread idx 0 steal from 2 [50 51)
thread idx 0 steal from 2 [58 59)
thread idx 5 steal from 7 [39 40)
thread idx 0 steal from 7 [55 56)
thread idx 4 steal from 7 [47 48)
thread idx 0 steal from 7 [63 64)
thread idx 1 steal from 2 [34 35)
thread idx 6 steal from 7 [23 24)
thread idx 3 steal from 7 [31 32)
threadid 3 done 1 task, taskid 373, remainingTaksNum 26
thread idx 374, Get A workFromWaitingQueue, taskId64, num_total_tasks 0 deped_has_not_been_done_num 64
thread idx 2 steal from 3 [11 12)
thread idx 2 steal from 3 [27 28)
thread idx 2 steal from 3 [59 60)
thread idx 3 steal from 4 [4 5)
thread idx 2 steal from 4 [12 13)
thread idx 2 steal from 4 [20 21)
thread idx 2 steal from 4 [28 29)
thread idx 2 steal from 4 [36 37)
thread idx 3 steal from 4 [44 45)
thread idx 2 steal from 4 [52 53)
thread idx 3 steal from 4 [60 61)
thread idx 2 steal from 5 [13 14)
thread idx 3 steal from 5 [21 22)
thread idx 2 steal from 5 [37 38)
thread idx 7 steal from 0 [0 1)
thread idx 2 steal from 6 [14 15)
thread idx 7 steal from 0 [8 9)
thread idx 7 steal from 0 [16 17)
thread idx 7 steal from 0 [24 25)
thread idx 2 steal from 6 [22 23)
thread idx 7 steal from 0 [32 33)
thread idx 3 steal from 5 [61 62)
thread idx 7 steal from 0 [40 41)
thread idx 3 steal from 6 [38 39)
thread idx 3 steal from 6 [46 47)
thread idx 3 steal from 6 [54 55)
thread idx 3 steal from 6 [62 63)
thread idx 3 steal from 0 [48 49)
thread idx 5 steal from 6 [6 7)
thread idx 6 steal from 0 [56 57)
thread idx 5 steal from 1 [9 10)
thread idx 5 steal from 1 [17 18)
thread idx 5 steal from 1 [33 34)
thread idx 0 steal from 1 [41 42)
thread idx 5 steal from 1 [57 58)
thread idx 3 steal from 1 [1 2)
thread idx 2 steal from 6 [30 31)
threadid 2 done 1 task, taskid 374, remainingTaksNum 25
thread idx 2 steal from 0 [0 1)
thread idx 375, Get A workFromWaitingQueue, taskId64, num_total_tasks 0 deped_has_not_been_done_num 64
thread idx 4 steal from 5 [5 6)
thread idx 7 steal from 0 [40 41)
thread idx 4 steal from 5 [13 14)
thread idx 7 steal from 0 [56 57)
thread idx 4 steal from 5 [21 22)
thread idx 0 steal from 1 [49 50)
thread idx 7 steal from 2 [58 59)
thread idx 4 steal from 5 [29 30)
thread idx 2 steal from 3 [11 12)
thread idx 3 steal from 5 [45 46)
thread idx 5 steal from 6 [22 23)
thread idx 5 steal from 6 [30 31)
thread idx 5 steal from 6 [38 39)
thread idx 5 steal from 6 [46 47)
thread idx 5 steal from 6 [54 55)
thread idx 5 steal from 6 [62 63)
thread idx 0 steal from 3 [19 20)
thread idx 1 steal from 3 [3 4)
thread idx 4 steal from 5 [37 38)
thread idx 7 steal from 3 [27 28)
threadid 7 done 1 task, taskid 375, remainingTaksNum 24
thread idx 376, Get A workFromWaitingQueue, taskId64, num_total_tasks 0 deped_has_not_been_done_num 64
thread idx 7 steal from 0 [0 1)
thread idx 7 steal from 0 [8 9)
thread idx 7 steal from 0 [16 17)
thread idx 7 steal from 0 [24 25)
thread idx 7 steal from 0 [32 33)
thread idx 7 steal from 0 [40 41)
thread idx 7 steal from 0 [48 49)
thread idx 7 steal from 0 [56 57)
thread idx 7 steal from 1 [1 2)
thread idx 7 steal from 1 [9 10)
thread idx 7 steal from 1 [17 18)
thread idx 7 steal from 1 [25 26)
thread idx 7 steal from 1 [33 34)
thread idx 7 steal from 1 [41 42)
thread idx 3 steal from 4 [60 61)
thread idx 7 steal from 1 [49 50)
thread idx 7 steal from 1 [57 58)
thread idx 3 steal from 5 [37 38)
thread idx 2 steal from 5 [61 62)
thread idx 7 steal from 2 [42 43)
thread idx 1 steal from 2 [50 51)
thread idx 4 steal from 5 [5 6)
threadid 4 done 1 task, taskid 376, remainingTaksNum 23
thread idx 377, Get A workFromWaitingQueue, taskId64, num_total_tasks 0 deped_has_not_been_done_num 64
thread idx 2 steal from 3 [3 4)
thread idx 2 steal from 3 [11 12)
thread idx 2 steal from 3 [19 20)
thread idx 2 steal from 3 [27 28)
thread idx 2 steal from 3 [35 36)
thread idx 2 steal from 3 [43 44)
thread idx 2 steal from 3 [51 52)
thread idx 2 steal from 3 [59 60)
thread idx 2 steal from 4 [4 5)
thread idx 3 steal from 4 [12 13)
thread idx 2 steal from 4 [20 21)
thread idx 3 steal from 4 [28 29)
thread idx 2 steal from 4 [36 37)
thread idx 3 steal from 4 [44 45)
thread idx 2 steal from 4 [52 53)
thread idx 3 steal from 4 [60 61)
thread idx 2 steal from 5 [5 6)
thread idx 3 steal from 5 [13 14)
thread idx 2 steal from 5 [21 22)
thread idx 3 steal from 5 [29 30)
thread idx 2 steal from 5 [37 38)
thread idx 3 steal from 5 [45 46)
thread idx 2 steal from 5 [53 54)
thread idx 3 steal from 5 [61 62)
thread idx 0 steal from 1 [1 2)
thread idx 3 steal from 6 [14 15)
thread idx 3 steal from 6 [22 23)
thread idx 3 steal from 6 [30 31)
thread idx 3 steal from 6 [38 39)
thread idx 0 steal from 1 [9 10)
thread idx 3 steal from 6 [46 47)
thread idx 0 steal from 1 [17 18)
thread idx 3 steal from 6 [54 55)
thread idx 0 steal from 1 [25 26)
thread idx 3 steal from 6 [62 63)
thread idx 3 steal from 7 [7 8)
thread idx 0 steal from 1 [33 34)
thread idx 3 steal from 7 [15 16)
thread idx 0 steal from 1 [41 42)
thread idx 2 steal from 6 [6 7)
thread idx 0 steal from 1 [49 50)
thread idx 2 steal from 7 [31 32)
thread idx 2 steal from 7 [39 40)
thread idx 2 steal from 7 [47 48)
thread idx 0 steal from 1 [57 58)
thread idx 2 steal from 7 [55 56)
thread idx 0 steal from 7 [63 64)
thread idx 3 steal from 7 [23 24)
threadid 3 done 1 task, taskid 377, remainingTaksNum 22
thread idx 2 steal from 3 [11 12)
thread idx 378, Get A workFromWaitingQueue, taskId64, num_total_tasks 0 deped_has_not_been_done_num 52
thread idx 2 steal from 3 [19 20)
thread idx 2 steal from 3 [27 28)
thread idx 2 steal from 3 [35 36)
thread idx 2 steal from 3 [43 44)
thread idx 2 steal from 3 [51 52)
thread idx 2 steal from 3 [59 60)
thread idx 3 steal from 4 [52 53)
thread idx 4 steal from 5 [13 14)
thread idx 4 steal from 5 [21 22)
thread idx 4 steal from 5 [29 30)
thread idx 3 steal from 5 [37 38)
thread idx 4 steal from 5 [45 46)
thread idx 3 steal from 5 [53 54)
thread idx 4 steal from 5 [61 62)
thread idx 3 steal from 6 [6 7)
thread idx 4 steal from 6 [14 15)
thread idx 2 steal from 5 [5 6)
thread idx 3 steal from 6 [22 23)
thread idx 4 steal from 6 [30 31)
thread idx 2 steal from 6 [46 47)
thread idx 4 steal from 6 [62 63)
thread idx 6 steal from 7 [7 8)
thread idx 4 steal from 7 [23 24)
thread idx 4 steal from 7 [31 32)
thread idx 4 steal from 7 [39 40)
thread idx 3 steal from 7 [47 48)
thread idx 0 steal from 1 [9 10)
thread idx 6 steal from 7 [55 56)
thread idx 4 steal from 7 [63 64)
thread idx 2 steal from 7 [15 16)
threadid 2 done 1 task, taskid 378, remainingTaksNum 21
thread idx 2 steal from 0 [0 1)
thread idx 379, Get A workFromWaitingQueue, taskId64, num_total_tasks 0 deped_has_not_been_done_num 59
thread idx 0 steal from 1 [1 2)
thread idx 0 steal from 1 [9 10)
thread idx 0 steal from 1 [17 18)
thread idx 0 steal from 1 [25 26)
thread idx 0 steal from 1 [33 34)
thread idx 0 steal from 1 [41 42)
thread idx 0 steal from 1 [49 50)
thread idx 0 steal from 1 [57 58)
thread idx 0 steal from 2 [2 3)
thread idx 0 steal from 2 [10 11)
thread idx 0 steal from 2 [18 19)
thread idx 0 steal from 2 [26 27)
thread idx 0 steal from 2 [34 35)
thread idx 0 steal from 2 [42 43)
thread idx 0 steal from 2 [50 51)
thread idx 0 steal from 2 [58 59)
thread idx 0 steal from 3 [3 4)
thread idx 0 steal from 3 [11 12)
thread idx 0 steal from 3 [19 20)
thread idx 6 steal from 7 [7 8)
thread idx 0 steal from 3 [27 28)
thread idx 6 steal from 7 [15 16)
thread idx 6 steal from 7 [23 24)
thread idx 0 steal from 3 [35 36)
thread idx 6 steal from 7 [31 32)
thread idx 0 steal from 3 [43 44)
thread idx 6 steal from 7 [39 40)
thread idx 6 steal from 7 [47 48)
thread idx 0 steal from 3 [51 52)
thread idx 6 steal from 7 [55 56)
thread idx 6 steal from 7 [63 64)
thread idx 0 steal from 3 [59 60)
thread idx 6 steal from 4 [4 5)
thread idx 0 steal from 4 [12 13)
thread idx 6 steal from 4 [20 21)
thread idx 6 steal from 4 [36 37)
thread idx 2 steal from 4 [28 29)
thread idx 6 steal from 4 [52 53)
thread idx 6 steal from 4 [60 61)
thread idx 6 steal from 5 [13 14)
thread idx 6 steal from 5 [21 22)
thread idx 6 steal from 5 [29 30)
thread idx 6 steal from 5 [37 38)
thread idx 2 steal from 5 [45 46)
thread idx 6 steal from 5 [53 54)
thread idx 0 steal from 4 [44 45)
thread idx 2 steal from 5 [61 62)
threadid 5 done 1 task, taskid 379, remainingTaksNum 20
thread idx 7 steal from 0 [8 9)
thread idx 7 steal from 0 [16 17)
thread idx 7 steal from 0 [24 25)
thread idx 7 steal from 0 [32 33)
thread idx 7 steal from 0 [40 41)
thread idx 7 steal from 0 [48 49)
thread idx 7 steal from 0 [56 57)
thread idx 7 steal from 1 [1 2)
thread idx 7 steal from 1 [9 10)
thread idx 7 steal from 1 [17 18)
thread idx 7 steal from 1 [25 26)
thread idx 380, Get A workFromWaitingQueue, taskId64, num_total_tasks 0 deped_has_not_been_done_num 46
thread idx 7 steal from 1 [33 34)
thread idx 7 steal from 1 [41 42)
thread idx 7 steal from 1 [49 50)
thread idx 7 steal from 1 [57 58)
thread idx 7 steal from 2 [2 3)
thread idx 7 steal from 2 [10 11)
thread idx 7 steal from 2 [18 19)
thread idx 7 steal from 2 [26 27)
thread idx 7 steal from 2 [34 35)
thread idx 7 steal from 2 [42 43)
thread idx 7 steal from 2 [50 51)
thread idx 7 steal from 2 [58 59)
thread idx 7 steal from 3 [3 4)
thread idx 7 steal from 3 [11 12)
thread idx 0 steal from 3 [19 20)
thread idx 0 steal from 3 [35 36)
thread idx 7 steal from 3 [27 28)
thread idx 0 steal from 3 [43 44)
thread idx 7 steal from 3 [51 52)
thread idx 0 steal from 3 [59 60)
thread idx 7 steal from 4 [4 5)
thread idx 0 steal from 4 [12 13)
thread idx 7 steal from 4 [20 21)
thread idx 0 steal from 4 [28 29)
thread idx 7 steal from 4 [36 37)
thread idx 0 steal from 4 [44 45)
thread idx 5 steal from 6 [14 15)
thread idx 7 steal from 4 [52 53)
thread idx 0 steal from 4 [60 61)
thread idx 7 steal from 6 [22 23)
thread idx 5 steal from 6 [30 31)
thread idx 7 steal from 6 [46 47)
thread idx 7 steal from 6 [54 55)
thread idx 7 steal from 6 [62 63)
thread idx 0 steal from 6 [38 39)
threadid 6 done 1 task, taskid 380, remainingTaksNum 19
thread idx 4 steal from 0 [0 1)
thread idx 381, Get A workFromWaitingQueue, taskId64, num_total_tasks 0 deped_has_not_been_done_num 63
thread idx 6 steal from 7 [7 8)
thread idx 6 steal from 7 [23 24)
thread idx 6 steal from 7 [39 40)
thread idx 6 steal from 7 [63 64)
thread idx 7 steal from 0 [32 33)
thread idx 6 steal from 0 [40 41)
thread idx 6 steal from 0 [48 49)
thread idx 1 steal from 2 [58 59)
thread idx 1 steal from 5 [61 62)
thread idx 7 steal from 0 [56 57)
thread idx 0 steal from 3 [51 52)
thread idx 6 steal from 4 [44 45)
thread idx 3 steal from 4 [52 53)
thread idx 4 steal from 5 [5 6)
thread idx 2 steal from 5 [13 14)
threadid 2 done 1 task, taskid 381, remainingTaksNum 18
thread idx 382, Get A workFromWaitingQueue, taskId64, num_total_tasks 0 deped_has_not_been_done_num 64
thread idx 2 steal from 3 [3 4)
thread idx 2 steal from 3 [11 12)
thread idx 0 steal from 1 [1 2)
thread idx 5 steal from 6 [6 7)
thread idx 5 steal from 6 [14 15)
thread idx 2 steal from 3 [19 20)
thread idx 5 steal from 6 [22 23)
thread idx 0 steal from 1 [9 10)
thread idx 5 steal from 6 [30 31)
thread idx 5 steal from 6 [38 39)
thread idx 5 steal from 6 [46 47)
thread idx 5 steal from 6 [54 55)
thread idx 0 steal from 1 [17 18)
thread idx 5 steal from 6 [62 63)
thread idx 5 steal from 7 [7 8)
thread idx 0 steal from 1 [25 26)
thread idx 5 steal from 7 [15 16)
thread idx 0 steal from 1 [33 34)
thread idx 2 steal from 3 [27 28)
thread idx 2 steal from 3 [35 36)
thread idx 2 steal from 3 [43 44)
thread idx 2 steal from 3 [51 52)
thread idx 0 steal from 1 [41 42)
thread idx 2 steal from 3 [59 60)
thread idx 5 steal from 7 [23 24)
thread idx 0 steal from 1 [49 50)
thread idx 2 steal from 4 [4 5)
thread idx 5 steal from 7 [31 32)
thread idx 0 steal from 1 [57 58)
thread idx 5 steal from 7 [39 40)
thread idx 2 steal from 4 [12 13)
thread idx 0 steal from 4 [20 21)
thread idx 5 steal from 7 [47 48)
thread idx 2 steal from 4 [28 29)
thread idx 0 steal from 4 [36 37)
thread idx 5 steal from 7 [55 56)
thread idx 0 steal from 4 [44 45)
thread idx 2 steal from 4 [52 53)
thread idx 6 steal from 7 [63 64)
thread idx 5 steal from 4 [60 61)
threadid 5 done 1 task, taskid 382, remainingTaksNum 17
thread idx 3 steal from 4 [4 5)
thread idx 3 steal from 4 [12 13)
thread idx 3 steal from 4 [20 21)
thread idx 3 steal from 4 [28 29)
thread idx 3 steal from 4 [36 37)
thread idx 3 steal from 4 [44 45)
thread idx 3 steal from 4 [52 53)
thread idx 383, Get A workFromWaitingQueue, taskId64, num_total_tasks 0 deped_has_not_been_done_num 53
thread idx 3 steal from 4 [60 61)
thread idx 3 steal from 5 [5 6)
thread idx 3 steal from 5 [13 14)
thread idx 3 steal from 5 [21 22)
thread idx 3 steal from 5 [29 30)
thread idx 3 steal from 5 [37 38)
thread idx 3 steal from 5 [45 46)
thread idx 3 steal from 5 [53 54)
thread idx 3 steal from 5 [61 62)
thread idx 3 steal from 6 [6 7)
thread idx 3 steal from 6 [14 15)
thread idx 3 steal from 6 [22 23)
thread idx 3 steal from 6 [30 31)
thread idx 3 steal from 6 [38 39)
thread idx 3 steal from 6 [46 47)
thread idx 3 steal from 6 [54 55)
thread idx 3 steal from 6 [62 63)
thread idx 3 steal from 7 [7 8)
thread idx 3 steal from 7 [15 16)
thread idx 3 steal from 7 [23 24)
thread idx 3 steal from 7 [31 32)
thread idx 3 steal from 7 [39 40)
thread idx 6 steal from 7 [47 48)
thread idx 3 steal from 7 [55 56)
thread idx 6 steal from 7 [63 64)
thread idx 6 steal from 1 [9 10)
thread idx 3 steal from 1 [17 18)
thread idx 6 steal from 1 [25 26)
thread idx 3 steal from 1 [33 34)
thread idx 6 steal from 1 [41 42)
thread idx 3 steal from 1 [49 50)
thread idx 6 steal from 1 [57 58)
thread idx 3 steal from 2 [2 3)
thread idx 6 steal from 2 [10 11)
thread idx 6 steal from 2 [18 19)
thread idx 6 steal from 2 [26 27)
thread idx 6 steal from 2 [34 35)
thread idx 6 steal from 2 [42 43)
thread idx 6 steal from 2 [50 51)
thread idx 6 steal from 2 [58 59)
thread idx 0 steal from 1 [1 2)
threadid 0 done 1 task, taskid 383, remainingTaksNum 16
thread idx 384, Get A workFromWaitingQueue, taskId64, num_total_tasks 0 deped_has_not_been_done_num 62
thread idx 3 steal from 4 [4 5)
thread idx 3 steal from 4 [12 13)
thread idx 3 steal from 4 [20 21)
thread idx 3 steal from 4 [28 29)
thread idx 3 steal from 4 [36 37)
thread idx 1 steal from 2 [2 3)
thread idx 3 steal from 4 [44 45)
thread idx 1 steal from 2 [10 11)
thread idx 0 steal from 2 [18 19)
thread idx 4 steal from 5 [5 6)
thread idx 4 steal from 5 [13 14)
thread idx 4 steal from 5 [21 22)
thread idx 5 steal from 6 [6 7)
thread idx 5 steal from 6 [14 15)
thread idx 5 steal from 6 [22 23)
thread idx 5 steal from 6 [38 39)
thread idx 5 steal from 6 [62 63)
thread idx 6 steal from 7 [7 8)
thread idx 5 steal from 7 [15 16)
thread idx 6 steal from 7 [23 24)
thread idx 5 steal from 7 [31 32)
thread idx 6 steal from 7 [39 40)
thread idx 5 steal from 7 [47 48)
thread idx 6 steal from 7 [55 56)
thread idx 6 steal from 7 [63 64)
thread idx 6 steal from 2 [42 43)
thread idx 6 steal from 2 [50 51)
thread idx 6 steal from 2 [58 59)
thread idx 1 steal from 2 [26 27)
thread idx 0 steal from 2 [34 35)
thread idx 3 steal from 4 [60 61)
threadid 3 done 1 task, taskid 384, remainingTaksNum 15
thread idx 5 steal from 6 [6 7)
thread idx 5 steal from 6 [14 15)
thread idx 5 steal from 6 [22 23)
thread idx 5 steal from 6 [30 31)
thread idx 5 steal from 6 [38 39)
thread idx 5 steal from 6 [46 47)
thread idx 5 steal from 6 [54 55)
thread idx 5 steal from 6 [62 63)
thread idx 5 steal from 7 [7 8)
thread idx 5 steal from 7 [15 16)
thread idx 5 steal from 7 [23 24)
thread idx 5 steal from 7 [31 32)
thread idx 5 steal from 7 [39 40)
thread idx 5 steal from 7 [47 48)
thread idx 5 steal from 7 [55 56)
thread idx 5 steal from 7 [63 64)
thread idx 385, Get A workFromWaitingQueue, taskId64, num_total_tasks 0 deped_has_not_been_done_num 41
thread idx 5 steal from 0 [0 1)
thread idx 5 steal from 0 [8 9)
thread idx 5 steal from 0 [16 17)
thread idx 5 steal from 0 [24 25)
thread idx 5 steal from 0 [32 33)
thread idx 5 steal from 0 [40 41)
thread idx 5 steal from 0 [48 49)
thread idx 5 steal from 0 [56 57)
thread idx 5 steal from 1 [1 2)
thread idx 5 steal from 1 [9 10)
thread idx 5 steal from 1 [17 18)
thread idx 5 steal from 1 [25 26)
thread idx 5 steal from 1 [33 34)
thread idx 5 steal from 1 [41 42)
thread idx 5 steal from 1 [49 50)
thread idx 5 steal from 1 [57 58)
thread idx 3 steal from 4 [4 5)
thread idx 5 steal from 2 [2 3)
thread idx 3 steal from 4 [12 13)
thread idx 5 steal from 2 [10 11)
thread idx 3 steal from 4 [20 21)
thread idx 5 steal from 2 [18 19)
thread idx 3 steal from 4 [28 29)
thread idx 5 steal from 2 [26 27)
thread idx 3 steal from 4 [52 53)
thread idx 5 steal from 2 [34 35)
thread idx 4 steal from 2 [42 43)
thread idx 5 steal from 2 [58 59)
thread idx 3 steal from 2 [50 51)
threadid 3 done 1 task, taskid 385, remainingTaksNum 14
thread idx 386, Get A workFromWaitingQueue, taskId64, num_total_tasks 0 deped_has_not_been_done_num 64
thread idx 3 steal from 4 [4 5)
thread idx 3 steal from 4 [12 13)
thread idx 3 steal from 4 [20 21)
thread idx 3 steal from 4 [28 29)
thread idx 3 steal from 4 [36 37)
thread idx 3 steal from 4 [44 45)
thread idx 3 steal from 4 [52 53)
thread idx 3 steal from 4 [60 61)
thread idx 3 steal from 5 [5 6)
thread idx 3 steal from 5 [13 14)
thread idx 3 steal from 5 [29 30)
thread idx 4 steal from 5 [21 22)
thread idx 3 steal from 5 [37 38)
thread idx 4 steal from 5 [45 46)
thread idx 4 steal from 5 [61 62)
thread idx 4 steal from 6 [6 7)
thread idx 4 steal from 6 [14 15)
thread idx 4 steal from 6 [22 23)
thread idx 4 steal from 6 [30 31)
thread idx 4 steal from 6 [38 39)
thread idx 4 steal from 6 [46 47)
thread idx 4 steal from 6 [54 55)
thread idx 4 steal from 6 [62 63)
thread idx 4 steal from 7 [7 8)
thread idx 4 steal from 7 [15 16)
thread idx 4 steal from 7 [23 24)
thread idx 4 steal from 7 [31 32)
thread idx 4 steal from 7 [39 40)
thread idx 4 steal from 7 [47 48)
thread idx 4 steal from 7 [55 56)
thread idx 4 steal from 7 [63 64)
thread idx 0 steal from 1 [1 2)
thread idx 0 steal from 1 [17 18)
thread idx 0 steal from 1 [25 26)
thread idx 0 steal from 1 [33 34)
thread idx 0 steal from 1 [41 42)
thread idx 3 steal from 5 [53 54)
thread idx 7 steal from 1 [57 58)
thread idx 6 steal from 2 [2 3)
thread idx 4 steal from 1 [9 10)
thread idx 3 steal from 2 [18 19)
thread idx 6 steal from 2 [26 27)
thread idx 6 steal from 2 [34 35)
thread idx 3 steal from 2 [42 43)
thread idx 6 steal from 2 [50 51)
thread idx 4 steal from 2 [58 59)
thread idx 7 steal from 2 [10 11)
thread idx 0 steal from 1 [49 50)
threadid 0 done 1 task, taskid 386, remainingTaksNum 13
thread idx 387, Get A workFromWaitingQueue, taskId64, num_total_tasks 0 deped_has_not_been_done_num 63
thread idx 5 steal from 6 [6 7)
thread idx 5 steal from 6 [14 15)
thread idx 5 steal from 6 [22 23)
thread idx 3 steal from 4 [4 5)
thread idx 3 steal from 4 [12 13)
thread idx 5 steal from 6 [30 31)
thread idx 3 steal from 4 [20 21)
thread idx 5 steal from 6 [38 39)
thread idx 3 steal from 4 [28 29)
thread idx 5 steal from 6 [46 47)
thread idx 3 steal from 4 [36 37)
thread idx 3 steal from 4 [44 45)
thread idx 3 steal from 4 [52 53)
thread idx 5 steal from 6 [54 55)
thread idx 3 steal from 4 [60 61)
thread idx 5 steal from 6 [62 63)
thread idx 3 steal from 7 [55 56)
thread idx 7 steal from 0 [0 1)
thread idx 3 steal from 0 [8 9)
thread idx 5 steal from 0 [16 17)
thread idx 7 steal from 0 [24 25)
thread idx 3 steal from 0 [32 33)
thread idx 5 steal from 0 [40 41)
thread idx 7 steal from 0 [48 49)
thread idx 3 steal from 1 [57 58)
thread idx 1 steal from 2 [2 3)
thread idx 4 steal from 2 [18 19)
thread idx 6 steal from 2 [34 35)
thread idx 1 steal from 2 [42 43)
thread idx 4 steal from 2 [50 51)
thread idx 6 steal from 2 [58 59)
thread idx 5 steal from 0 [56 57)
thread idx 7 steal from 2 [10 11)
thread idx 3 steal from 2 [26 27)
threadid 3 done 1 task, taskid 387, remainingTaksNum 12
thread idx 3 steal from 0 [0 1)
thread idx 388, Get A workFromWaitingQueue, taskId64, num_total_tasks 0 deped_has_not_been_done_num 64
thread idx 2 steal from 3 [3 4)
thread idx 2 steal from 3 [11 12)
thread idx 2 steal from 3 [19 20)
thread idx 3 steal from 4 [4 5)
thread idx 3 steal from 4 [12 13)
thread idx 3 steal from 4 [20 21)
thread idx 3 steal from 4 [28 29)
thread idx 3 steal from 4 [36 37)
thread idx 2 steal from 4 [44 45)
thread idx 3 steal from 4 [52 53)
thread idx 3 steal from 4 [60 61)
thread idx 2 steal from 5 [5 6)
thread idx 3 steal from 5 [13 14)
thread idx 3 steal from 5 [21 22)
thread idx 2 steal from 5 [29 30)
thread idx 3 steal from 5 [37 38)
thread idx 2 steal from 5 [45 46)
thread idx 3 steal from 5 [53 54)
thread idx 2 steal from 5 [61 62)
thread idx 3 steal from 6 [6 7)
thread idx 2 steal from 6 [14 15)
thread idx 2 steal from 6 [30 31)
thread idx 3 steal from 6 [22 23)
thread idx 2 steal from 6 [38 39)
thread idx 3 steal from 6 [46 47)
thread idx 4 steal from 6 [54 55)
thread idx 4 steal from 6 [62 63)
thread idx 2 steal from 7 [7 8)
thread idx 2 steal from 7 [23 24)
thread idx 2 steal from 7 [31 32)
thread idx 2 steal from 7 [39 40)
thread idx 2 steal from 7 [47 48)
thread idx 2 steal from 7 [55 56)
thread idx 2 steal from 7 [63 64)
thread idx 4 steal from 7 [15 16)
thread idx 2 steal from 0 [8 9)
thread idx 2 steal from 0 [16 17)
thread idx 4 steal from 0 [24 25)
thread idx 2 steal from 0 [32 33)
thread idx 4 steal from 0 [40 41)
thread idx 2 steal from 0 [48 49)
thread idx 4 steal from 0 [56 57)
threadid 4 done 1 task, taskid 388, remainingTaksNum 11
thread idx 4 steal from 0 [0 1)
thread idx 389, Get A workFromWaitingQueue, taskId64, num_total_tasks 0 deped_has_not_been_done_num 64
thread idx 2 steal from 3 [3 4)
thread idx 2 steal from 3 [11 12)
thread idx 2 steal from 3 [19 20)
thread idx 4 steal from 5 [5 6)
thread idx 4 steal from 5 [13 14)
thread idx 3 steal from 7 [15 16)
thread idx 4 steal from 5 [21 22)
thread idx 6 steal from 7 [7 8)
thread idx 4 steal from 5 [29 30)
thread idx 6 steal from 7 [23 24)
thread idx 4 steal from 5 [37 38)
thread idx 6 steal from 7 [31 32)
thread idx 4 steal from 5 [45 46)
thread idx 6 steal from 7 [39 40)
thread idx 6 steal from 7 [47 48)
thread idx 4 steal from 5 [53 54)
thread idx 6 steal from 7 [55 56)
thread idx 3 steal from 5 [61 62)
thread idx 2 steal from 3 [27 28)
thread idx 4 steal from 0 [8 9)
thread idx 1 steal from 0 [16 17)
thread idx 2 steal from 0 [32 33)
thread idx 6 steal from 7 [63 64)
thread idx 2 steal from 0 [48 49)
thread idx 6 steal from 0 [56 57)
thread idx 3 steal from 0 [40 41)
thread idx 2 steal from 1 [41 42)
thread idx 6 steal from 1 [57 58)
thread idx 4 steal from 0 [24 25)
threadid 4 done 1 task, taskid 389, remainingTaksNum 10
thread idx 2 steal from 3 [3 4)
thread idx 2 steal from 3 [11 12)
thread idx 2 steal from 3 [19 20)
thread idx 2 steal from 3 [27 28)
thread idx 2 steal from 3 [35 36)
thread idx 2 steal from 3 [43 44)
thread idx 2 steal from 3 [51 52)
thread idx 2 steal from 3 [59 60)
thread idx 2 steal from 4 [4 5)
thread idx 2 steal from 4 [12 13)
thread idx 2 steal from 4 [20 21)
thread idx 2 steal from 4 [28 29)
thread idx 2 steal from 4 [36 37)
thread idx 2 steal from 4 [44 45)
thread idx 2 steal from 4 [52 53)
thread idx 2 steal from 4 [60 61)
thread idx 4 steal from 5 [5 6)
thread idx 7 steal from 0 [0 1)
thread idx 4 steal from 5 [21 22)
thread idx 4 steal from 5 [29 30)
thread idx 4 steal from 5 [37 38)
thread idx 4 steal from 5 [45 46)
thread idx 4 steal from 5 [53 54)
thread idx 4 steal from 5 [61 62)
thread idx 4 steal from 6 [6 7)
thread idx 4 steal from 6 [14 15)
thread idx 4 steal from 6 [22 23)
thread idx 4 steal from 6 [30 31)
thread idx 4 steal from 6 [38 39)
thread idx 4 steal from 6 [46 47)
thread idx 4 steal from 6 [54 55)
thread idx 4 steal from 6 [62 63)
thread idx 4 steal from 7 [7 8)
thread idx 390, Get A workFromWaitingQueue, taskId64, num_total_tasks 0 deped_has_not_been_done_num 64
thread idx 7 steal from 0 [8 9)
thread idx 7 steal from 0 [16 17)
thread idx 7 steal from 0 [24 25)
thread idx 7 steal from 0 [32 33)
thread idx 7 steal from 0 [40 41)
thread idx 7 steal from 0 [48 49)
thread idx 7 steal from 0 [56 57)
thread idx 7 steal from 1 [1 2)
thread idx 4 steal from 7 [23 24)
thread idx 2 steal from 5 [13 14)
thread idx 4 steal from 1 [17 18)
thread idx 4 steal from 1 [25 26)
thread idx 4 steal from 1 [33 34)
thread idx 4 steal from 1 [41 42)
thread idx 2 steal from 1 [49 50)
thread idx 4 steal from 1 [57 58)
thread idx 7 steal from 1 [9 10)
threadid 7 done 1 task, taskid 390, remainingTaksNum 9
thread idx 7 steal from 0 [0 1)
thread idx 391, Get A workFromWaitingQueue, taskId64, num_total_tasks 0 deped_has_not_been_done_num 64
thread idx 7 steal from 0 [8 9)
thread idx 7 steal from 0 [16 17)
thread idx 7 steal from 0 [24 25)
thread idx 7 steal from 0 [32 33)
thread idx 7 steal from 0 [40 41)
thread idx 7 steal from 0 [48 49)
thread idx 7 steal from 0 [56 57)
thread idx 7 steal from 1 [1 2)
thread idx 7 steal from 1 [9 10)
thread idx 7 steal from 1 [17 18)
thread idx 7 steal from 1 [25 26)
thread idx 7 steal from 1 [33 34)
thread idx 7 steal from 1 [41 42)
thread idx 7 steal from 1 [49 50)
thread idx 7 steal from 1 [57 58)
thread idx 4 steal from 5 [5 6)
thread idx 3 steal from 5 [13 14)
thread idx 3 steal from 5 [29 30)
thread idx 7 steal from 2 [2 3)
thread idx 7 steal from 2 [10 11)
thread idx 7 steal from 2 [26 27)
thread idx 7 steal from 2 [50 51)
thread idx 4 steal from 5 [21 22)
thread idx 2 steal from 5 [45 46)
thread idx 3 steal from 5 [37 38)
thread idx 4 steal from 5 [61 62)
thread idx 3 steal from 6 [6 7)
thread idx 4 steal from 6 [14 15)
thread idx 2 steal from 6 [22 23)
thread idx 4 steal from 6 [38 39)
thread idx 3 steal from 6 [30 31)
thread idx 2 steal from 6 [46 47)
thread idx 4 steal from 6 [54 55)
thread idx 3 steal from 6 [62 63)
thread idx 7 steal from 5 [53 54)
threadid 7 done 1 task, taskid 391, remainingTaksNum 8
thread idx 3 steal from 4 [12 13)
thread idx 3 steal from 4 [20 21)
thread idx 3 steal from 4 [28 29)
thread idx 3 steal from 4 [36 37)
thread idx 3 steal from 4 [44 45)
thread idx 3 steal from 4 [52 53)
thread idx 3 steal from 4 [60 61)
thread idx 3 steal from 5 [5 6)
thread idx 3 steal from 5 [13 14)
thread idx 3 steal from 5 [21 22)
thread idx 3 steal from 5 [29 30)
thread idx 3 steal from 5 [37 38)
thread idx 3 steal from 5 [45 46)
thread idx 3 steal from 5 [53 54)
thread idx 392, Get A workFromWaitingQueue, taskId64, num_total_tasks 0 deped_has_not_been_done_num 43
thread idx 3 steal from 5 [61 62)
thread idx 3 steal from 6 [6 7)
thread idx 3 steal from 6 [14 15)
thread idx 3 steal from 6 [22 23)
thread idx 3 steal from 6 [30 31)
thread idx 3 steal from 6 [38 39)
thread idx 3 steal from 6 [46 47)
thread idx 3 steal from 6 [54 55)
thread idx 7 steal from 0 [0 1)
thread idx 7 steal from 0 [8 9)
thread idx 7 steal from 0 [16 17)
thread idx 7 steal from 0 [24 25)
thread idx 3 steal from 0 [32 33)
thread idx 7 steal from 0 [40 41)
thread idx 7 steal from 0 [48 49)
thread idx 3 steal from 0 [56 57)
thread idx 7 steal from 1 [1 2)
thread idx 7 steal from 1 [9 10)
thread idx 3 steal from 1 [17 18)
thread idx 7 steal from 1 [25 26)
thread idx 3 steal from 1 [33 34)
thread idx 4 steal from 1 [41 42)
thread idx 3 steal from 1 [57 58)
thread idx 7 steal from 1 [49 50)
thread idx 2 steal from 6 [62 63)
threadid 2 done 1 task, taskid 392, remainingTaksNum 7
thread idx 7 steal from 0 [0 1)
thread idx 2 steal from 3 [3 4)
thread idx 2 steal from 3 [11 12)
thread idx 2 steal from 3 [19 20)
thread idx 2 steal from 3 [27 28)
thread idx 2 steal from 3 [35 36)
thread idx 2 steal from 3 [43 44)
thread idx 2 steal from 3 [51 52)
thread idx 2 steal from 3 [59 60)
thread idx 2 steal from 4 [4 5)
thread idx 2 steal from 4 [12 13)
thread idx 2 steal from 4 [20 21)
thread idx 2 steal from 4 [28 29)
thread idx 2 steal from 4 [36 37)
thread idx 393, Get A workFromWaitingQueue, taskId64, num_total_tasks 0 deped_has_not_been_done_num 44
thread idx 2 steal from 4 [44 45)
thread idx 2 steal from 4 [52 53)
thread idx 2 steal from 4 [60 61)
thread idx 2 steal from 5 [13 14)
thread idx 2 steal from 5 [21 22)
thread idx 2 steal from 5 [29 30)
thread idx 2 steal from 5 [37 38)
thread idx 2 steal from 5 [45 46)
thread idx 2 steal from 5 [53 54)
thread idx 2 steal from 5 [61 62)
thread idx 2 steal from 6 [6 7)
thread idx 2 steal from 6 [14 15)
thread idx 2 steal from 6 [22 23)
thread idx 2 steal from 6 [30 31)
thread idx 2 steal from 6 [38 39)
thread idx 3 steal from 6 [46 47)
thread idx 3 steal from 6 [62 63)
thread idx 3 steal from 7 [7 8)
thread idx 3 steal from 7 [15 16)
thread idx 3 steal from 7 [23 24)
thread idx 3 steal from 7 [55 56)
thread idx 2 steal from 6 [54 55)
thread idx 3 steal from 0 [8 9)
thread idx 7 steal from 0 [16 17)
thread idx 3 steal from 0 [32 33)
thread idx 7 steal from 0 [40 41)
thread idx 7 steal from 0 [48 49)
thread idx 7 steal from 0 [56 57)
thread idx 7 steal from 1 [1 2)
thread idx 3 steal from 1 [9 10)
thread idx 5 steal from 1 [17 18)
thread idx 3 steal from 1 [25 26)
thread idx 5 steal from 1 [33 34)
thread idx 3 steal from 1 [41 42)
thread idx 2 steal from 0 [24 25)
thread idx 3 steal from 1 [57 58)
thread idx 5 steal from 1 [49 50)
threadid 5 done 1 task, taskid 393, remainingTaksNum 6
thread idx 394, Get A workFromWaitingQueue, taskId64, num_total_tasks 0 deped_has_not_been_done_num 63
thread idx 0 steal from 1 [1 2)
thread idx 0 steal from 1 [17 18)
thread idx 0 steal from 1 [41 42)
thread idx 0 steal from 1 [57 58)
thread idx 1 steal from 2 [2 3)
thread idx 0 steal from 2 [10 11)
thread idx 1 steal from 2 [18 19)
thread idx 0 steal from 2 [26 27)
thread idx 1 steal from 2 [34 35)
thread idx 0 steal from 2 [42 43)
thread idx 1 steal from 2 [50 51)
thread idx 1 steal from 2 [58 59)
thread idx 1 steal from 3 [3 4)
thread idx 0 steal from 3 [11 12)
thread idx 1 steal from 3 [19 20)
thread idx 0 steal from 3 [27 28)
thread idx 7 steal from 3 [35 36)
thread idx 0 steal from 3 [51 52)
thread idx 2 steal from 3 [59 60)
thread idx 0 steal from 4 [44 45)
thread idx 0 steal from 5 [5 6)
thread idx 3 steal from 5 [13 14)
thread idx 7 steal from 5 [37 38)
thread idx 1 steal from 3 [43 44)
thread idx 3 steal from 5 [45 46)
thread idx 1 steal from 5 [53 54)
thread idx 3 steal from 5 [61 62)
thread idx 4 steal from 5 [21 22)
thread idx 7 steal from 6 [38 39)
thread idx 1 steal from 6 [46 47)
thread idx 3 steal from 6 [54 55)
thread idx 0 steal from 5 [29 30)
thread idx 4 steal from 6 [62 63)
threadid 4 done 1 task, taskid 394, remainingTaksNum 5
thread idx 4 steal from 0 [0 1)
thread idx 0 steal from 1 [1 2)
thread idx 2 steal from 5 [5 6)
thread idx 2 steal from 3 [3 4)
thread idx 2 steal from 3 [11 12)
thread idx 2 steal from 3 [19 20)
thread idx 2 steal from 3 [27 28)
thread idx 2 steal from 3 [35 36)
thread idx 2 steal from 3 [43 44)
thread idx 2 steal from 3 [51 52)
thread idx 4 steal from 5 [13 14)
thread idx 4 steal from 5 [21 22)
thread idx 4 steal from 5 [29 30)
thread idx 4 steal from 5 [37 38)
thread idx 4 steal from 5 [45 46)
thread idx 4 steal from 5 [53 54)
thread idx 4 steal from 5 [61 62)
thread idx 4 steal from 6 [6 7)
thread idx 4 steal from 6 [14 15)
thread idx 4 steal from 6 [22 23)
thread idx 4 steal from 6 [30 31)
thread idx 4 steal from 6 [38 39)
thread idx 4 steal from 6 [46 47)
thread idx 4 steal from 6 [54 55)
thread idx 4 steal from 6 [62 63)
thread idx 4 steal from 7 [7 8)
thread idx 4 steal from 7 [15 16)
thread idx 4 steal from 7 [23 24)
thread idx 4 steal from 7 [31 32)
thread idx 4 steal from 7 [39 40)
thread idx 4 steal from 7 [47 48)
thread idx 0 steal from 1 [9 10)
thread idx 2 steal from 3 [59 60)
thread idx 4 steal from 7 [55 56)
thread idx 395, Get A workFromWaitingQueue, taskId64, num_total_tasks 0 deped_has_not_been_done_num 49
thread idx 4 steal from 7 [63 64)
thread idx 4 steal from 1 [25 26)
thread idx 6 steal from 1 [33 34)
thread idx 4 steal from 1 [41 42)
thread idx 6 steal from 1 [49 50)
thread idx 4 steal from 1 [57 58)
thread idx 0 steal from 1 [17 18)
threadid 0 done 1 task, taskid 395, remainingTaksNum 4
thread idx 2 steal from 0 [0 1)
thread idx 0 steal from 3 [3 4)
thread idx 396, Get A workFromWaitingQueue, taskId64, num_total_tasks 0 deped_has_not_been_done_num 64
thread idx 4 steal from 5 [5 6)
thread idx 4 steal from 5 [13 14)
thread idx 4 steal from 5 [21 22)
thread idx 4 steal from 5 [29 30)
thread idx 4 steal from 5 [37 38)
thread idx 4 steal from 5 [45 46)
thread idx 4 steal from 5 [53 54)
thread idx 4 steal from 5 [61 62)
thread idx 4 steal from 6 [6 7)
thread idx 4 steal from 6 [14 15)
thread idx 4 steal from 6 [22 23)
thread idx 4 steal from 6 [30 31)
thread idx 4 steal from 6 [38 39)
thread idx 4 steal from 6 [46 47)
thread idx 4 steal from 6 [54 55)
thread idx 4 steal from 6 [62 63)
thread idx 4 steal from 7 [39 40)
thread idx 2 steal from 3 [11 12)
thread idx 4 steal from 7 [63 64)
thread idx 7 steal from 0 [8 9)
thread idx 4 steal from 0 [16 17)
thread idx 4 steal from 0 [24 25)
thread idx 4 steal from 0 [32 33)
thread idx 7 steal from 0 [40 41)
thread idx 4 steal from 0 [48 49)
thread idx 7 steal from 0 [56 57)
thread idx 4 steal from 1 [1 2)
thread idx 7 steal from 1 [9 10)
thread idx 4 steal from 1 [25 26)
thread idx 7 steal from 1 [41 42)
thread idx 0 steal from 1 [33 34)
thread idx 5 steal from 1 [49 50)
thread idx 4 steal from 1 [57 58)
thread idx 3 steal from 1 [17 18)
thread idx 2 steal from 3 [19 20)
threadid 2 done 1 task, taskid 396, remainingTaksNum 3
thread idx 3 steal from 0 [0 1)
thread idx 2 steal from 1 [1 2)
thread idx 397, Get A workFromWaitingQueue, taskId64, num_total_tasks 0 deped_has_not_been_done_num 64
thread idx 3 steal from 4 [4 5)
thread idx 4 steal from 3 [3 4)
thread idx 3 steal from 4 [12 13)
thread idx 3 steal from 4 [20 21)
thread idx 0 steal from 1 [33 34)
thread idx 3 steal from 4 [36 37)
thread idx 7 steal from 1 [41 42)
thread idx 0 steal from 1 [57 58)
thread idx 3 steal from 4 [60 61)
thread idx 4 steal from 5 [21 22)
thread idx 2 steal from 5 [29 30)
thread idx 7 steal from 5 [37 38)
thread idx 0 steal from 5 [53 54)
thread idx 2 steal from 5 [61 62)
thread idx 4 steal from 6 [30 31)
thread idx 2 steal from 6 [46 47)
thread idx 0 steal from 6 [54 55)
thread idx 3 steal from 5 [45 46)
thread idx 1 steal from 2 [58 59)
threadid 1 done 1 task, taskid 397, remainingTaksNum 2
thread idx 7 steal from 3 [3 4)
thread idx 7 steal from 0 [8 9)
thread idx 7 steal from 0 [16 17)
thread idx 7 steal from 0 [24 25)
thread idx 398, Get A workFromWaitingQueue, taskId64, num_total_tasks 0 deped_has_not_been_done_num 46
thread idx 7 steal from 0 [40 41)
thread idx 6 steal from 0 [32 33)
thread idx 7 steal from 0 [48 49)
thread idx 6 steal from 0 [56 57)
thread idx 7 steal from 1 [9 10)
thread idx 6 steal from 1 [17 18)
thread idx 7 steal from 1 [25 26)
thread idx 6 steal from 1 [33 34)
thread idx 7 steal from 1 [41 42)
thread idx 6 steal from 1 [49 50)
thread idx 7 steal from 1 [57 58)
thread idx 0 steal from 2 [10 11)
thread idx 0 steal from 2 [18 19)
thread idx 3 steal from 4 [4 5)
thread idx 0 steal from 2 [26 27)
thread idx 3 steal from 4 [12 13)
thread idx 3 steal from 4 [20 21)
thread idx 0 steal from 2 [34 35)
thread idx 3 steal from 4 [28 29)
thread idx 0 steal from 2 [42 43)
thread idx 3 steal from 4 [36 37)
thread idx 3 steal from 4 [44 45)
thread idx 0 steal from 2 [50 51)
thread idx 3 steal from 4 [52 53)
thread idx 3 steal from 4 [60 61)
thread idx 0 steal from 2 [58 59)
thread idx 3 steal from 5 [5 6)
thread idx 0 steal from 5 [13 14)
thread idx 3 steal from 5 [21 22)
thread idx 0 steal from 5 [37 38)
thread idx 4 steal from 5 [29 30)
thread idx 7 steal from 5 [61 62)
thread idx 3 steal from 5 [45 46)
thread idx 6 steal from 2 [2 3)
thread idx 2 steal from 5 [53 54)
threadid 1 done 1 task, taskid 398, remainingTaksNum 1
thread idx 4 steal from 0 [0 1)
thread idx 3 steal from 2 [2 3)
thread idx 2 steal from 3 [3 4)
thread idx 399, Get A workFromWaitingQueue, taskId64, num_total_tasks 0 deped_has_not_been_done_num 62
thread idx 2 steal from 3 [51 52)
thread idx 0 steal from 1 [1 2)
thread idx 2 steal from 3 [59 60)
thread idx 5 steal from 6 [6 7)
thread idx 4 steal from 6 [14 15)
thread idx 3 steal from 6 [22 23)
thread idx 4 steal from 6 [30 31)
thread idx 3 steal from 6 [38 39)
thread idx 5 steal from 6 [46 47)
thread idx 4 steal from 6 [54 55)
thread idx 0 steal from 1 [9 10)
thread idx 5 steal from 7 [7 8)
thread idx 4 steal from 7 [15 16)
thread idx 5 steal from 7 [23 24)
thread idx 4 steal from 7 [31 32)
thread idx 2 steal from 4 [52 53)
thread idx 5 steal from 7 [39 40)
thread idx 4 steal from 7 [47 48)
thread idx 2 steal from 7 [55 56)
thread idx 5 steal from 7 [63 64)
thread idx 4 steal from 1 [41 42)
thread idx 2 steal from 1 [57 58)
thread idx 3 steal from 6 [62 63)
thread idx 0 steal from 1 [25 26)
threadidx 4 wait for work
threadidx 1 wait for work
no remaining tasks notify, thread idx 0threadid 0 done 1 task, taskid 399, remainingTaksNum 0
threadidx 0 wait for work
threadidx 3 wait for work
threadidx 6 wait for work
threadidx 2 wait for work
threadidx 5 wait for work
threadidx 7 wait for work
threadidx 0 wait for work
threadidx 1 wait for work
threadidx 2 wait for work
threadidx 3 wait for work
threadidx 4 wait for work
threadidx 5 wait for work
threadidx 6 wait for work
threadidx 7 wait for work
begin to add new task, new taskId 0, deps[ ]
remainiTask Num is 1
begin to add new task, new taskId 1, deps[ 0 ]
remainiTask Num is 2
begin to add new task, new taskId 2, deps[ 1 ]
remainiTask Num is 3
begin to add new task, new taskId 3, deps[ 2 ]
remainiTask Num is 4
begin to add new task, new taskId 4, deps[ 3 ]
remainiTask Num is 5
begin to add new task, new taskId 5, deps[ 4 ]
remainiTask Num is 6
begin to add new task, new taskId 6, deps[ 5 ]
remainiTask Num is 7
begin to add new task, new taskId 7, deps[ 6 ]
remainiTask Num is 8
begin to add new task, new taskId 8, deps[ 7 ]
remainiTask Num is 9
begin to add new task, new taskId 9, deps[ 8 ]
remainiTask Num is 10
begin to add new task, new taskId 10, deps[ 9 ]
remainiTask Num is 11
begin to add new task, new taskId 11, deps[ 10 ]
remainiTask Num is 12
begin to add new task, new taskId 12, deps[ 11 ]
remainiTask Num is 13
thread idx 0, Get A workFromWaitingQueue, taskId64, num_total_tasks 0 deped_has_not_been_done_num 64
thread idx 7 steal from 0 [0 1)
thread idx 7 steal from 0 [8 9)
thread idx 7 steal from 0 [16 17)
thread idx 7 steal from 0 [24 25)
thread idx 7 steal from 0 [32 33)
thread idx 7 steal from 0 [40 41)
thread idx 7 steal from 0 [48 49)
thread idx 7 steal from 0 [56 57)
thread idx 7 steal from 1 [1 2)
thread idx 7 steal from 1 [9 10)
thread idx 7 steal from 1 [17 18)
thread idx 7 steal from 1 [25 26)
thread idx 7 steal from 1 [33 34)
thread idx 7 steal from 1 [41 42)
thread idx 7 steal from 1 [49 50)
begin to add new task, new taskId 13, deps[ thread idx 7 steal from 1 [57 58)
12 ]
thread idx 0 steal from 2 [2 3)
remainiTask Num is 14
begin to add new task, new taskId 14, deps[ 13 ]
remainiTask Num is 15
begin to add new task, new taskId 15, deps[ thread idx 2 steal from 3 [59 60)
14 ]
remainiTask Num is 16
begin to add new task, new taskId 16, deps[ 15 ]
remainiTask Num is 17
thread idx 2 steal from 4 [12 13)
begin to add new task, new taskId 17, deps[ thread idx 5 steal from 6 [6 7)
thread idx 5 steal from 6 [14 15)
16 ]
thread idx 2 steal from 4 [20 21)
remainiTask Num is 18
begin to add new task, new taskId 18, deps[ 17 ]
remainiTask Num is 19
thread idx 7 steal from 2 [10 11)
begin to add new task, new taskId 19, deps[ 18 ]
remainiTask Num is 20
thread idx 7 steal from 4 [28 29)
thread idx 0 steal from 2 [18 19)
thread idx 7 steal from 4 [52 53)
thread idx 4 steal from 6 [30 31)
thread idx 7 steal from 6 [38 39)
thread idx 7 steal from 6 [46 47)
thread idx 7 steal from 6 [54 55)
thread idx 7 steal from 6 [62 63)
thread idx 5 steal from 6 [22 23)
begin to add new task, new taskId 20, deps[ 19 ]
thread idx 2 steal from 4 [44 45)
remainiTask Num is 21
thread idx 3 steal from 4 [4 5)
thread idx 1 steal from 2 [26 27)
threadid 1 done 1 task, taskid 0, remainingTaksNum 20
begin to add new task, new taskId 21, deps[ 20 ]
thread idx 1, Get A workFromWaitingQueue, taskId64, num_total_tasks 0 deped_has_not_been_done_num 64
remainiTask Num is 21
begin to add new task, new taskId 22, deps[ 21 ]
remainiTask Num is 22
begin to add new task, new taskId 23, deps[ 22 ]
remainiTask Num is 23
begin to add new task, new taskId 24, deps[ 23 ]
remainiTask Num is 24
begin to add new task, new taskId 25, deps[ 24 ]
remainiTask Num is 25
begin to add new task, new taskId 26, deps[ 25 ]
remainiTask Num is 26
begin to add new task, new taskId 27, deps[ 26 ]
remainiTask Num is 27
begin to add new task, new taskId 28, deps[ 27 ]
remainiTask Num is 28
begin to add new task, new taskId 29, deps[ 28 ]
thread idx 4 steal from 5 [5 6)
thread idx 4 steal from 5 [13 14)
thread idx 7 steal from 0 [0 1)
thread idx 7 steal from 0 [8 9)
thread idx 4 steal from 5 [21 22)
thread idx 7 steal from 0 [16 17)
thread idx 4 steal from 5 [29 30)
thread idx 7 steal from 0 [24 25)
thread idx 7 steal from 0 [32 33)
thread idx 7 steal from 0 [40 41)
thread idx 4 steal from 5 [37 38)
thread idx 6 steal from 0 [48 49)
thread idx 2 steal from 3 [3 4)
thread idx 2 steal from 3 [11 12)
thread idx 2 steal from 3 [19 20)
thread idx 6 steal from 1 [1 2)
remainiTask Num is 29
thread idx 3 steal from 5 [53 54)
begin to add new task, new taskId 30, deps[ 29 thread idx 5 steal from 1 [17 18)
]
thread idx 5 steal from 1 [25 26)
thread idx 5 steal from 1 [33 34)
thread idx 5 steal from 1 [41 42)
thread idx 5 steal from 1 [49 50)
remainiTask Num is 30
thread idx 5 steal from 1 [57 58)
begin to add new task, new taskId 31, deps[ 30 ]
thread idx 7 steal from 0 [56 57)
remainiTask Num is 31
begin to add new task, new taskId 32, deps[ 31 ]
remainiTask Num is 32
thread idx 4 steal from 5 [45 46)
thread idx 2 steal from 3 [35 36)
thread idx 6 steal from 1 [9 10)
threadid 6 done 1 task, taskid 1, remainingTaksNum 31
thread idx 2, Get A workFromWaitingQueue, taskId64, num_total_tasks 0 deped_has_not_been_done_num 64
thread idx 6 steal from 7 [7 8)
thread idx 6 steal from 7 [15 16)
thread idx 6 steal from 7 [23 24)
thread idx 6 steal from 7 [31 32)
thread idx 6 steal from 7 [39 40)
thread idx 6 steal from 7 [47 48)
thread idx 6 steal from 7 [55 56)
thread idx 6 steal from 7 [63 64)
thread idx 6 steal from 0 [0 1)
thread idx 6 steal from 0 [8 9)
thread idx 6 steal from 0 [16 17)
thread idx 6 steal from 0 [24 25)
thread idx 6 steal from 0 [32 33)
thread idx 6 steal from 0 [40 41)
thread idx 6 steal from 0 [48 49)
thread idx 6 steal from 0 [56 57)
thread idx 6 steal from 1 [1 2)
thread idx 6 steal from 1 [9 10)
thread idx 6 steal from 1 [17 18)
thread idx 6 steal from 1 [25 26)
thread idx 6 steal from 1 [33 34)
thread idx 6 steal from 1 [41 42)
thread idx 6 steal from 1 [49 50)
thread idx 6 steal from 1 [57 58)
thread idx 6 steal from 2 [2 3)
thread idx 6 steal from 2 [10 11)
thread idx 6 steal from 2 [18 19)
thread idx 6 steal from 2 [26 27)
thread idx 6 steal from 2 [34 35)
thread idx 6 steal from 2 [42 43)
thread idx 3 steal from 5 [13 14)
thread idx 3 steal from 5 [21 22)
thread idx 3 steal from 5 [29 30)
thread idx 3 steal from 5 [37 38)
thread idx 3 steal from 5 [45 46)
thread idx 3 steal from 5 [53 54)
thread idx 3 steal from 5 [61 62)
thread idx 3 steal from 2 [50 51)
thread idx 3 steal from 2 [58 59)
thread idx 4 steal from 5 [5 6)
threadid 4 done 1 task, taskid 2, remainingTaksNum 30
begin to add new task, new taskId 33, deps[ 32 ]
remainiTask Num is 31
begin to add new task, new taskId 34, deps[ 33 ]
remainiTask Num is 32
begin to add new task, new taskId 35, deps[ 34 ]
remainiTask Num is 33
begin to add new task, new taskId 36, deps[ 35 ]
remainiTask Num is 34
begin to add new task, new taskId 37, deps[ 36 ]
remainiTask Num is 35
begin to add new task, new taskId 38, deps[ 37 ]
remainiTask Num is 36
begin to add new task, new taskId 39, deps[ 38 ]
remainiTask Num is 37
begin to add new task, new taskId 40, deps[ 39 ]
remainiTask Num is 38
begin to add new task, new taskId 41, deps[ 40 ]
remainiTask Num is 39
begin to add new task, new taskId 42, deps[ 41 ]
remainiTask Num is 40
begin to add new task, new taskId 43, deps[ 42 ]
remainiTask Num is 41
begin to add new task, new taskId 44, deps[ 43 ]
remainiTask Num is 42
begin to add new task, new taskId 45, deps[ 44 ]
remainiTask Num is 43
begin to add new task, new taskId 46, deps[ 45 ]
remainiTask Num is 44
begin to add new task, new taskId 47, deps[ 46 ]
remainiTask Num is 45
begin to add new task, new taskId 48, deps[ 47 ]
remainiTask Num is 46
begin to add new task, new taskId 49, deps[ 48 ]
remainiTask Num is 47
begin to add new task, new taskId 50, deps[ 49 ]
remainiTask Num is 48
begin to add new task, new taskId 51, deps[ 50 ]
remainiTask Num is 49
thread idx 3, Get A workFromWaitingQueue, taskId64, num_total_tasks 0 deped_has_not_been_done_num 64
thread idx 1 steal from 2 [2 3)
thread idx 1 steal from 2 [10 11)
thread idx 1 steal from 2 [18 19)
thread idx 1 steal from 2 [26 27)
thread idx 1 steal from 2 [34 35)
thread idx 1 steal from 2 [42 43)
thread idx 1 steal from 2 [50 51)
thread idx 1 steal from 2 [58 59)
thread idx 1 steal from 3 [3 4)
thread idx 1 steal from 3 [11 12)
thread idx 1 steal from 3 [19 20)
thread idx 1 steal from 3 [27 28)
thread idx 1 steal from 3 [35 36)
thread idx 1 steal from 3 [43 44)
thread idx 1 steal from 3 [51 52)
thread idx 1 steal from 3 [59 60)
thread idx 1 steal from 4 [4 5)
thread idx 1 steal from 4 [12 13)
thread idx 1 steal from 4 [20 21)
thread idx 1 steal from 4 [28 29)
thread idx 1 steal from 4 [36 37)
thread idx 1 steal from 4 [44 45)
thread idx 1 steal from 4 [52 53)
thread idx 1 steal from 4 [60 61)
thread idx 1 steal from 5 [5 6)
thread idx 1 steal from 5 [13 14)
thread idx 1 steal from 5 [21 22)
thread idx 1 steal from 5 [29 30)
thread idx 1 steal from 5 [37 38)
thread idx 1 steal from 5 [45 46)
thread idx 1 steal from 5 [53 54)
thread idx 1 steal from 5 [61 62)
thread idx 1 steal from 6 [6 7)
thread idx 1 steal from 6 [14 15)
thread idx 1 steal from 6 [22 23)
thread idx 1 steal from 6 [30 31)
thread idx 1 steal from 6 [38 39)
thread idx 1 steal from 6 [46 47)
thread idx 1 steal from 6 [54 55)
thread idx 1 steal from 6 [62 63)
thread idx 1 steal from 7 [7 8)
thread idx 1 steal from 7 [15 16)
thread idx 1 steal from 7 [23 24)
thread idx 1 steal from 7 [31 32)
thread idx 1 steal from 7 [39 40)
thread idx 1 steal from 7 [47 48)
thread idx 5 steal from 7 [55 56)
thread idx 5 steal from 0 [0 1)
thread idx 5 steal from 0 [8 9)
thread idx 1 steal from 7 [63 64)
thread idx 5 steal from 0 [16 17)
thread idx 5 steal from 0 [24 25)
thread idx 1 steal from 0 [32 33)
thread idx 5 steal from 0 [40 41)
thread idx 5 steal from 0 [48 49)
thread idx 1 steal from 0 [56 57)
threadid 1 done 1 task, taskid 3, remainingTaksNum 48
thread idx 4, Get A workFromWaitingQueue, taskId64, num_total_tasks 0 deped_has_not_been_done_num 64
thread idx 1 steal from 2 [2 3)
thread idx 1 steal from 2 [10 11)
thread idx 1 steal from 2 [18 19)
thread idx 1 steal from 2 [26 27)
thread idx 1 steal from 2 [34 35)
thread idx 1 steal from 2 [42 43)
thread idx 1 steal from 2 [50 51)
thread idx 1 steal from 2 [58 59)
thread idx 1 steal from 3 [3 4)
thread idx 1 steal from 3 [11 12)
thread idx 1 steal from 3 [19 20)
thread idx 1 steal from 3 [27 28)
thread idx 1 steal from 3 [35 36)
thread idx 0 steal from 3 [43 44)
thread idx 0 steal from 3 [59 60)
thread idx 0 steal from 4 [4 5)
thread idx 1 steal from 3 [51 52)
thread idx 0 steal from 4 [12 13)
thread idx 1 steal from 4 [20 21)
thread idx 0 steal from 4 [28 29)
thread idx 0 steal from 4 [36 37)
thread idx 1 steal from 4 [44 45)
thread idx 0 steal from 4 [52 53)
thread idx 1 steal from 4 [60 61)
thread idx 0 steal from 5 [5 6)
thread idx 1 steal from 5 [13 14)
thread idx 0 steal from 5 [21 22)
thread idx 1 steal from 5 [29 30)
thread idx 0 steal from 5 [37 38)
thread idx 1 steal from 5 [45 46)
thread idx 0 steal from 5 [53 54)
thread idx 1 steal from 5 [61 62)
thread idx 0 steal from 6 [6 7)
thread idx 1 steal from 6 [14 15)
thread idx 0 steal from 6 [22 23)
thread idx 1 steal from 6 [30 31)
thread idx 0 steal from 6 [38 39)
thread idx 1 steal from 6 [46 47)
thread idx 0 steal from 6 [54 55)
thread idx 1 steal from 6 [62 63)
thread idx 0 steal from 7 [7 8)
thread idx 1 steal from 7 [15 16)
thread idx 0 steal from 7 [23 24)
thread idx 1 steal from 7 [31 32)
thread idx 0 steal from 7 [39 40)
thread idx 1 steal from 7 [47 48)
thread idx 0 steal from 7 [55 56)
thread idx 1 steal from 7 [63 64)
threadid 1 done 1 task, taskid 4, remainingTaksNum 47
thread idx 5, Get A workFromWaitingQueue, taskId64, num_total_tasks 0 deped_has_not_been_done_num 64
thread idx 2 steal from 3 [3 4)
thread idx 0 steal from 1 [1 2)
thread idx 2 steal from 3 [11 12)
thread idx 0 steal from 1 [9 10)
thread idx 2 steal from 3 [19 20)
thread idx 0 steal from 1 [17 18)
thread idx 2 steal from 3 [35 36)
thread idx 0 steal from 1 [25 26)
thread idx 2 steal from 3 [51 52)
thread idx 0 steal from 1 [33 34)
thread idx 6 steal from 7 [7 8)
thread idx 0 steal from 1 [41 42)
thread idx 0 steal from 1 [49 50)
thread idx 3 steal from 4 [12 13)
thread idx 3 steal from 4 [20 21)
thread idx 3 steal from 4 [28 29)
thread idx 3 steal from 4 [36 37)
thread idx 3 steal from 4 [44 45)
thread idx 3 steal from 4 [52 53)
thread idx 3 steal from 4 [60 61)
thread idx 3 steal from 5 [5 6)
thread idx 3 steal from 5 [13 14)
thread idx 3 steal from 5 [21 22)
thread idx 0 steal from 1 [57 58)
thread idx 3 steal from 5 [29 30)
thread idx 0 steal from 5 [37 38)
thread idx 3 steal from 5 [45 46)
thread idx 3 steal from 5 [53 54)
thread idx 0 steal from 5 [61 62)
thread idx 3 steal from 7 [15 16)
thread idx 0 steal from 7 [23 24)
thread idx 3 steal from 7 [31 32)
thread idx 0 steal from 7 [39 40)
thread idx 3 steal from 7 [47 48)
thread idx 0 steal from 7 [55 56)
thread idx 3 steal from 7 [63 64)
thread idx 2 steal from 4 [4 5)
begin to add new task, new taskId 52, deps[ 51 ]
remainiTask Num is 48
begin to add new task, new taskId 53, deps[ 52 ]
thread idx 6, Get A workFromWaitingQueue, taskId64, num_total_tasks 0 deped_has_not_been_done_num 64
remainiTask Num is 49
begin to add new task, new taskId 54, deps[ 53 ]
thread idx 3 steal from 4 [4 5)
remainiTask Num is 50
thread idx 3 steal from 4 [12 13)
thread idx 3 steal from 4 [20 21)
thread idx 3 steal from 4 [28 29)
thread idx 3 steal from 4 [36 37)
thread idx 3 steal from 4 [44 45)
thread idx 3 steal from 4 [52 53)
thread idx 5 steal from 6 [6 7)
thread idx 5 steal from 6 [14 15)
thread idx 5 steal from 6 [22 23)
thread idx 5 steal from 6 [30 31)
thread idx 3 steal from 4 [60 61)
thread idx 5 steal from 6 [38 39)
thread idx 5 steal from 6 [46 47)
thread idx 2 steal from 6 [54 55)
thread idx 5 steal from 6 [62 63)
thread idx 2 steal from 7 [7 8)
thread idx 5 steal from 7 [15 16)
thread idx 2 steal from 7 [23 24)
thread idx 5 steal from 7 [31 32)
thread idx 2 steal from 7 [39 40)
thread idx 5 steal from 7 [47 48)
thread idx 2 steal from 7 [55 56)
thread idx 5 steal from 7 [63 64)
thread idx 5 steal from 0 [0 1)
thread idx 2 steal from 0 [8 9)
thread idx 5 steal from 0 [16 17)
thread idx 2 steal from 0 [24 25)
thread idx 5 steal from 0 [32 33)
thread idx 2 steal from 0 [40 41)
begin to add new task, new taskId 55, deps[ 54 ]
thread idx 1 steal from 0 [48 49)
remainiTask Num is 50
begin to add new task, new taskId 56, deps[ 55 ]
remainiTask Num is 51
begin to add new task, new taskId 57, deps[ 56 ]
remainiTask Num is 52
begin to add new task, new taskId 58, deps[ 57 ]
remainiTask Num is 53
begin to add new task, new taskId 59, deps[ 58 ]
remainiTask Num is 54
begin to add new task, new taskId 60, deps[ 59 ]
remainiTask Num is 55
begin to add new task, new taskId 61, deps[ 60 ]
remainiTask Num is 56
begin to add new task, new taskId 62, deps[ 61 ]
remainiTask Num is 57
begin to add new task, new taskId 63, deps[ 62 ]
remainiTask Num is 58
thread idx 3 steal from 0 [56 57)
threadid 3 done 1 task, taskid 6, remainingTaksNum 57
thread idx 7, Get A workFromWaitingQueue, taskId64, num_total_tasks 0 deped_has_not_been_done_num 64
threadid 6 done 1 task, taskid 5, remainingTaksNum 49
thread idx 4 steal from 5 [5 6)
thread idx 4 steal from 5 [13 14)
thread idx 6 steal from 7 [7 8)
thread idx 4 steal from 5 [21 22)
thread idx 6 steal from 7 [15 16)
thread idx 4 steal from 5 [29 30)
thread idx 1 steal from 2 [2 3)
thread idx 1 steal from 2 [10 11)
thread idx 1 steal from 2 [18 19)
thread idx 1 steal from 2 [26 27)
thread idx 1 steal from 2 [34 35)
thread idx 1 steal from 2 [42 43)
thread idx 1 steal from 2 [50 51)
thread idx 1 steal from 2 [58 59)
thread idx 1 steal from 3 [3 4)
thread idx 1 steal from 3 [11 12)
thread idx 5 steal from 7 [31 32)
thread idx 1 steal from 3 [19 20)
thread idx 1 steal from 3 [27 28)
begin to add new task, new taskId 64, deps[ 63 ]
thread idx 1 steal from 3 [35 36)
thread idx 1 steal from 3 [43 44)
remainiTask Num is 58
thread idx 1 steal from 3 [51 52)
begin to add new task, new taskId 65, deps[ 64 thread idx 5 steal from 7 [47 48)
thread idx 1 steal from 3 [59 60)
thread idx 4 steal from 7 [39 40)
thread idx 1 steal from 7 [55 56)
thread idx 4 steal from 7 [63 64)
thread idx 1 steal from 0 [0 1)
thread idx 1 steal from 0 [16 17)
thread idx 5 steal from 0 [24 25)
thread idx 1 steal from 0 [32 33)
]
thread idx 5 steal from 0 [40 41)
thread idx 1 steal from 0 [48 49)
thread idx 6 steal from 7 [23 24)
thread idx 5 steal from 0 [56 57)
thread idx 4 steal from 0 [8 9)
threadid 6 done 1 task, taskid 7, remainingTaksNum 58
remainiTask Num is 59
thread idx 2 steal from 0 [0 1)
thread idx 8, Get A workFromWaitingQueue, taskId64, num_total_tasks 0 deped_has_not_been_done_num 63
thread idx 2 steal from 3 [3 4)
thread idx 2 steal from 3 [11 12)
thread idx 2 steal from 3 [19 20)
thread idx 1 steal from 3 [27 28)
thread idx 2 steal from 3 [35 36)
thread idx 1 steal from 3 [43 44)
thread idx 2 steal from 3 [51 52)
thread idx 1 steal from 3 [59 60)
thread idx 2 steal from 4 [4 5)
thread idx 1 steal from 4 [12 13)
thread idx 2 steal from 4 [20 21)
thread idx 1 steal from 4 [28 29)
thread idx 2 steal from 4 [36 37)
thread idx 1 steal from 4 [44 45)
thread idx 2 steal from 4 [52 53)
thread idx 1 steal from 4 [60 61)
thread idx 2 steal from 5 [5 6)
thread idx 1 steal from 5 [13 14)
thread idx 2 steal from 5 [21 22)
thread idx 1 steal from 5 [29 30)
thread idx 2 steal from 5 [37 38)
thread idx 1 steal from 5 [45 46)
thread idx 2 steal from 5 [53 54)
thread idx 1 steal from 5 [61 62)
thread idx 2 steal from 6 [6 7)
thread idx 1 steal from 6 [22 23)
thread idx 2 steal from 6 [38 39)
thread idx 1 steal from 6 [54 55)
thread idx 2 steal from 6 [62 63)
thread idx 6 steal from 7 [7 8)
thread idx 3 steal from 7 [15 16)
thread idx 6 steal from 7 [39 40)
thread idx 6 steal from 7 [47 48)
thread idx 6 steal from 7 [55 56)
begin to add new task, new taskId 66, deps[ 65 thread idx 6 steal from 7 [63 64)
]
thread idx 5 steal from 0 [8 9)
thread idx 5 steal from 0 [16 17)
thread idx 5 steal from 0 [24 25)
thread idx 5 steal from 0 [32 33)
thread idx 5 steal from 0 [40 41)
thread idx 5 steal from 0 [48 49)
thread idx 5 steal from 0 [56 57)
remainiTask Num is 59
thread idx 1 steal from 7 [23 24)
thread idx 2 steal from 7 [31 32)
threadid 2 done 1 task, taskid 8, remainingTaksNum 58
thread idx 3 steal from 4 [4 5)
thread idx 6 steal from 7 [7 8)
thread idx 3 steal from 4 [12 13)
thread idx 6 steal from 7 [15 16)
thread idx 2 steal from 4 [20 21)
thread idx 6 steal from 7 [23 24)
thread idx 9, Get A workFromWaitingQueue, taskId64, num_total_tasks 0 deped_has_not_been_done_num 64
thread idx 2 steal from 4 [36 37)
thread idx 2 steal from 4 [44 45)
thread idx 2 steal from 4 [52 53)
thread idx 3 steal from 4 [28 29)
thread idx 6 steal from 7 [31 32)
thread idx 6 steal from 7 [39 40)
thread idx 6 steal from 7 [47 48)
thread idx 6 steal from 7 [55 56)
thread idx 6 steal from 7 [63 64)
thread idx 6 steal from 0 [0 1)
thread idx 6 steal from 0 [8 9)
thread idx 6 steal from 0 [16 17)
thread idx 3 steal from 5 [5 6)
thread idx 1 steal from 5 [13 14)
thread idx 1 steal from 5 [21 22)
thread idx 1 steal from 5 [29 30)
thread idx 1 steal from 5 [37 38)
thread idx 1 steal from 5 [45 46)
thread idx 1 steal from 5 [53 54)
thread idx 1 steal from 5 [61 62)
thread idx 1 steal from 0 [32 33)
thread idx 1 steal from 0 [40 41)
thread idx 1 steal from 0 [48 49)
thread idx 4 steal from 0 [56 57)
thread idx 2 steal from 4 [60 61)
thread idx 6 steal from 0 [24 25)
threadid 6 done 1 task, taskid 9, remainingTaksNum 57
thread idx 10, Get A workFromWaitingQueue, taskId64, num_total_tasks 0 deped_has_not_been_done_num 64
thread idx 3 steal from 4 [4 5)
thread idx 3 steal from 4 [12 13)
thread idx 3 steal from 4 [20 21)
thread idx 3 steal from 4 [28 29)
thread idx 3 steal from 4 [36 37)
thread idx 3 steal from 4 [44 45)
thread idx 3 steal from 4 [52 53)
thread idx 3 steal from 4 [60 61)
thread idx 1 steal from 2 [2 3)
thread idx 1 steal from 2 [10 11)
thread idx 1 steal from 2 [18 19)
thread idx 1 steal from 2 [26 27)
thread idx 1 steal from 2 [34 35)
thread idx 3 steal from 5 [5 6)
thread idx 3 steal from 5 [13 14)
thread idx 1 steal from 2 [42 43)
thread idx 2 steal from 5 [29 30)
thread idx 0 steal from 5 [45 46)
thread idx 0 steal from 5 [53 54)
thread idx 0 steal from 5 [61 62)
thread idx 2 steal from 6 [6 7)
thread idx 0 steal from 6 [14 15)
thread idx 0 steal from 6 [22 23)
thread idx 0 steal from 6 [30 31)
thread idx 0 steal from 6 [38 39)
thread idx 0 steal from 6 [46 47)
thread idx 0 steal from 6 [54 55)
thread idx 0 steal from 6 [62 63)
thread idx 0 steal from 7 [7 8)
thread idx 0 steal from 7 [15 16)
thread idx 0 steal from 7 [23 24)
thread idx 0 steal from 7 [31 32)
thread idx 0 steal from 7 [39 40)
thread idx 0 steal from 7 [47 48)
thread idx 0 steal from 7 [55 56)
thread idx 1 steal from 5 [37 38)
thread idx 0 steal from 7 [63 64)
thread idx 3 steal from 5 [21 22)
threadid 3 done 1 task, taskid 10, remainingTaksNum 56
thread idx 11, Get A workFromWaitingQueue, taskId64, num_total_tasks 0 deped_has_not_been_done_num 64
thread idx 1 steal from 2 [2 3)
thread idx 1 steal from 2 [10 11)
thread idx 1 steal from 2 [18 19)
thread idx 1 steal from 2 [26 27)
thread idx 1 steal from 2 [34 35)
thread idx 1 steal from 2 [42 43)
thread idx 1 steal from 2 [50 51)
thread idx 1 steal from 2 [58 59)
thread idx 1 steal from 3 [3 4)
begin to add new task, new taskId 67, deps[ 66 ]
thread idx 6 steal from 7 [7 8)
thread idx 6 steal from 7 [15 16)
thread idx 1 steal from 3 [11 12)
thread idx 6 steal from 7 [23 24)
thread idx 1 steal from 3 [19 20)
thread idx 6 steal from 7 [31 32)
thread idx 6 steal from 7 [39 40)
thread idx 1 steal from 3 [27 28)
thread idx 6 steal from 7 [47 48)
thread idx 1 steal from 3 [35 36)
thread idx 5 steal from 7 [55 56)
thread idx 5 steal from 0 [0 1)
thread idx 5 steal from 0 [8 9)
thread idx 5 steal from 0 [16 17)
thread idx 5 steal from 0 [24 25)
thread idx 6 steal from 7 [63 64)
thread idx 5 steal from 0 [32 33)
thread idx 5 steal from 0 [40 41)
thread idx 5 steal from 0 [48 49)
thread idx 5 steal from 0 [56 57)
thread idx 5 steal from 3 [51 52)
thread idx 5 steal from 3 [59 60)
thread idx 5 steal from 4 [4 5)
thread idx 5 steal from 4 [12 13)
thread idx 5 steal from 4 [20 21)
thread idx 5 steal from 4 [28 29)
thread idx 5 steal from 4 [36 37)
thread idx 2 steal from 4 [44 45)
thread idx 5 steal from 4 [52 53)
thread idx 2 steal from 4 [60 61)
remainiTask Num is 57
thread idx 1 steal from 3 [43 44)
threadid 1 done 1 task, taskid 11, remainingTaksNum 56
thread idx 12, Get A workFromWaitingQueue, taskId64, num_total_tasks 0 deped_has_not_been_done_num 64
thread idx 6 steal from 7 [7 8)
thread idx 6 steal from 7 [15 16)
thread idx 6 steal from 7 [23 24)
thread idx 6 steal from 7 [31 32)
thread idx 6 steal from 7 [39 40)
thread idx 6 steal from 7 [47 48)
thread idx 6 steal from 7 [55 56)
thread idx 6 steal from 7 [63 64)
thread idx 6 steal from 0 [40 41)
thread idx 6 steal from 1 [1 2)
thread idx 0 steal from 1 [9 10)
thread idx 6 steal from 1 [17 18)
thread idx 0 steal from 1 [25 26)
thread idx 6 steal from 1 [33 34)
thread idx 0 steal from 1 [41 42)
thread idx 6 steal from 1 [49 50)
thread idx 0 steal from 1 [57 58)
thread idx 0 steal from 2 [2 3)
thread idx 6 steal from 2 [10 11)
thread idx 0 steal from 2 [18 19)
thread idx 6 steal from 2 [26 27)
thread idx 0 steal from 2 [34 35)
thread idx 4 steal from 5 [5 6)
thread idx 4 steal from 5 [13 14)
thread idx 4 steal from 5 [21 22)
thread idx 0 steal from 2 [50 51)
thread idx 4 steal from 5 [29 30)
thread idx 6 steal from 2 [42 43)
thread idx 4 steal from 5 [37 38)
thread idx 4 steal from 5 [45 46)
thread idx 4 steal from 5 [53 54)
thread idx 4 steal from 5 [61 62)
thread idx 6 steal from 3 [3 4)
thread idx 4 steal from 3 [11 12)
thread idx 6 steal from 3 [19 20)
thread idx 4 steal from 3 [35 36)
thread idx 6 steal from 3 [51 52)
thread idx 0 steal from 2 [58 59)
threadid 0 done 1 task, taskid 12, remainingTaksNum 55
thread idx 13, Get A workFromWaitingQueue, taskId64, num_total_tasks 0 deped_has_not_been_done_num 64
thread idx 5 steal from 6 [6 7)
thread idx 5 steal from 6 [14 15)
thread idx 3 steal from 4 [28 29)
thread idx 7 steal from 0 [0 1)
thread idx 3 steal from 4 [52 53)
thread idx 4 steal from 6 [30 31)
thread idx 3 steal from 6 [38 39)
thread idx 4 steal from 6 [46 47)
thread idx 3 steal from 6 [54 55)
thread idx 7 steal from 0 [8 9)
thread idx 7 steal from 0 [16 17)
thread idx 3 steal from 0 [24 25)
thread idx 5 steal from 6 [22 23)
thread idx 7 steal from 0 [32 33)
thread idx 5 steal from 0 [40 41)
thread idx 1 steal from 2 [2 3)
thread idx 5 steal from 0 [56 57)
thread idx 3 steal from 2 [10 11)
thread idx 5 steal from 2 [18 19)
thread idx 3 steal from 2 [26 27)
thread idx 4 steal from 6 [62 63)
thread idx 3 steal from 2 [34 35)
thread idx 1 steal from 2 [42 43)
thread idx 7 steal from 0 [48 49)
thread idx 3 steal from 2 [58 59)
begin to add new task, new taskId 68, deps[ 67 ]
thread idx 4 steal from 2 [50 51)
remainiTask Num is 56
begin to add new task, new taskId 69, deps[ 68 ]
remainiTask Num is 57
begin to add new task, new taskId 70, deps[ 69 ]
remainiTask Num is 58
begin to add new task, new taskId 71, deps[ 70 ]
remainiTask Num is 59
begin to add new task, new taskId 72, deps[ 71 ]
remainiTask Num is 60
threadid 5 done 1 task, taskid 13, remainingTaksNum 59
thread idx 14, Get A workFromWaitingQueue, taskId64, num_total_tasks 0 deped_has_not_been_done_num 63
thread idx 1 steal from 2 [2 3)
thread idx 1 steal from 2 [10 11)
thread idx 1 steal from 2 [18 19)
thread idx 1 steal from 2 [26 27)
thread idx 1 steal from 2 [34 35)
thread idx 1 steal from 2 [42 43)
thread idx 1 steal from 2 [50 51)
thread idx 4 steal from 5 [5 6)
thread idx 1 steal from 2 [58 59)
thread idx 4 steal from 5 [13 14)
thread idx 1 steal from 3 [3 4)
thread idx 4 steal from 5 [21 22)
thread idx 1 steal from 3 [11 12)
thread idx 4 steal from 5 [29 30)
thread idx 1 steal from 3 [19 20)
thread idx 4 steal from 5 [37 38)
thread idx 1 steal from 3 [27 28)
thread idx 4 steal from 5 [45 46)
thread idx 1 steal from 3 [35 36)
thread idx 4 steal from 5 [53 54)
thread idx 1 steal from 3 [43 44)
thread idx 4 steal from 5 [61 62)
thread idx 1 steal from 3 [51 52)
thread idx 4 steal from 6 [6 7)
thread idx 1 steal from 3 [59 60)
thread idx 4 steal from 6 [14 15)
thread idx 1 steal from 6 [22 23)
thread idx 4 steal from 6 [30 31)
thread idx 1 steal from 6 [38 39)
thread idx 4 steal from 6 [46 47)
thread idx 3 steal from 6 [62 63)
thread idx 3 steal from 7 [7 8)
thread idx 3 steal from 7 [15 16)
thread idx 3 steal from 7 [23 24)
thread idx 3 steal from 7 [31 32)
thread idx 3 steal from 7 [39 40)
thread idx 3 steal from 7 [47 48)
thread idx 3 steal from 7 [55 56)
thread idx 3 steal from 7 [63 64)
begin to add new task, new taskId 73, deps[ thread idx 3 steal from 0 [0 1)
72 ]
thread idx 3 steal from 0 [8 9)
thread idx 3 steal from 0 [16 17)
thread idx 3 steal from 0 [24 25)
thread idx 4 steal from 0 [32 33)
thread idx 1 steal from 6 [54 55)
thread idx 1 steal from 0 [48 49)
thread idx 1 steal from 0 [56 57)
remainiTask Num is 60
thread idx 3 steal from 0 [40 41)
threadid 3 done 1 task, taskid 14, remainingTaksNum 59
thread idx 15, Get A workFromWaitingQueue, taskId64, num_total_tasks 0 deped_has_not_been_done_num 64
begin to add new task, new taskId 74, deps[ 73 ]
thread idx 7 steal from 0 [0 1)
thread idx 7 steal from 0 [8 9)
thread idx 7 steal from 0 [16 17)
thread idx 7 steal from 0 [24 25)
thread idx 7 steal from 0 [32 33)
thread idx 7 steal from 0 [40 41)
thread idx 7 steal from 0 [48 49)
thread idx 7 steal from 0 [56 57)
thread idx 7 steal from 1 [1 2)
thread idx 7 steal from 1 [9 10)
thread idx 7 steal from 1 [17 18)
thread idx 7 steal from 1 [25 26)
thread idx 7 steal from 1 [33 34)
thread idx 7 steal from 1 [41 42)
thread idx 2 steal from 3 [27 28)
thread idx 7 steal from 1 [49 50)
remainiTask Num is 60
thread idx 2 steal from 3 [59 60)
thread idx 3 steal from 4 [4 5)
thread idx 2 steal from 4 [12 13)
thread idx 2 steal from 4 [20 21)
thread idx 2 steal from 4 [28 29)
thread idx 2 steal from 4 [36 37)
thread idx 1 steal from 4 [44 45)
thread idx 3 steal from 4 [60 61)
begin to add new task, new taskId 75, deps[ 74 ]
thread idx 3 steal from 5 [5 6)
remainiTask Num is 61
thread idx 1 steal from 5 [13 14)
thread idx 3 steal from 5 [21 22)
begin to add new task, new taskId 76, deps[ thread idx 1 steal from 5 [29 30)
thread idx 3 steal from 5 [37 38)
thread idx 7 steal from 1 [57 58)
75 thread idx 3 steal from 5 [45 46)
thread idx 7 steal from 5 [53 54)
thread idx 7 steal from 5 [61 62)
thread idx 1 steal from 6 [6 7)
thread idx 7 steal from 6 [14 15)
thread idx 1 steal from 6 [22 23)
thread idx 7 steal from 6 [30 31)
thread idx 3 steal from 6 [46 47)
thread idx 7 steal from 6 [54 55)
thread idx 2 steal from 4 [52 53)
]
thread idx 7 steal from 6 [62 63)
remainiTask Num is 62
thread idx 1 steal from 6 [38 39)
begin to add new task, new taskId 77, deps[ 76 ]
threadid 1 done 1 task, taskid 15, remainingTaksNum 61
thread idx 1 steal from 0 [0 1)
thread idx 16, Get A workFromWaitingQueue, taskId64, num_total_tasks 0 deped_has_not_been_done_num 63
thread idx 1 steal from 2 [2 3)
thread idx 1 steal from 2 [10 11)
thread idx 1 steal from 2 [18 19)
thread idx 1 steal from 2 [26 27)
thread idx 1 steal from 2 [34 35)
thread idx 1 steal from 2 [42 43)
thread idx 1 steal from 2 [50 51)
thread idx 1 steal from 2 [58 59)
thread idx 1 steal from 3 [3 4)
thread idx 1 steal from 3 [11 12)
thread idx 1 steal from 3 [19 20)
thread idx 1 steal from 3 [27 28)
thread idx 1 steal from 3 [35 36)
thread idx 1 steal from 3 [43 44)
remainiTask Num is 62
thread idx 1 steal from 3 [51 52)
begin to add new task, new taskId 78, deps[ 77 thread idx 1 steal from 3 [59 60)
]
remainiTask Num is 63
thread idx 1 steal from 4 [4 5)
begin to add new task, new taskId 79, deps[ 78 ]
remainiTask Num is 64
begin to add new task, new taskId 80, deps[ 79 thread idx 1 steal from 4 [12 13)
]
thread idx 1 steal from 4 [20 21)
thread idx 1 steal from 4 [28 29)
thread idx 7 steal from 0 [8 9)
thread idx 7 steal from 0 [16 17)
thread idx 7 steal from 0 [24 25)
thread idx 7 steal from 0 [32 33)
thread idx 1 steal from 4 [36 37)
thread idx 7 steal from 0 [40 41)
thread idx 3 steal from 4 [44 45)
thread idx 1 steal from 4 [60 61)
thread idx 7 steal from 0 [48 49)
thread idx 3 steal from 5 [13 14)
thread idx 1 steal from 5 [21 22)
thread idx 3 steal from 5 [37 38)
thread idx 1 steal from 5 [45 46)
remainiTask Num is 65
thread idx 3 steal from 6 [6 7)
thread idx 1 steal from 6 [22 23)
thread idx 5 steal from 6 [14 15)
thread idx 4 steal from 5 [5 6)
thread idx 3 steal from 6 [30 31)
thread idx 7 steal from 0 [56 57)
threadid 7 done 1 task, taskid 16, remainingTaksNum 64
begin to add new task, new taskId 81, deps[ 80 ]
remainiTask Num is 65
begin to add new task, new taskId 82, deps[ 81 ]
remainiTask Num is 66
begin to add new task, new taskId 83, deps[ 82 ]
remainiTask Num is 67
begin to add new task, new taskId 84, deps[ 83 ]
remainiTask Num is 68
begin to add new task, new taskId 85, deps[ 84 ]
remainiTask Num is 69
begin to add new task, new taskId 86, deps[ 85 ]
remainiTask Num is 70
begin to add new task, new taskId 87, deps[ 86 ]
remainiTask Num is 71
begin to add new task, new taskId 88, deps[ 87 ]
remainiTask Num is 72
begin to add new task, new taskId 89, deps[ 88 ]
remainiTask Num is 73
begin to add new task, new taskId 90, deps[ 89 ]
remainiTask Num is 74
begin to add new task, new taskId 91, deps[ 90 ]
remainiTask Num is 75
begin to add new task, new taskId 92, deps[ 91 ]
remainiTask Num is 76
begin to add new task, new taskId 93, deps[ 92 ]
thread idx 17, Get A workFromWaitingQueue, taskId64, num_total_tasks 0 deped_has_not_been_done_num 64
remainiTask Num is 77
begin to add new task, new taskId 94, deps[ 93 ]
remainiTask Num is 78
begin to add new task, new taskId 95, deps[ 94 ]
remainiTask Num is 79
begin to add new task, new taskId 96, deps[ 95 ]
remainiTask Num is 80
begin to add new task, new taskId 97, deps[ 96 ]
remainiTask Num is 81
begin to add new task, new taskId 98, deps[ 97 ]
remainiTask Num is 82
begin to add new task, new taskId 99, deps[ 98 ]
remainiTask Num is 83
begin to add new task, new taskId 100, deps[ 99 ]
remainiTask Num is 84
thread idx 6 steal from 7 [7 8)
begin to add new task, new taskId 101, deps[ 100 thread idx 6 steal from 7 [15 16)
]
thread idx 6 steal from 7 [23 24)
remainiTask Num is 85
thread idx 6 steal from 7 [31 32)
begin to add new task, new taskId 102, deps[ thread idx 6 steal from 7 [39 40)
101 ]
thread idx 6 steal from 7 [47 48)
thread idx 6 steal from 7 [55 56)
thread idx 6 steal from 7 [63 64)
thread idx 6 steal from 0 [0 1)
thread idx 6 steal from 0 [8 9)
thread idx 6 steal from 0 [16 17)
thread idx 6 steal from 0 [24 25)
thread idx 6 steal from 0 [32 33)
thread idx 6 steal from 0 [40 41)
thread idx 6 steal from 0 [48 49)
thread idx 6 steal from 0 [56 57)
thread idx 6 steal from 1 [1 2)
thread idx 6 steal from 1 [9 10)
thread idx 6 steal from 1 [17 18)
thread idx 6 steal from 1 [25 26)
thread idx 6 steal from 1 [33 34)
thread idx 6 steal from 1 [41 42)
thread idx 6 steal from 1 [49 50)
thread idx 6 steal from 1 [57 58)
thread idx 6 steal from 2 [2 3)
thread idx 6 steal from 2 [10 11)
thread idx 6 steal from 2 [18 19)
thread idx 6 steal from 2 [26 27)
thread idx 6 steal from 2 [34 35)
thread idx 6 steal from 2 [42 43)
thread idx 6 steal from 2 [50 51)
thread idx 6 steal from 2 [58 59)
thread idx 6 steal from 3 [3 4)
thread idx 6 steal from 3 [11 12)
thread idx 6 steal from 3 [19 20)
remainiTask Num is 86
thread idx 6 steal from 3 [27 28)
begin to add new task, new taskId 103, deps[ 102 ]
thread idx 6 steal from 3 [35 36)
remainiTask Num is 87
thread idx 2 steal from 3 [43 44)
thread idx 2 steal from 3 [59 60)
thread idx 2 steal from 4 [4 5)
thread idx 2 steal from 4 [12 13)
thread idx 2 steal from 4 [20 21)
begin to add new task, new taskId 104, deps[ thread idx 2 steal from 4 [28 29)
thread idx 2 steal from 4 [36 37)
thread idx 2 steal from 4 [44 45)
thread idx 2 steal from 4 [52 53)
thread idx 2 steal from 4 [60 61)
thread idx 2 steal from 5 [5 6)
thread idx 2 steal from 5 [13 14)
thread idx 2 steal from 5 [21 22)
thread idx 2 steal from 5 [29 30)
thread idx 2 steal from 5 [37 38)
thread idx 2 steal from 5 [45 46)
thread idx 2 steal from 5 [53 54)
thread idx 2 steal from 5 [61 62)
103 ]
thread idx 6 steal from 3 [51 52)
threadid 6 done 1 task, taskid 17, remainingTaksNum 86
thread idx 18, Get A workFromWaitingQueue, taskId64, num_total_tasks 0 deped_has_not_been_done_num 64
thread idx 6 steal from 7 [7 8)
thread idx 6 steal from 7 [15 16)
thread idx 4 steal from 5 [5 6)
thread idx 4 steal from 5 [13 14)
thread idx 4 steal from 5 [21 22)
thread idx 4 steal from 5 [29 30)
thread idx 4 steal from 5 [37 38)
thread idx 4 steal from 5 [45 46)
thread idx 4 steal from 5 [53 54)
thread idx 6 steal from 7 [23 24)
thread idx 4 steal from 5 [61 62)
thread idx 6 steal from 7 [31 32)
thread idx 4 steal from 7 [39 40)
thread idx 6 steal from 7 [47 48)
thread idx 4 steal from 7 [55 56)
thread idx 6 steal from 7 [63 64)
thread idx 4 steal from 0 [0 1)
thread idx 6 steal from 0 [8 9)
thread idx 4 steal from 0 [16 17)
thread idx 6 steal from 0 [24 25)
thread idx 4 steal from 0 [32 33)
thread idx 6 steal from 0 [40 41)
thread idx 4 steal from 0 [48 49)
thread idx 6 steal from 0 [56 57)
thread idx 4 steal from 1 [1 2)
thread idx 6 steal from 1 [9 10)
thread idx 4 steal from 1 [17 18)
thread idx 6 steal from 1 [25 26)
thread idx 4 steal from 1 [33 34)
thread idx 6 steal from 1 [41 42)
remainiTask Num is 87
begin to add new task, new taskId 105, deps[ 104 ]
thread idx 4 steal from 1 [49 50)
thread idx 3 steal from 2 [2 3)
thread idx 3 steal from 2 [10 11)
thread idx 3 steal from 2 [18 19)
remainiTask Num is 88
thread idx 3 steal from 2 [26 27)
begin to add new task, new taskId 106, deps[ 105 ]
thread idx 3 steal from 2 [34 35)
remainiTask Num is 89
begin to add new task, new taskId 107, deps[ 106 ]
thread idx 3 steal from 2 [42 43)
remainiTask Num is 90
begin to add new task, new taskId 108, deps[ 107 ]
remainiTask Num is 91
thread idx 3 steal from 2 [50 51)
begin to add new task, new taskId 109, deps[ 108 ]
thread idx 3 steal from 2 [58 59)
remainiTask Num is 92
begin to add new task, new taskId 110, deps[ 109 ]
remainiTask Num is 93
thread idx 6 steal from 1 [57 58)
threadid 6 done 1 task, taskid 18, remainingTaksNum 92
thread idx 19, Get A workFromWaitingQueue, taskId64, num_total_tasks 0 deped_has_not_been_done_num 64
thread idx 0 steal from 1 [1 2)
thread idx 0 steal from 1 [9 10)
thread idx 0 steal from 1 [17 18)
thread idx 0 steal from 1 [25 26)
thread idx 0 steal from 1 [33 34)
thread idx 0 steal from 1 [41 42)
thread idx 4 steal from 5 [5 6)
thread idx 7 steal from 1 [57 58)
thread idx 7 steal from 2 [2 3)
thread idx 7 steal from 2 [10 11)
thread idx 7 steal from 2 [18 19)
thread idx 4 steal from 5 [13 14)
thread idx 7 steal from 2 [26 27)
thread idx 4 steal from 5 [21 22)
thread idx 7 steal from 2 [34 35)
thread idx 4 steal from 5 [29 30)
thread idx 7 steal from 2 [42 43)
thread idx 4 steal from 5 [37 38)
thread idx 7 steal from 2 [50 51)
thread idx 4 steal from 5 [45 46)
thread idx 7 steal from 2 [58 59)
thread idx 3 steal from 5 [53 54)
thread idx 4 steal from 5 [61 62)
thread idx 7 steal from 6 [6 7)
thread idx 3 steal from 6 [14 15)
thread idx 4 steal from 6 [30 31)
thread idx 3 steal from 6 [38 39)
thread idx 7 steal from 6 [46 47)
thread idx 1 steal from 6 [22 23)
thread idx 3 steal from 6 [62 63)
thread idx 0 steal from 1 [49 50)
thread idx 4 steal from 6 [54 55)
threadid 4 done 1 task, taskid 19, remainingTaksNum 91
thread idx 20, Get A workFromWaitingQueue, taskId64, num_total_tasks 0 deped_has_not_been_done_num 64
thread idx 0 steal from 1 [1 2)
thread idx 0 steal from 1 [9 10)
thread idx 0 steal from 1 [17 18)
thread idx 0 steal from 1 [25 26)
thread idx 0 steal from 1 [33 34)
thread idx 0 steal from 1 [41 42)
thread idx 0 steal from 1 [49 50)
thread idx 0 steal from 1 [57 58)
thread idx 0 steal from 2 [2 3)
thread idx 0 steal from 2 [10 11)
thread idx 0 steal from 2 [18 19)
begin to add new task, new taskId 111, deps[ thread idx 0 steal from 2 [26 27)
110 ]
thread idx 0 steal from 2 [34 35)
thread idx 0 steal from 2 [42 43)
thread idx 0 steal from 2 [50 51)
thread idx 0 steal from 2 [58 59)
thread idx 0 steal from 3 [3 4)
thread idx 0 steal from 3 [11 12)
thread idx 0 steal from 3 [19 20)
thread idx 0 steal from 3 [27 28)
thread idx 0 steal from 3 [35 36)
thread idx 0 steal from 3 [43 44)
thread idx 0 steal from 3 [51 52)
thread idx 0 steal from 3 [59 60)
thread idx 0 steal from 4 [4 5)
thread idx 0 steal from 4 [12 13)
thread idx 0 steal from 4 [20 21)
thread idx 0 steal from 4 [28 29)
thread idx 0 steal from 4 [36 37)
thread idx 0 steal from 4 [44 45)
thread idx 0 steal from 4 [52 53)
remainiTask Num is 92
thread idx 0 steal from 4 [60 61)
begin to add new task, new taskId 112, deps[ 111 ]
remainiTask Num is 93
thread idx 0 steal from 5 [5 6)
thread idx 0 steal from 5 [13 14)
thread idx 0 steal from 5 [21 22)
thread idx 0 steal from 5 [29 30)
thread idx 0 steal from 5 [37 38)
thread idx 0 steal from 5 [45 46)
thread idx 0 steal from 5 [53 54)
thread idx 0 steal from 5 [61 62)
begin to add new task, new taskId 113, deps[ 112 ]
thread idx 0 steal from 6 [6 7)
thread idx 0 steal from 6 [14 15)
thread idx 0 steal from 6 [22 23)
thread idx 0 steal from 6 [30 31)
thread idx 0 steal from 6 [38 39)
thread idx 0 steal from 6 [46 47)
thread idx 0 steal from 6 [54 55)
thread idx 0 steal from 6 [62 63)
thread idx 0 steal from 7 [7 8)
thread idx 0 steal from 7 [15 16)
thread idx 0 steal from 7 [23 24)
thread idx 0 steal from 7 [31 32)
thread idx 0 steal from 7 [39 40)
thread idx 0 steal from 7 [47 48)
thread idx 0 steal from 7 [55 56)
remainiTask Num is 94
thread idx 0 steal from 7 [63 64)
begin to add new task, new taskId 114, deps[ 113 ]
threadid 0 done 1 task, taskid 20, remainingTaksNum 93
remainiTask Num is 94
begin to add new task, new taskId 115, deps[ 114 ]
thread idx 21, Get A workFromWaitingQueue, taskId64, num_total_tasks 0 deped_has_not_been_done_num 64
remainiTask Num is 95
begin to add new task, new taskId 116, deps[ 115 ]
remainiTask Num is 96
begin to add new task, new taskId 117, deps[ 116 ]
remainiTask Num is 97
begin to add new task, new taskId 118, deps[ 117 ]
remainiTask Num is 98
begin to add new task, new taskId 119, deps[ 118 ]
remainiTask Num is 99
begin to add new task, new taskId 120, deps[ 119 ]
remainiTask Num is 100
begin to add new task, new taskId 121, deps[ 120 ]
remainiTask Num is 101
begin to add new task, new taskId 122, deps[ 121 ]
remainiTask Num is 102
begin to add new task, new taskId 123, deps[ 122 ]
remainiTask Num is 103
begin to add new task, new taskId 124, deps[ 123 ]
remainiTask Num is 104
begin to add new task, new taskId 125, deps[ 124 ]
remainiTask Num is 105
begin to add new task, new taskId 126, deps[ 125 ]
remainiTask Num is 106
begin to add new task, new taskId 127, deps[ 126 ]
remainiTask Num is 107
begin to add new task, new taskId 128, deps[ 127 ]
remainiTask Num is 108
begin to add new task, new taskId 129, deps[ 128 ]
remainiTask Num is 109
begin to add new task, new taskId 130, deps[ 129 ]
remainiTask Num is 110
begin to add new task, new taskId 131, deps[ 130 ]
remainiTask Num is 111
begin to add new task, new taskId 132, deps[ 131 ]
remainiTask Num is 112
begin to add new task, new taskId 133, deps[ 132 ]
remainiTask Num is 113
thread idx 1 steal from 2 [2 3)
thread idx 1 steal from 2 [10 11)
thread idx 1 steal from 2 [18 19)
thread idx 1 steal from 2 [26 27)
thread idx 1 steal from 2 [34 35)
thread idx 1 steal from 2 [42 43)
thread idx 1 steal from 2 [50 51)
thread idx 1 steal from 2 [58 59)
thread idx 1 steal from 3 [3 4)
thread idx 1 steal from 3 [11 12)
thread idx 1 steal from 3 [19 20)
thread idx 1 steal from 3 [27 28)
thread idx 1 steal from 3 [35 36)
thread idx 1 steal from 3 [43 44)
thread idx 2 steal from 3 [51 52)
thread idx 3 steal from 4 [20 21)
thread idx 3 steal from 4 [28 29)
thread idx 3 steal from 4 [36 37)
thread idx 3 steal from 4 [44 45)
thread idx 2 steal from 4 [52 53)
thread idx 3 steal from 4 [60 61)
thread idx 2 steal from 5 [5 6)
thread idx 3 steal from 5 [13 14)
thread idx 2 steal from 5 [21 22)
thread idx 3 steal from 5 [29 30)
thread idx 3 steal from 5 [37 38)
thread idx 6 steal from 7 [7 8)
thread idx 2 steal from 5 [45 46)
thread idx 3 steal from 5 [53 54)
thread idx 1 steal from 3 [59 60)
thread idx 2 steal from 5 [61 62)
thread idx 1 steal from 7 [31 32)
thread idx 2 steal from 7 [39 40)
thread idx 1 steal from 7 [63 64)
thread idx 2 steal from 0 [0 1)
thread idx 7 steal from 0 [8 9)
thread idx 3 steal from 0 [24 25)
thread idx 6 steal from 7 [15 16)
thread id